========================================================================
file update package   2026-09-11 00:15:01   LIVE
documentation root: C:\Users\david\dev\repos\DigitalBusiness-AIDE\Documentation
drop folder:        C:\Users\david\dev\repos\DigitalBusiness-AIDE\Documentation\_fileupdatepackages
package:            Standards_2026-09-10.zip  (2026-09-11 00:01, 5,701 bytes)
description:        Standards component — design and decisions documents from the design session
------------------------------------------------------------------------

[Standards]
  CREATED           Standards/Standards_Design_v1.md  (6,757 bytes)
  CREATED           Standards/Standards_Decisions_v1.md  (5,214 bytes)

[_fileupdatepackages]
  PROCESSED         Standards_2026-09-10.zip deleted

[.]
  BINDER            binder rebuild triggered

------------------------------------------------------------------------
Result: 2 created, 1 binder, 1 processed
========================================================================
COMPLETION SUMMARY
------------------------------------------------------------------------
  package:              Standards_2026-09-10.zip
                        Standards component — design and decisions documents from the design session
  files replaced:       0
  files created:        2
  files moved:          0
  files deleted:        0
  conflicts:            0
  errors:               0
  user instructions:    none in this package
  binder builder:       triggered
  the package is now:   deleted
  folder naming:        no misspelled folders found
------------------------------------------------------------------------
COMPLETED SUCCESSFULLY
========================================================================

========================================================================
file update package   2026-09-11 00:20:59   LIVE
documentation root: C:\Users\david\dev\repos\DigitalBusiness-AIDE\Documentation
drop folder:        C:\Users\david\dev\repos\DigitalBusiness-AIDE\Documentation\_fileupdatepackages
package:            StandardsAuthoring_2026-09-11.zip  (2026-09-11 00:20, 2,470 bytes)
description:        Standards authoring standard — first standard authored under its own rules
------------------------------------------------------------------------

[Standards]
  CREATED           Standards/Standards_Authoring_Standard_v1.md  (4,148 bytes)

[_fileupdatepackages]
  PROCESSED         StandardsAuthoring_2026-09-11.zip deleted

[.]
  BINDER            binder rebuild triggered

------------------------------------------------------------------------
Result: 1 created, 1 binder, 1 processed
========================================================================
COMPLETION SUMMARY
------------------------------------------------------------------------
  package:              StandardsAuthoring_2026-09-11.zip
                        Standards authoring standard — first standard authored under its own rules
  files replaced:       0
  files created:        1
  files moved:          0
  files deleted:        0
  conflicts:            0
  errors:               0
  user instructions:    none in this package
  binder builder:       triggered
  the package is now:   deleted
  folder naming:        no misspelled folders found
------------------------------------------------------------------------
COMPLETED SUCCESSFULLY
========================================================================

========================================================================
file update package   2026-09-11 00:28:47   LIVE
documentation root: C:\Users\david\dev\repos\DigitalBusiness-AIDE\Documentation
drop folder:        C:\Users\david\dev\repos\DigitalBusiness-AIDE\Documentation\_fileupdatepackages
package:            StandardsAuthoring_v2_2026-09-11.zip  (2026-09-11 00:28, 2,657 bytes)
description:        Standards authoring standard v2 — five corrections from cross-review
------------------------------------------------------------------------

[Standards]
  DELETED           Standards_Authoring_Standard_v1.md
  REPLACED          Standards/Standards_Authoring_Standard_v2.md  (4,606 bytes)

[_fileupdatepackages]
  PROCESSED         StandardsAuthoring_v2_2026-09-11.zip deleted

[.]
  BINDER            binder rebuild triggered

------------------------------------------------------------------------
Result: 1 replaced, 1 deleted, 1 binder, 1 processed
========================================================================
COMPLETION SUMMARY
------------------------------------------------------------------------
  package:              StandardsAuthoring_v2_2026-09-11.zip
                        Standards authoring standard v2 — five corrections from cross-review
  files replaced:       1
  files created:        0
  files moved:          0
  files deleted:        1
  conflicts:            0
  errors:               0
  user instructions:    none in this package
  binder builder:       triggered
  the package is now:   deleted
  folder naming:        no misspelled folders found
------------------------------------------------------------------------
COMPLETED SUCCESSFULLY
========================================================================

========================================================================
file update package   2026-09-11 00:39:08   LIVE
documentation root: C:\Users\david\dev\repos\DigitalBusiness-AIDE\Documentation
drop folder:        C:\Users\david\dev\repos\DigitalBusiness-AIDE\Documentation\_fileupdatepackages
package:            ProjectDesign_Standard_2026-09-11.zip  (2026-09-11 00:39, 5,995 bytes)
description:        Project Design standard v1 — authored from ProjectDesign_Design_Pending_v1 and ProjectDesign_StandardInputs_Pending_v1, following Standards_Authoring_Standard_v2
------------------------------------------------------------------------

[Project Design]
  CREATED           Project Design/ProjectDesign_Standard_v1.md  (13,561 bytes)

[_fileupdatepackages]
  PROCESSED         ProjectDesign_Standard_2026-09-11.zip deleted

[.]
  BINDER            binder rebuild triggered

------------------------------------------------------------------------
Result: 1 created, 1 binder, 1 processed
========================================================================
COMPLETION SUMMARY
------------------------------------------------------------------------
  package:              ProjectDesign_Standard_2026-09-11.zip
                        Project Design standard v1 — authored from ProjectDesign_Design_Pending_v1 and ProjectDesign_StandardInputs_Pending_v1, following Standards_Authoring_Standard_v2
  files replaced:       0
  files created:        1
  files moved:          0
  files deleted:        0
  conflicts:            0
  errors:               0
  user instructions:    none in this package
  binder builder:       triggered
  the package is now:   deleted
  folder naming:        no misspelled folders found
------------------------------------------------------------------------
COMPLETED SUCCESSFULLY
========================================================================

========================================================================
file update package   2026-09-11 08:17:54   LIVE
documentation root: C:\Users\david\dev\repos\DigitalBusiness-AIDE\Documentation
drop folder:        C:\Users\david\dev\repos\DigitalBusiness-AIDE\Documentation\_fileupdatepackages
package:            ProjectDesign_Masters_2026-09-11.zip  (2026-09-11 08:17, 22,240 bytes)
description:        Project Design complete masters — design, decisions, standard, and folder index. Design and decisions authored fresh from pending files. Standard authored in the prior session.
------------------------------------------------------------------------

[Project Design]
  CREATED           Project Design/ProjectDesign_Design_v1.md  (26,092 bytes)
  CREATED           Project Design/ProjectDesign_Decisions_v1.md  (13,700 bytes)
  CONFLICT          Project Design/ProjectDesign_Standard_v1.md: not deployed - a file already exists there and the package did not name it as replaced
  CREATED           Project Design/_index.md  (479 bytes)

[.]
  BINDER            binder rebuild triggered

------------------------------------------------------------------------
Result: 3 created, 1 conflict, 1 binder
========================================================================
COMPLETION SUMMARY
------------------------------------------------------------------------
  package:              ProjectDesign_Masters_2026-09-11.zip
                        Project Design complete masters — design, decisions, standard, and folder index. Design and decisions authored fresh from pending files. Standard authored in the prior session.
  files replaced:       0
  files created:        3
  files moved:          0
  files deleted:        0
  conflicts:            1
    - Project Design/ProjectDesign_Standard_v1.md: not deployed - a file already exists there and the package did not name it as replaced
  errors:               0
  user instructions:    none in this package
  binder builder:       triggered
  the package is now:   left in the drop folder - the deploy was not complete
  folder naming:        no misspelled folders found
------------------------------------------------------------------------
COMPLETED WITH ERRORS - the deploy is incomplete
========================================================================

========================================================================
file update package   2026-09-11 08:29:25   LIVE
documentation root: C:\Users\david\dev\repos\DigitalBusiness-AIDE\Documentation
drop folder:        C:\Users\david\dev\repos\DigitalBusiness-AIDE\Documentation\_fileupdatepackages
package:            ProjectDesign_Masters_2026-09-11.zip  (2026-09-11 08:17, 22,240 bytes)
description:        Project Design complete masters — design, decisions, standard, and folder index. Design and decisions authored fresh from pending files. Standard authored in the prior session.
------------------------------------------------------------------------

[Project Design]
  CONFLICT          Project Design/ProjectDesign_Design_v1.md: not deployed - a file already exists there and the package did not name it as replaced
  CONFLICT          Project Design/ProjectDesign_Decisions_v1.md: not deployed - a file already exists there and the package did not name it as replaced
  CONFLICT          Project Design/ProjectDesign_Standard_v1.md: not deployed - a file already exists there and the package did not name it as replaced
  CONFLICT          Project Design/_index.md: not deployed - a file already exists there and the package did not name it as replaced

------------------------------------------------------------------------
Result: 4 conflict
========================================================================
COMPLETION SUMMARY
------------------------------------------------------------------------
  package:              ProjectDesign_Masters_2026-09-11.zip
                        Project Design complete masters — design, decisions, standard, and folder index. Design and decisions authored fresh from pending files. Standard authored in the prior session.
  files replaced:       0
  files created:        0
  files moved:          0
  files deleted:        0
  conflicts:            4
    - Project Design/ProjectDesign_Design_v1.md: not deployed - a file already exists there and the package did not name it as replaced
    - Project Design/ProjectDesign_Decisions_v1.md: not deployed - a file already exists there and the package did not name it as replaced
    - Project Design/ProjectDesign_Standard_v1.md: not deployed - a file already exists there and the package did not name it as replaced
    - Project Design/_index.md: not deployed - a file already exists there and the package did not name it as replaced
  errors:               0
  user instructions:    none in this package
  binder builder:       not triggered - no files were deployed
  the package is now:   left in the drop folder - the deploy was not complete
  folder naming:        no misspelled folders found
------------------------------------------------------------------------
FAILED - nothing was deployed
========================================================================

========================================================================
file update package   2026-09-11 08:29:49   LIVE
documentation root: C:\Users\david\dev\repos\DigitalBusiness-AIDE\Documentation
drop folder:        C:\Users\david\dev\repos\DigitalBusiness-AIDE\Documentation\_fileupdatepackages
package:            Tools_2026-09-11.zip  (2026-09-11 08:28, 6,519 bytes)
------------------------------------------------------------------------

[Tools]
  CREATED           Tools/Tools_Design_v1.md  (7,810 bytes)
  CREATED           Tools/Tools_Decisions_v1.md  (7,161 bytes)

[_fileupdatepackages]
  PROCESSED         Tools_2026-09-11.zip deleted

[.]
  BINDER            binder rebuild triggered

------------------------------------------------------------------------
Result: 2 created, 1 binder, 1 processed
========================================================================
COMPLETION SUMMARY
------------------------------------------------------------------------
  package:              Tools_2026-09-11.zip
  files replaced:       0
  files created:        2
  files moved:          0
  files deleted:        0
  conflicts:            0
  errors:               0
  user instructions:    none in this package
  binder builder:       triggered
  the package is now:   deleted
  folder naming:        no misspelled folders found
------------------------------------------------------------------------
COMPLETED SUCCESSFULLY
========================================================================

========================================================================
file update package   2026-09-11 08:33:38   LIVE
documentation root: C:\Users\david\dev\repos\DigitalBusiness-AIDE\Documentation
drop folder:        C:\Users\david\dev\repos\DigitalBusiness-AIDE\Documentation\_fileupdatepackages
package:            ProjectDesign_Masters_2026-09-11.zip  (2026-09-11 08:33, 22,339 bytes)
description:        Project Design complete masters — design, decisions, standard, and folder index. Design and decisions authored fresh from pending files. Standard authored in the prior session.
------------------------------------------------------------------------

[Project Design]
  CONFLICT          Project Design/ProjectDesign_Design_v1.md: not deployed - a file already exists there and the package did not name it as replaced
  CONFLICT          Project Design/ProjectDesign_Decisions_v1.md: not deployed - a file already exists there and the package did not name it as replaced
  CONFLICT          Project Design/ProjectDesign_Standard_v1.md: not deployed - a file already exists there and the package did not name it as replaced
  CONFLICT          Project Design/_index.md: not deployed - a file already exists there and the package did not name it as replaced

------------------------------------------------------------------------
Result: 4 conflict
========================================================================
COMPLETION SUMMARY
------------------------------------------------------------------------
  package:              ProjectDesign_Masters_2026-09-11.zip
                        Project Design complete masters — design, decisions, standard, and folder index. Design and decisions authored fresh from pending files. Standard authored in the prior session.
  files replaced:       0
  files created:        0
  files moved:          0
  files deleted:        0
  conflicts:            4
    - Project Design/ProjectDesign_Design_v1.md: not deployed - a file already exists there and the package did not name it as replaced
    - Project Design/ProjectDesign_Decisions_v1.md: not deployed - a file already exists there and the package did not name it as replaced
    - Project Design/ProjectDesign_Standard_v1.md: not deployed - a file already exists there and the package did not name it as replaced
    - Project Design/_index.md: not deployed - a file already exists there and the package did not name it as replaced
  errors:               0
  user instructions:    none in this package
  binder builder:       not triggered - no files were deployed
  the package is now:   left in the drop folder - the deploy was not complete
  folder naming:        no misspelled folders found
------------------------------------------------------------------------
FAILED - nothing was deployed
========================================================================

========================================================================
file update package   2026-09-11 08:36:09   LIVE
documentation root: C:\Users\david\dev\repos\DigitalBusiness-AIDE\Documentation
drop folder:        C:\Users\david\dev\repos\DigitalBusiness-AIDE\Documentation\_fileupdatepackages
package:            ProjectDesign_Masters_2026-09-11.zip  (2026-09-11 08:36, 27,956 bytes)
------------------------------------------------------------------------

[_fileupdatepackages]
  INVALID           ProjectDesign_Masters_2026-09-11.zip: files entry 1 (Project Design/ProjectDesign_Design_v1.md): "replaces" is a filename, not a path - "Project Design/ProjectDesign_Design_v1.md" contains a folder separator
  INVALID           ProjectDesign_Masters_2026-09-11.zip: files entry 2 (Project Design/ProjectDesign_Decisions_v1.md): "replaces" is a filename, not a path - "Project Design/ProjectDesign_Decisions_v1.md" contains a folder separator
  INVALID           ProjectDesign_Masters_2026-09-11.zip: files entry 3 (Project Design/ProjectDesign_Standard_v2.md): "replaces" is a filename, not a path - "Project Design/ProjectDesign_Standard_v1.md" contains a folder separator
  INVALID           ProjectDesign_Masters_2026-09-11.zip: files entry 4 (Project Design/_index.md): "replaces" is a filename, not a path - "Project Design/_index.md" contains a folder separator

------------------------------------------------------------------------
Result: 4 invalid
========================================================================
COMPLETION SUMMARY
------------------------------------------------------------------------
  package:              ProjectDesign_Masters_2026-09-11.zip
  files replaced:       0
  files created:        0
  files moved:          0
  files deleted:        0
  conflicts:            0
  errors:               0
  package rejected:     nothing in it was deployed
    - ProjectDesign_Masters_2026-09-11.zip: files entry 1 (Project Design/ProjectDesign_Design_v1.md): "replaces" is a filename, not a path - "Project Design/ProjectDesign_Design_v1.md" contains a folder separator
    - ProjectDesign_Masters_2026-09-11.zip: files entry 2 (Project Design/ProjectDesign_Decisions_v1.md): "replaces" is a filename, not a path - "Project Design/ProjectDesign_Decisions_v1.md" contains a folder separator
    - ProjectDesign_Masters_2026-09-11.zip: files entry 3 (Project Design/ProjectDesign_Standard_v2.md): "replaces" is a filename, not a path - "Project Design/ProjectDesign_Standard_v1.md" contains a folder separator
    - ProjectDesign_Masters_2026-09-11.zip: files entry 4 (Project Design/_index.md): "replaces" is a filename, not a path - "Project Design/_index.md" contains a folder separator
  user instructions:    none in this package
  binder builder:       not triggered
  the package is now:   left in the drop folder
  folder naming:        no misspelled folders found
------------------------------------------------------------------------
FAILED - nothing was deployed
========================================================================

========================================================================
file update package   2026-09-11 08:36:26   LIVE
documentation root: C:\Users\david\dev\repos\DigitalBusiness-AIDE\Documentation
drop folder:        C:\Users\david\dev\repos\DigitalBusiness-AIDE\Documentation\_fileupdatepackages
package:            ProjectDesign_Masters_2026-09-11.zip  (2026-09-11 08:36, 27,956 bytes)
------------------------------------------------------------------------

[_fileupdatepackages]
  INVALID           ProjectDesign_Masters_2026-09-11.zip: files entry 1 (Project Design/ProjectDesign_Design_v1.md): "replaces" is a filename, not a path - "Project Design/ProjectDesign_Design_v1.md" contains a folder separator
  INVALID           ProjectDesign_Masters_2026-09-11.zip: files entry 2 (Project Design/ProjectDesign_Decisions_v1.md): "replaces" is a filename, not a path - "Project Design/ProjectDesign_Decisions_v1.md" contains a folder separator
  INVALID           ProjectDesign_Masters_2026-09-11.zip: files entry 3 (Project Design/ProjectDesign_Standard_v2.md): "replaces" is a filename, not a path - "Project Design/ProjectDesign_Standard_v1.md" contains a folder separator
  INVALID           ProjectDesign_Masters_2026-09-11.zip: files entry 4 (Project Design/_index.md): "replaces" is a filename, not a path - "Project Design/_index.md" contains a folder separator

------------------------------------------------------------------------
Result: 4 invalid
========================================================================
COMPLETION SUMMARY
------------------------------------------------------------------------
  package:              ProjectDesign_Masters_2026-09-11.zip
  files replaced:       0
  files created:        0
  files moved:          0
  files deleted:        0
  conflicts:            0
  errors:               0
  package rejected:     nothing in it was deployed
    - ProjectDesign_Masters_2026-09-11.zip: files entry 1 (Project Design/ProjectDesign_Design_v1.md): "replaces" is a filename, not a path - "Project Design/ProjectDesign_Design_v1.md" contains a folder separator
    - ProjectDesign_Masters_2026-09-11.zip: files entry 2 (Project Design/ProjectDesign_Decisions_v1.md): "replaces" is a filename, not a path - "Project Design/ProjectDesign_Decisions_v1.md" contains a folder separator
    - ProjectDesign_Masters_2026-09-11.zip: files entry 3 (Project Design/ProjectDesign_Standard_v2.md): "replaces" is a filename, not a path - "Project Design/ProjectDesign_Standard_v1.md" contains a folder separator
    - ProjectDesign_Masters_2026-09-11.zip: files entry 4 (Project Design/_index.md): "replaces" is a filename, not a path - "Project Design/_index.md" contains a folder separator
  user instructions:    none in this package
  binder builder:       not triggered
  the package is now:   left in the drop folder
  folder naming:        no misspelled folders found
------------------------------------------------------------------------
FAILED - nothing was deployed
========================================================================

========================================================================
file update package   2026-09-11 08:40:47   LIVE
documentation root: C:\Users\david\dev\repos\DigitalBusiness-AIDE\Documentation
drop folder:        C:\Users\david\dev\repos\DigitalBusiness-AIDE\Documentation\_fileupdatepackages
package:            ProjectDesign_Standard_v2_2026-09-11.zip  (2026-09-11 08:40, 6,413 bytes)
description:        Project Design standard v2 (proportionality test added from old binder review) and updated folder index.
------------------------------------------------------------------------

[Project Design]
  CREATED           Project Design/ProjectDesign_Standard_v2.md  (13,762 bytes)
  DELETED           _index.md
  REPLACED          Project Design/_index.md  (479 bytes)

[_fileupdatepackages]
  PROCESSED         ProjectDesign_Standard_v2_2026-09-11.zip deleted

[.]
  BINDER            binder rebuild triggered

------------------------------------------------------------------------
Result: 1 replaced, 1 created, 1 deleted, 1 binder, 1 processed
========================================================================
COMPLETION SUMMARY
------------------------------------------------------------------------
  package:              ProjectDesign_Standard_v2_2026-09-11.zip
                        Project Design standard v2 (proportionality test added from old binder review) and updated folder index.
  files replaced:       1
  files created:        1
  files moved:          0
  files deleted:        1
  conflicts:            0
  errors:               0
  user instructions:    none in this package
  binder builder:       triggered
  the package is now:   deleted
  folder naming:        no misspelled folders found
------------------------------------------------------------------------
COMPLETED SUCCESSFULLY
========================================================================

========================================================================
file update package   2026-09-11 08:41:27   LIVE
documentation root: C:\Users\david\dev\repos\DigitalBusiness-AIDE\Documentation
drop folder:        C:\Users\david\dev\repos\DigitalBusiness-AIDE\Documentation\_fileupdatepackages
package:            Tools_Standard_2026-09-11.zip  (2026-09-11 08:41, 2,887 bytes)
------------------------------------------------------------------------

[Tools]
  CREATED           Tools/Tools_Authoring_Standard_v1.md  (6,136 bytes)

[_fileupdatepackages]
  PROCESSED         Tools_Standard_2026-09-11.zip deleted

[.]
  BINDER            binder rebuild triggered

------------------------------------------------------------------------
Result: 1 created, 1 binder, 1 processed
========================================================================
COMPLETION SUMMARY
------------------------------------------------------------------------
  package:              Tools_Standard_2026-09-11.zip
  files replaced:       0
  files created:        1
  files moved:          0
  files deleted:        0
  conflicts:            0
  errors:               0
  user instructions:    none in this package
  binder builder:       triggered
  the package is now:   deleted
  folder naming:        no misspelled folders found
------------------------------------------------------------------------
COMPLETED SUCCESSFULLY
========================================================================

========================================================================
file update package   2026-09-11 08:43:43   LIVE
documentation root: C:\Users\david\dev\repos\DigitalBusiness-AIDE\Documentation
drop folder:        C:\Users\david\dev\repos\DigitalBusiness-AIDE\Documentation\_fileupdatepackages
package:            ProjectDesign_Standard_v2_2026-09-11.zip  (2026-09-11 08:43, 6,413 bytes)
description:        Project Design standard v2 (proportionality test added from old binder review) and updated folder index.
------------------------------------------------------------------------

[Project Design]
  CONFLICT          Project Design/ProjectDesign_Standard_v2.md: not deployed - a file already exists there and the package did not name it as replaced
  DELETED           _index.md
  REPLACED          Project Design/_index.md  (479 bytes)

[.]
  BINDER            binder rebuild triggered

------------------------------------------------------------------------
Result: 1 replaced, 1 deleted, 1 conflict, 1 binder
========================================================================
COMPLETION SUMMARY
------------------------------------------------------------------------
  package:              ProjectDesign_Standard_v2_2026-09-11.zip
                        Project Design standard v2 (proportionality test added from old binder review) and updated folder index.
  files replaced:       1
  files created:        0
  files moved:          0
  files deleted:        1
  conflicts:            1
    - Project Design/ProjectDesign_Standard_v2.md: not deployed - a file already exists there and the package did not name it as replaced
  errors:               0
  user instructions:    none in this package
  binder builder:       triggered
  the package is now:   left in the drop folder - the deploy was not complete
  folder naming:        no misspelled folders found
------------------------------------------------------------------------
COMPLETED WITH ERRORS - the deploy is incomplete
========================================================================

========================================================================
file update package   2026-09-11 09:42:54   LIVE
documentation root: C:\Users\david\dev\repos\DigitalBusiness-AIDE\Documentation
drop folder:        C:\Users\david\dev\repos\DigitalBusiness-AIDE\Documentation\_fileupdatepackages
package:            Standards_v2v3_2026-09-11.zip  (2026-09-11 09:42, 11,929 bytes)
description:        Standards component — v2 design, v2 decisions, v3 authoring standard from legacy binder review
------------------------------------------------------------------------

[Standards]
  DELETED           Standards_Design_v1.md
  REPLACED          Standards/Standards_Design_v2.md  (10,681 bytes)
  DELETED           Standards_Decisions_v1.md
  REPLACED          Standards/Standards_Decisions_v2.md  (10,155 bytes)
  DELETED           Standards_Authoring_Standard_v2.md
  REPLACED          Standards/Standards_Authoring_Standard_v3.md  (7,139 bytes)

[_fileupdatepackages]
  PROCESSED         Standards_v2v3_2026-09-11.zip deleted

[.]
  BINDER            binder rebuild triggered

------------------------------------------------------------------------
Result: 3 replaced, 3 deleted, 1 binder, 1 processed
========================================================================
COMPLETION SUMMARY
------------------------------------------------------------------------
  package:              Standards_v2v3_2026-09-11.zip
                        Standards component — v2 design, v2 decisions, v3 authoring standard from legacy binder review
  files replaced:       3
  files created:        0
  files moved:          0
  files deleted:        3
  conflicts:            0
  errors:               0
  user instructions:    none in this package
  binder builder:       triggered
  the package is now:   deleted
  folder naming:        no misspelled folders found
------------------------------------------------------------------------
COMPLETED SUCCESSFULLY
========================================================================

========================================================================
file update package   2026-09-11 09:45:44   LIVE
documentation root: C:\Users\david\dev\repos\DigitalBusiness-AIDE\Documentation
drop folder:        C:\Users\david\dev\repos\DigitalBusiness-AIDE\Documentation\_fileupdatepackages
package:            Standards_v2v3_2026-09-11.zip  (2026-09-11 09:45, 13,213 bytes)
description:        Standards component — v2 design, v2 decisions, v3 authoring standard, v1 consumption standard
------------------------------------------------------------------------

[Standards]
  SKIPPED           Standards/Standards_Design_v2.md: nothing replaced - "Standards_Design_v1.md" is not in the documentation tree
  CONFLICT          Standards/Standards_Design_v2.md: not deployed - a file already exists there and the package did not name it as replaced
  SKIPPED           Standards/Standards_Decisions_v2.md: nothing replaced - "Standards_Decisions_v1.md" is not in the documentation tree
  CONFLICT          Standards/Standards_Decisions_v2.md: not deployed - a file already exists there and the package did not name it as replaced
  SKIPPED           Standards/Standards_Authoring_Standard_v3.md: nothing replaced - "Standards_Authoring_Standard_v2.md" is not in the documentation tree
  CONFLICT          Standards/Standards_Authoring_Standard_v3.md: not deployed - a file already exists there and the package did not name it as replaced
  CREATED           Standards/Standards_Consumption_Standard_v1.md  (2,355 bytes)

[.]
  BINDER            binder rebuild triggered

------------------------------------------------------------------------
Result: 1 created, 3 conflict, 3 skipped, 1 binder
========================================================================
COMPLETION SUMMARY
------------------------------------------------------------------------
  package:              Standards_v2v3_2026-09-11.zip
                        Standards component — v2 design, v2 decisions, v3 authoring standard, v1 consumption standard
  files replaced:       0
  files created:        1
  files moved:          0
  files deleted:        0
  conflicts:            3
    - Standards/Standards_Design_v2.md: not deployed - a file already exists there and the package did not name it as replaced
    - Standards/Standards_Decisions_v2.md: not deployed - a file already exists there and the package did not name it as replaced
    - Standards/Standards_Authoring_Standard_v3.md: not deployed - a file already exists there and the package did not name it as replaced
  errors:               0
  user instructions:    none in this package
  binder builder:       triggered
  the package is now:   left in the drop folder - the deploy was not complete
  folder naming:        no misspelled folders found
------------------------------------------------------------------------
COMPLETED WITH ERRORS - the deploy is incomplete
========================================================================

========================================================================
file update package   2026-09-11 09:59:29   LIVE
documentation root: C:\Users\david\dev\repos\DigitalBusiness-AIDE\Documentation
drop folder:        C:\Users\david\dev\repos\DigitalBusiness-AIDE\Documentation\_fileupdatepackages
package:            Tools_v2_2026-09-11.zip  (2026-09-11 09:59, 7,294 bytes)
------------------------------------------------------------------------

[_fileupdatepackages]
  INVALID           Tools_v2_2026-09-11.zip: files entry 1 (Tools/Tools_Authoring_Standard_v2.md): "replaces" is only meaningful on a replace
  INVALID           Tools_v2_2026-09-11.zip: files entry 2 (Tools/Tools_Decisions_v2.md): "replaces" is only meaningful on a replace

------------------------------------------------------------------------
Result: 2 invalid
========================================================================
COMPLETION SUMMARY
------------------------------------------------------------------------
  package:              Tools_v2_2026-09-11.zip
  files replaced:       0
  files created:        0
  files moved:          0
  files deleted:        0
  conflicts:            0
  errors:               0
  package rejected:     nothing in it was deployed
    - Tools_v2_2026-09-11.zip: files entry 1 (Tools/Tools_Authoring_Standard_v2.md): "replaces" is only meaningful on a replace
    - Tools_v2_2026-09-11.zip: files entry 2 (Tools/Tools_Decisions_v2.md): "replaces" is only meaningful on a replace
  user instructions:    none in this package
  binder builder:       not triggered
  the package is now:   left in the drop folder
  folder naming:        no misspelled folders found
------------------------------------------------------------------------
FAILED - nothing was deployed
========================================================================

========================================================================
file update package   2026-09-11 10:01:04   LIVE
documentation root: C:\Users\david\dev\repos\DigitalBusiness-AIDE\Documentation
drop folder:        C:\Users\david\dev\repos\DigitalBusiness-AIDE\Documentation\_fileupdatepackages
package:            Tools_v2_2026-09-11.zip  (2026-09-11 10:00, 7,295 bytes)
------------------------------------------------------------------------

[_fileupdatepackages]
  INVALID           Tools_v2_2026-09-11.zip: files entry 1 (Tools/Tools_Authoring_Standard_v2.md): "replaces" is a filename, not a path - "Tools/Tools_Authoring_Standard_v1.md" contains a folder separator
  INVALID           Tools_v2_2026-09-11.zip: files entry 2 (Tools/Tools_Decisions_v2.md): "replaces" is a filename, not a path - "Tools/Tools_Decisions_v1.md" contains a folder separator

------------------------------------------------------------------------
Result: 2 invalid
========================================================================
COMPLETION SUMMARY
------------------------------------------------------------------------
  package:              Tools_v2_2026-09-11.zip
  files replaced:       0
  files created:        0
  files moved:          0
  files deleted:        0
  conflicts:            0
  errors:               0
  package rejected:     nothing in it was deployed
    - Tools_v2_2026-09-11.zip: files entry 1 (Tools/Tools_Authoring_Standard_v2.md): "replaces" is a filename, not a path - "Tools/Tools_Authoring_Standard_v1.md" contains a folder separator
    - Tools_v2_2026-09-11.zip: files entry 2 (Tools/Tools_Decisions_v2.md): "replaces" is a filename, not a path - "Tools/Tools_Decisions_v1.md" contains a folder separator
  user instructions:    none in this package
  binder builder:       not triggered
  the package is now:   left in the drop folder
  folder naming:        no misspelled folders found
------------------------------------------------------------------------
FAILED - nothing was deployed
========================================================================

========================================================================
file update package   2026-09-11 10:01:28   LIVE
documentation root: C:\Users\david\dev\repos\DigitalBusiness-AIDE\Documentation
drop folder:        C:\Users\david\dev\repos\DigitalBusiness-AIDE\Documentation\_fileupdatepackages
package:            Tools_v2_2026-09-11.zip  (2026-09-11 10:01, 7,295 bytes)
------------------------------------------------------------------------

[_fileupdatepackages]
  INVALID           Tools_v2_2026-09-11.zip: files entry 1 (Tools/Tools_Authoring_Standard_v2.md): "replaces" is a filename, not a path - "Tools/Tools_Authoring_Standard_v1.md" contains a folder separator
  INVALID           Tools_v2_2026-09-11.zip: files entry 2 (Tools/Tools_Decisions_v2.md): "replaces" is a filename, not a path - "Tools/Tools_Decisions_v1.md" contains a folder separator

------------------------------------------------------------------------
Result: 2 invalid
========================================================================
COMPLETION SUMMARY
------------------------------------------------------------------------
  package:              Tools_v2_2026-09-11.zip
  files replaced:       0
  files created:        0
  files moved:          0
  files deleted:        0
  conflicts:            0
  errors:               0
  package rejected:     nothing in it was deployed
    - Tools_v2_2026-09-11.zip: files entry 1 (Tools/Tools_Authoring_Standard_v2.md): "replaces" is a filename, not a path - "Tools/Tools_Authoring_Standard_v1.md" contains a folder separator
    - Tools_v2_2026-09-11.zip: files entry 2 (Tools/Tools_Decisions_v2.md): "replaces" is a filename, not a path - "Tools/Tools_Decisions_v1.md" contains a folder separator
  user instructions:    none in this package
  binder builder:       not triggered
  the package is now:   left in the drop folder
  folder naming:        no misspelled folders found
------------------------------------------------------------------------
FAILED - nothing was deployed
========================================================================

========================================================================
file update package   2026-09-11 10:02:21   LIVE
documentation root: C:\Users\david\dev\repos\DigitalBusiness-AIDE\Documentation
drop folder:        C:\Users\david\dev\repos\DigitalBusiness-AIDE\Documentation\_fileupdatepackages
package:            Tools_v2_2026-09-11.zip  (2026-09-11 10:02, 7,207 bytes)
------------------------------------------------------------------------

[Tools]
  DELETED           Tools_Authoring_Standard_v1.md
  REPLACED          Tools/Tools_Authoring_Standard_v2.md  (7,395 bytes)
  DELETED           Tools_Decisions_v1.md
  REPLACED          Tools/Tools_Decisions_v2.md  (9,143 bytes)

[_fileupdatepackages]
  PROCESSED         Tools_v2_2026-09-11.zip deleted

[.]
  BINDER            binder rebuild triggered

------------------------------------------------------------------------
Result: 2 replaced, 2 deleted, 1 binder, 1 processed
========================================================================
COMPLETION SUMMARY
------------------------------------------------------------------------
  package:              Tools_v2_2026-09-11.zip
  files replaced:       2
  files created:        0
  files moved:          0
  files deleted:        2
  conflicts:            0
  errors:               0
  user instructions:    none in this package
  binder builder:       triggered
  the package is now:   deleted
  folder naming:        no misspelled folders found
------------------------------------------------------------------------
COMPLETED SUCCESSFULLY
========================================================================

========================================================================
file update package   2026-09-11 10:05:45   LIVE
documentation root: C:\Users\david\dev\repos\DigitalBusiness-AIDE\Documentation
drop folder:        C:\Users\david\dev\repos\DigitalBusiness-AIDE\Documentation\_fileupdatepackages
package:            Standards_CrossReview_2026-09-11.zip  (2026-09-11 10:05, 4,848 bytes)
description:        Standards — cross-review corrections: authoring standard v4, consumption standard v2
------------------------------------------------------------------------

[Standards]
  DELETED           Standards_Authoring_Standard_v3.md
  REPLACED          Standards/Standards_Authoring_Standard_v4.md  (6,870 bytes)
  DELETED           Standards_Consumption_Standard_v1.md
  REPLACED          Standards/Standards_Consumption_Standard_v2.md  (2,654 bytes)

[_fileupdatepackages]
  PROCESSED         Standards_CrossReview_2026-09-11.zip deleted

[.]
  BINDER            binder rebuild triggered

------------------------------------------------------------------------
Result: 2 replaced, 2 deleted, 1 binder, 1 processed
========================================================================
COMPLETION SUMMARY
------------------------------------------------------------------------
  package:              Standards_CrossReview_2026-09-11.zip
                        Standards — cross-review corrections: authoring standard v4, consumption standard v2
  files replaced:       2
  files created:        0
  files moved:          0
  files deleted:        2
  conflicts:            0
  errors:               0
  user instructions:    none in this package
  binder builder:       triggered
  the package is now:   deleted
  folder naming:        no misspelled folders found
------------------------------------------------------------------------
COMPLETED SUCCESSFULLY
========================================================================

========================================================================
file update package   2026-09-11 10:18:52   LIVE
documentation root: C:\Users\david\dev\repos\DigitalBusiness-AIDE\Documentation
drop folder:        C:\Users\david\dev\repos\DigitalBusiness-AIDE\Documentation\_fileupdatepackages
package:            Tools_v3_2026-09-11.zip  (2026-09-11 10:18, 12,005 bytes)
------------------------------------------------------------------------

[Tools]
  DELETED           Tools_Design_v1.md
  REPLACED          Tools/Tools_Design_v2.md  (9,823 bytes)
  DELETED           Tools_Authoring_Standard_v2.md
  REPLACED          Tools/Tools_Authoring_Standard_v3.md  (8,004 bytes)
  DELETED           Tools_Decisions_v2.md
  REPLACED          Tools/Tools_Decisions_v3.md  (10,889 bytes)

[_fileupdatepackages]
  PROCESSED         Tools_v3_2026-09-11.zip deleted

[.]
  BINDER            binder rebuild triggered

------------------------------------------------------------------------
Result: 3 replaced, 3 deleted, 1 binder, 1 processed
========================================================================
COMPLETION SUMMARY
------------------------------------------------------------------------
  package:              Tools_v3_2026-09-11.zip
  files replaced:       3
  files created:        0
  files moved:          0
  files deleted:        3
  conflicts:            0
  errors:               0
  user instructions:    none in this package
  binder builder:       triggered
  the package is now:   deleted
  folder naming:        no misspelled folders found
------------------------------------------------------------------------
COMPLETED SUCCESSFULLY
========================================================================

========================================================================
file update package   2026-09-11 10:30:04   LIVE
documentation root: C:\Users\david\dev\repos\DigitalBusiness-AIDE\Documentation
drop folder:        C:\Users\david\dev\repos\DigitalBusiness-AIDE\Documentation\_fileupdatepackages
package:            Tools_v4_2026-09-11.zip  (2026-09-11 10:29, 12,488 bytes)
------------------------------------------------------------------------

[Tools]
  DELETED           Tools_Design_v2.md
  REPLACED          Tools/Tools_Design_v3.md  (10,217 bytes)
  DELETED           Tools_Authoring_Standard_v3.md
  REPLACED          Tools/Tools_Authoring_Standard_v4.md  (8,005 bytes)
  DELETED           Tools_Decisions_v3.md
  REPLACED          Tools/Tools_Decisions_v4.md  (12,005 bytes)

[_fileupdatepackages]
  PROCESSED         Tools_v4_2026-09-11.zip deleted

[.]
  BINDER            binder rebuild triggered

------------------------------------------------------------------------
Result: 3 replaced, 3 deleted, 1 binder, 1 processed
========================================================================
COMPLETION SUMMARY
------------------------------------------------------------------------
  package:              Tools_v4_2026-09-11.zip
  files replaced:       3
  files created:        0
  files moved:          0
  files deleted:        3
  conflicts:            0
  errors:               0
  user instructions:    none in this package
  binder builder:       triggered
  the package is now:   deleted
  folder naming:        no misspelled folders found
------------------------------------------------------------------------
COMPLETED SUCCESSFULLY
========================================================================

========================================================================
file update package   2026-09-11 10:35:33   LIVE
documentation root: C:\Users\david\dev\repos\DigitalBusiness-AIDE\Documentation
drop folder:        C:\Users\david\dev\repos\DigitalBusiness-AIDE\Documentation\_fileupdatepackages
package:            Tools_Final_2026-09-11.zip  (2026-09-11 10:35, 3,820 bytes)
------------------------------------------------------------------------

[Tools]
  CREATED           Tools/_index.md  (855 bytes)

[Standards]
  DELETED           Standards_Authoring_Standard_v4.md
  REPLACED          Standards/Standards_Authoring_Standard_v5.md  (7,075 bytes)

[_fileupdatepackages]
  PROCESSED         Tools_Final_2026-09-11.zip deleted

[.]
  BINDER            binder rebuild triggered

------------------------------------------------------------------------
Result: 1 replaced, 1 created, 1 deleted, 1 binder, 1 processed
========================================================================
COMPLETION SUMMARY
------------------------------------------------------------------------
  package:              Tools_Final_2026-09-11.zip
  files replaced:       1
  files created:        1
  files moved:          0
  files deleted:        1
  conflicts:            0
  errors:               0
  user instructions:    none in this package
  binder builder:       triggered
  the package is now:   deleted
  folder naming:        no misspelled folders found
------------------------------------------------------------------------
COMPLETED SUCCESSFULLY
========================================================================

========================================================================
file update package   2026-09-11 11:06:11   LIVE
documentation root: C:\Users\david\dev\repos\DigitalBusiness-AIDE\Documentation
drop folder:        C:\Users\david\dev\repos\DigitalBusiness-AIDE\Documentation\_fileupdatepackages
package:            DocMeth_DesignPass_2026-09-11.zip  (2026-09-11 11:06, 12,119 bytes)
------------------------------------------------------------------------

[_fileupdatepackages]
  INVALID           DocMeth_DesignPass_2026-09-11.zip: files entry 1 (Documentation Methodology/DocMeth_Design_v2.md): "replaces" is a filename, not a path - "Documentation Methodology/DocMeth_Design_v1.md" contains a folder separator
  INVALID           DocMeth_DesignPass_2026-09-11.zip: files entry 2 (Documentation Methodology/DocMeth_Decisions_v2.md): "replaces" is a filename, not a path - "Documentation Methodology/DocMeth_Decisions_v1.md" contains a folder separator
  INVALID           DocMeth_DesignPass_2026-09-11.zip: files entry 3 (Documentation Methodology/DocMeth_Working_v2.md): "replaces" is a filename, not a path - "Documentation Methodology/DocMeth_Working_v1.md" contains a folder separator

------------------------------------------------------------------------
Result: 3 invalid
========================================================================
COMPLETION SUMMARY
------------------------------------------------------------------------
  package:              DocMeth_DesignPass_2026-09-11.zip
  files replaced:       0
  files created:        0
  files moved:          0
  files deleted:        0
  conflicts:            0
  errors:               0
  package rejected:     nothing in it was deployed
    - DocMeth_DesignPass_2026-09-11.zip: files entry 1 (Documentation Methodology/DocMeth_Design_v2.md): "replaces" is a filename, not a path - "Documentation Methodology/DocMeth_Design_v1.md" contains a folder separator
    - DocMeth_DesignPass_2026-09-11.zip: files entry 2 (Documentation Methodology/DocMeth_Decisions_v2.md): "replaces" is a filename, not a path - "Documentation Methodology/DocMeth_Decisions_v1.md" contains a folder separator
    - DocMeth_DesignPass_2026-09-11.zip: files entry 3 (Documentation Methodology/DocMeth_Working_v2.md): "replaces" is a filename, not a path - "Documentation Methodology/DocMeth_Working_v1.md" contains a folder separator
  user instructions:    none in this package
  binder builder:       not triggered
  the package is now:   left in the drop folder
  folder naming:        no misspelled folders found
------------------------------------------------------------------------
FAILED - nothing was deployed
========================================================================

========================================================================
file update package   2026-09-11 11:07:56   LIVE
documentation root: C:\Users\david\dev\repos\DigitalBusiness-AIDE\Documentation
drop folder:        C:\Users\david\dev\repos\DigitalBusiness-AIDE\Documentation\_fileupdatepackages
package:            DocMeth_DesignPass_2026-09-11.zip  (2026-09-11 11:06, 12,119 bytes)
------------------------------------------------------------------------

[_fileupdatepackages]
  INVALID           DocMeth_DesignPass_2026-09-11.zip: files entry 1 (Documentation Methodology/DocMeth_Design_v2.md): "replaces" is a filename, not a path - "Documentation Methodology/DocMeth_Design_v1.md" contains a folder separator
  INVALID           DocMeth_DesignPass_2026-09-11.zip: files entry 2 (Documentation Methodology/DocMeth_Decisions_v2.md): "replaces" is a filename, not a path - "Documentation Methodology/DocMeth_Decisions_v1.md" contains a folder separator
  INVALID           DocMeth_DesignPass_2026-09-11.zip: files entry 3 (Documentation Methodology/DocMeth_Working_v2.md): "replaces" is a filename, not a path - "Documentation Methodology/DocMeth_Working_v1.md" contains a folder separator

------------------------------------------------------------------------
Result: 3 invalid
========================================================================
COMPLETION SUMMARY
------------------------------------------------------------------------
  package:              DocMeth_DesignPass_2026-09-11.zip
  files replaced:       0
  files created:        0
  files moved:          0
  files deleted:        0
  conflicts:            0
  errors:               0
  package rejected:     nothing in it was deployed
    - DocMeth_DesignPass_2026-09-11.zip: files entry 1 (Documentation Methodology/DocMeth_Design_v2.md): "replaces" is a filename, not a path - "Documentation Methodology/DocMeth_Design_v1.md" contains a folder separator
    - DocMeth_DesignPass_2026-09-11.zip: files entry 2 (Documentation Methodology/DocMeth_Decisions_v2.md): "replaces" is a filename, not a path - "Documentation Methodology/DocMeth_Decisions_v1.md" contains a folder separator
    - DocMeth_DesignPass_2026-09-11.zip: files entry 3 (Documentation Methodology/DocMeth_Working_v2.md): "replaces" is a filename, not a path - "Documentation Methodology/DocMeth_Working_v1.md" contains a folder separator
  user instructions:    none in this package
  binder builder:       not triggered
  the package is now:   left in the drop folder
  folder naming:        no misspelled folders found
------------------------------------------------------------------------
FAILED - nothing was deployed
========================================================================

========================================================================
file update package   2026-09-11 11:08:56   LIVE
documentation root: C:\Users\david\dev\repos\DigitalBusiness-AIDE\Documentation
drop folder:        C:\Users\david\dev\repos\DigitalBusiness-AIDE\Documentation\_fileupdatepackages
package:            ProjectDesign_Standard_v2_2026-09-11.zip  (2026-09-11 08:43, 6,413 bytes)
description:        Project Design standard v2 (proportionality test added from old binder review) and updated folder index.
------------------------------------------------------------------------

[Project Design]
  CONFLICT          Project Design/ProjectDesign_Standard_v2.md: not deployed - a file already exists there and the package did not name it as replaced
  DELETED           _index.md
  REPLACED          Project Design/_index.md  (479 bytes)

[.]
  BINDER            binder rebuild triggered

------------------------------------------------------------------------
Result: 1 replaced, 1 deleted, 1 conflict, 1 binder
========================================================================
COMPLETION SUMMARY
------------------------------------------------------------------------
  package:              ProjectDesign_Standard_v2_2026-09-11.zip
                        Project Design standard v2 (proportionality test added from old binder review) and updated folder index.
  files replaced:       1
  files created:        0
  files moved:          0
  files deleted:        1
  conflicts:            1
    - Project Design/ProjectDesign_Standard_v2.md: not deployed - a file already exists there and the package did not name it as replaced
  errors:               0
  user instructions:    none in this package
  binder builder:       triggered
  the package is now:   left in the drop folder - the deploy was not complete
  folder naming:        no misspelled folders found
------------------------------------------------------------------------
COMPLETED WITH ERRORS - the deploy is incomplete
========================================================================

========================================================================
file update package   2026-09-11 11:21:34   LIVE
documentation root: C:\Users\david\dev\repos\DigitalBusiness-AIDE\Documentation
drop folder:        C:\Users\david\dev\repos\DigitalBusiness-AIDE\Documentation\_fileupdatepackages
package:            DocMeth_DesignPass_2026-09-11.zip  (2026-09-11 11:21, 12,119 bytes)
description:        Documentation Methodology design pass — design, decisions, and working document. Replaces v1 shells.
------------------------------------------------------------------------

[Documentation Methodology]
  DELETED           DocMeth_Design_v1.md
  REPLACED          Documentation Methodology/DocMeth_Design_v2.md  (13,884 bytes)
  DELETED           DocMeth_Decisions_v1.md
  REPLACED          Documentation Methodology/DocMeth_Decisions_v2.md  (8,390 bytes)
  DELETED           DocMeth_Working_v1.md
  REPLACED          Documentation Methodology/DocMeth_Working_v2.md  (4,120 bytes)

[_fileupdatepackages]
  PROCESSED         DocMeth_DesignPass_2026-09-11.zip deleted

[.]
  BINDER            binder rebuild triggered

------------------------------------------------------------------------
Result: 3 replaced, 3 deleted, 1 binder, 1 processed
========================================================================
COMPLETION SUMMARY
------------------------------------------------------------------------
  package:              DocMeth_DesignPass_2026-09-11.zip
                        Documentation Methodology design pass — design, decisions, and working document. Replaces v1 shells.
  files replaced:       3
  files created:        0
  files moved:          0
  files deleted:        3
  conflicts:            0
  errors:               0
  user instructions:    none in this package
  binder builder:       triggered
  the package is now:   deleted
  folder naming:        no misspelled folders found
------------------------------------------------------------------------
COMPLETED SUCCESSFULLY
========================================================================

========================================================================
file update package   2026-09-11 12:04:16   LIVE
documentation root: C:\Users\david\dev\repos\DigitalBusiness-AIDE\Documentation
drop folder:        C:\Users\david\dev\repos\DigitalBusiness-AIDE\Documentation\_fileupdatepackages
package:            DocMeth_DesignPass_2026-09-11.zip  (2026-09-11 12:04, 13,423 bytes)
description:        Documentation Methodology design pass — design, decisions, and working document. Replaces v1 shells.
------------------------------------------------------------------------

[Documentation Methodology]
  SKIPPED           Documentation Methodology/DocMeth_Design_v2.md: nothing replaced - "DocMeth_Design_v1.md" is not in the documentation tree
  CONFLICT          Documentation Methodology/DocMeth_Design_v2.md: not deployed - a file already exists there and the package did not name it as replaced
  SKIPPED           Documentation Methodology/DocMeth_Decisions_v2.md: nothing replaced - "DocMeth_Decisions_v1.md" is not in the documentation tree
  CONFLICT          Documentation Methodology/DocMeth_Decisions_v2.md: not deployed - a file already exists there and the package did not name it as replaced
  SKIPPED           Documentation Methodology/DocMeth_Working_v2.md: nothing replaced - "DocMeth_Working_v1.md" is not in the documentation tree
  CONFLICT          Documentation Methodology/DocMeth_Working_v2.md: not deployed - a file already exists there and the package did not name it as replaced

------------------------------------------------------------------------
Result: 3 conflict, 3 skipped
========================================================================
COMPLETION SUMMARY
------------------------------------------------------------------------
  package:              DocMeth_DesignPass_2026-09-11.zip
                        Documentation Methodology design pass — design, decisions, and working document. Replaces v1 shells.
  files replaced:       0
  files created:        0
  files moved:          0
  files deleted:        0
  conflicts:            3
    - Documentation Methodology/DocMeth_Design_v2.md: not deployed - a file already exists there and the package did not name it as replaced
    - Documentation Methodology/DocMeth_Decisions_v2.md: not deployed - a file already exists there and the package did not name it as replaced
    - Documentation Methodology/DocMeth_Working_v2.md: not deployed - a file already exists there and the package did not name it as replaced
  errors:               0
  user instructions:    none in this package
  binder builder:       not triggered - no files were deployed
  the package is now:   left in the drop folder - the deploy was not complete
  folder naming:        no misspelled folders found
------------------------------------------------------------------------
FAILED - nothing was deployed
========================================================================

========================================================================
file update package   2026-09-11 12:05:34   LIVE
documentation root: C:\Users\david\dev\repos\DigitalBusiness-AIDE\Documentation
drop folder:        C:\Users\david\dev\repos\DigitalBusiness-AIDE\Documentation\_fileupdatepackages
package:            ProjectDesign_CrossReview_2026-09-11.zip  (2026-09-11 12:05, 23,680 bytes)
description:        Project Design cross-review remediation — design v2, decisions v2, standard v3, updated index. Addresses findings PD-D1 through PD-S10 from external cross-review.
------------------------------------------------------------------------

[Project Design]
  CREATED           Project Design/ProjectDesign_Design_v2.md  (27,147 bytes)
  CREATED           Project Design/ProjectDesign_Decisions_v2.md  (14,480 bytes)
  CREATED           Project Design/ProjectDesign_Standard_v3.md  (15,434 bytes)
  DELETED           _index.md
  REPLACED          Project Design/_index.md  (479 bytes)

[_fileupdatepackages]
  PROCESSED         ProjectDesign_CrossReview_2026-09-11.zip deleted

[.]
  BINDER            binder rebuild triggered

------------------------------------------------------------------------
Result: 1 replaced, 3 created, 1 deleted, 1 binder, 1 processed
========================================================================
COMPLETION SUMMARY
------------------------------------------------------------------------
  package:              ProjectDesign_CrossReview_2026-09-11.zip
                        Project Design cross-review remediation — design v2, decisions v2, standard v3, updated index. Addresses findings PD-D1 through PD-S10 from external cross-review.
  files replaced:       1
  files created:        3
  files moved:          0
  files deleted:        1
  conflicts:            0
  errors:               0
  user instructions:    none in this package
  binder builder:       triggered
  the package is now:   deleted
  folder naming:        no misspelled folders found
------------------------------------------------------------------------
COMPLETED SUCCESSFULLY
========================================================================

========================================================================
file update package   2026-09-11 12:06:56   LIVE
documentation root: C:\Users\david\dev\repos\DigitalBusiness-AIDE\Documentation
drop folder:        C:\Users\david\dev\repos\DigitalBusiness-AIDE\Documentation\_fileupdatepackages
package:            DocMeth_DesignPass_2026-09-11b.zip  (2026-09-11 12:06, 13,462 bytes)
description:        Documentation Methodology — old-material pass additions (lifecycle states, claimed-versus-verified rule). Updates the v2 files deployed earlier today.
------------------------------------------------------------------------

[Documentation Methodology]
  DELETED           DocMeth_Design_v2.md
  REPLACED          Documentation Methodology/DocMeth_Design_v2.md  (15,012 bytes)
  DELETED           DocMeth_Decisions_v2.md
  REPLACED          Documentation Methodology/DocMeth_Decisions_v2.md  (9,504 bytes)
  DELETED           DocMeth_Working_v2.md
  REPLACED          Documentation Methodology/DocMeth_Working_v2.md  (5,213 bytes)

[_fileupdatepackages]
  PROCESSED         DocMeth_DesignPass_2026-09-11b.zip deleted

[.]
  BINDER            binder rebuild triggered

------------------------------------------------------------------------
Result: 3 replaced, 3 deleted, 1 binder, 1 processed
========================================================================
COMPLETION SUMMARY
------------------------------------------------------------------------
  package:              DocMeth_DesignPass_2026-09-11b.zip
                        Documentation Methodology — old-material pass additions (lifecycle states, claimed-versus-verified rule). Updates the v2 files deployed earlier today.
  files replaced:       3
  files created:        0
  files moved:          0
  files deleted:        3
  conflicts:            0
  errors:               0
  user instructions:    none in this package
  binder builder:       triggered
  the package is now:   deleted
  folder naming:        no misspelled folders found
------------------------------------------------------------------------
COMPLETED SUCCESSFULLY
========================================================================

========================================================================
file update package   2026-09-11 13:10:50   LIVE
documentation root: C:\Users\david\dev\repos\DigitalBusiness-AIDE\Documentation
drop folder:        C:\Users\david\dev\repos\DigitalBusiness-AIDE\Documentation\_fileupdatepackages
package:            AIDE_Documentation_WIP_2026-09-11.zip  (2026-09-11 13:10, 3,141 bytes)
description:        Root-level WIP for cross-component working state. One create.
------------------------------------------------------------------------

[.]
  CREATED           AIDE_Documentation_WIP_v1.md  (6,189 bytes)

[_fileupdatepackages]
  PROCESSED         AIDE_Documentation_WIP_2026-09-11.zip deleted

[.]
  BINDER            binder rebuild triggered

------------------------------------------------------------------------
Result: 1 created, 1 binder, 1 processed
========================================================================
COMPLETION SUMMARY
------------------------------------------------------------------------
  package:              AIDE_Documentation_WIP_2026-09-11.zip
                        Root-level WIP for cross-component working state. One create.
  files replaced:       0
  files created:        1
  files moved:          0
  files deleted:        0
  conflicts:            0
  errors:               0
  user instructions:    none in this package
  binder builder:       triggered
  the package is now:   deleted
  folder naming:        no misspelled folders found
------------------------------------------------------------------------
COMPLETED SUCCESSFULLY
========================================================================

========================================================================
file update package   2026-09-11 16:31:23   LIVE
documentation root: C:\Users\david\dev\repos\DigitalBusiness-AIDE\Documentation
drop folder:        C:\Users\david\dev\repos\DigitalBusiness-AIDE\Documentation\_fileupdatepackages
package:            AIDE_Documentation_WIP_2026-09-11.zip  (2026-09-11 13:11, 3,141 bytes)
description:        Root-level WIP for cross-component working state. One create.
------------------------------------------------------------------------

[.]
  CONFLICT          AIDE_Documentation_WIP_v1.md: not deployed - a file already exists there and the package did not name it as replaced

------------------------------------------------------------------------
Result: 1 conflict
========================================================================
COMPLETION SUMMARY
------------------------------------------------------------------------
  package:              AIDE_Documentation_WIP_2026-09-11.zip
                        Root-level WIP for cross-component working state. One create.
  files replaced:       0
  files created:        0
  files moved:          0
  files deleted:        0
  conflicts:            1
    - AIDE_Documentation_WIP_v1.md: not deployed - a file already exists there and the package did not name it as replaced
  errors:               0
  user instructions:    none in this package
  binder builder:       not triggered - no files were deployed
  the package is now:   left in the drop folder - the deploy was not complete
  folder naming:        no misspelled folders found
------------------------------------------------------------------------
FAILED - nothing was deployed
========================================================================

========================================================================
file update package   2026-09-11 20:27:49   LIVE
documentation root: C:\Users\david\dev\repos\DigitalBusiness-AIDE\Documentation
drop folder:        C:\Users\david\dev\repos\DigitalBusiness-AIDE\Documentation\_fileupdatepackages
------------------------------------------------------------------------

[_fileupdatepackages]
  SKIPPED           no packages found in C:\Users\david\dev\repos\DigitalBusiness-AIDE\Documentation\_fileupdatepackages

------------------------------------------------------------------------
Result: 1 skipped
========================================================================
COMPLETION SUMMARY
------------------------------------------------------------------------
  package:              none - nothing to deploy
  files replaced:       0
  files created:        0
  files moved:          0
  files deleted:        0
  conflicts:            0
  errors:               0
  user instructions:    none in this package
  binder builder:       not triggered
  the package is now:   left in the drop folder
  folder naming:        no misspelled folders found
------------------------------------------------------------------------
COMPLETED SUCCESSFULLY - there was nothing to do
========================================================================

========================================================================
file update package   2026-09-11 23:47:51   LIVE
documentation root: C:\Users\david\dev\repos\DigitalBusiness-AIDE\Documentation
drop folder:        C:\Users\david\dev\repos\DigitalBusiness-AIDE\Documentation\_fileupdatepackages
package:            DocMeth_DefinitionContract_2026-09-11.zip  (2026-09-11 23:47, 16,467 bytes)
description:        DocMeth definition contract — Design v3, Decisions v3, Working v5, updated index
------------------------------------------------------------------------

[Documentation Methodology]
  CREATED           Documentation Methodology/DocMeth_Design_v3.md  (21,084 bytes)
  CREATED           Documentation Methodology/DocMeth_Decisions_v3.md  (12,919 bytes)
  DELETED           DocMeth_Working_v4.md
  REPLACED          Documentation Methodology/DocMeth_Working_v5.md  (3,405 bytes)
  DELETED           _index.md
  REPLACED          Documentation Methodology/_index.md  (798 bytes)

[_fileupdatepackages]
  PROCESSED         DocMeth_DefinitionContract_2026-09-11.zip deleted

[.]
  BINDER            binder rebuild triggered

------------------------------------------------------------------------
Result: 2 replaced, 2 created, 2 deleted, 1 binder, 1 processed
========================================================================
COMPLETION SUMMARY
------------------------------------------------------------------------
  package:              DocMeth_DefinitionContract_2026-09-11.zip
                        DocMeth definition contract — Design v3, Decisions v3, Working v5, updated index
  files replaced:       2
  files created:        2
  files moved:          0
  files deleted:        2
  conflicts:            0
  errors:               0
  user instructions:    present, shown and acknowledged
  binder builder:       triggered
  the package is now:   deleted
  folder naming:        no misspelled folders found
------------------------------------------------------------------------
COMPLETED SUCCESSFULLY
========================================================================

========================================================================
file update package   2026-09-12 00:17:24   LIVE
documentation root: C:\Users\david\dev\repos\DigitalBusiness-AIDE\Documentation
drop folder:        C:\Users\david\dev\repos\DigitalBusiness-AIDE\Documentation\_fileupdatepackages
package:            DocMeth_DefinitionContract_2026-09-11.zip  (2026-09-12 00:17, 23,956 bytes)
description:        DocMeth definition contract — Design v3, Decisions v3, three split standards, Working v5, updated index
------------------------------------------------------------------------

[Documentation Methodology]
  CONFLICT          Documentation Methodology/DocMeth_Design_v3.md: not deployed - a file already exists there and the package did not name it as replaced
  CONFLICT          Documentation Methodology/DocMeth_Decisions_v3.md: not deployed - a file already exists there and the package did not name it as replaced
  CREATED           Documentation Methodology/DocumentationMethodology_Schema_Standard_v1.md  (4,893 bytes)
  CREATED           Documentation Methodology/DocumentationMethodology_Authoring_Standard_v1.md  (5,881 bytes)
  CREATED           Documentation Methodology/DocumentationMethodology_Definitions_Standard_v1.md  (6,050 bytes)
  SKIPPED           Documentation Methodology/DocMeth_Working_v5.md: nothing replaced - "DocMeth_Working_v4.md" is not in the documentation tree
  CONFLICT          Documentation Methodology/DocMeth_Working_v5.md: not deployed - a file already exists there and the package did not name it as replaced
  DELETED           _index.md
  REPLACED          Documentation Methodology/_index.md  (937 bytes)

[.]
  BINDER            binder rebuild triggered

------------------------------------------------------------------------
Result: 1 replaced, 3 created, 1 deleted, 3 conflict, 1 skipped, 1 binder
========================================================================
COMPLETION SUMMARY
------------------------------------------------------------------------
  package:              DocMeth_DefinitionContract_2026-09-11.zip
                        DocMeth definition contract — Design v3, Decisions v3, three split standards, Working v5, updated index
  files replaced:       1
  files created:        3
  files moved:          0
  files deleted:        1
  conflicts:            3
    - Documentation Methodology/DocMeth_Design_v3.md: not deployed - a file already exists there and the package did not name it as replaced
    - Documentation Methodology/DocMeth_Decisions_v3.md: not deployed - a file already exists there and the package did not name it as replaced
    - Documentation Methodology/DocMeth_Working_v5.md: not deployed - a file already exists there and the package did not name it as replaced
  errors:               0
  user instructions:    present, shown and acknowledged
  binder builder:       triggered
  the package is now:   left in the drop folder - the deploy was not complete
  folder naming:        no misspelled folders found
------------------------------------------------------------------------
COMPLETED WITH ERRORS - the deploy is incomplete
========================================================================

========================================================================
file update package   2026-09-12 10:22:50   LIVE
documentation root: C:\Users\david\dev\repos\DigitalBusiness-AIDE\Documentation
drop folder:        C:\Users\david\dev\repos\DigitalBusiness-AIDE\Documentation\_fileupdatepackages
package:            DocMeth_CrossReview_Revision_2026-09-12.zip  (2026-09-12 10:22, 24,445 bytes)
description:        DocMeth cross-review revision — Design v4, Decisions v4, three standards v2, Working v6, updated index
------------------------------------------------------------------------

[Documentation Methodology]
  DELETED           DocMeth_Design_v3.md
  REPLACED          Documentation Methodology/DocMeth_Design_v4.md  (19,715 bytes)
  DELETED           DocMeth_Decisions_v3.md
  REPLACED          Documentation Methodology/DocMeth_Decisions_v4.md  (15,182 bytes)
  DELETED           DocumentationMethodology_Schema_Standard_v1.md
  REPLACED          Documentation Methodology/DocumentationMethodology_Schema_Standard_v2.md  (6,223 bytes)
  DELETED           DocumentationMethodology_Authoring_Standard_v1.md
  REPLACED          Documentation Methodology/DocumentationMethodology_Authoring_Standard_v2.md  (7,445 bytes)
  DELETED           DocumentationMethodology_Definitions_Standard_v1.md
  REPLACED          Documentation Methodology/DocumentationMethodology_Definitions_Standard_v2.md  (5,697 bytes)
  DELETED           DocMeth_Working_v5.md
  REPLACED          Documentation Methodology/DocMeth_Working_v6.md  (2,417 bytes)
  DELETED           _index.md
  REPLACED          Documentation Methodology/_index.md  (964 bytes)

[_fileupdatepackages]
  PROCESSED         DocMeth_CrossReview_Revision_2026-09-12.zip deleted

[.]
  BINDER            binder rebuild triggered

------------------------------------------------------------------------
Result: 7 replaced, 7 deleted, 1 binder, 1 processed
========================================================================
COMPLETION SUMMARY
------------------------------------------------------------------------
  package:              DocMeth_CrossReview_Revision_2026-09-12.zip
                        DocMeth cross-review revision — Design v4, Decisions v4, three standards v2, Working v6, updated index
  files replaced:       7
  files created:        0
  files moved:          0
  files deleted:        7
  conflicts:            0
  errors:               0
  user instructions:    present, shown and acknowledged
  binder builder:       triggered
  the package is now:   deleted
  folder naming:        no misspelled folders found
------------------------------------------------------------------------
COMPLETED SUCCESSFULLY
========================================================================

========================================================================
file update package   2026-09-12 10:30:40   LIVE
documentation root: C:\Users\david\dev\repos\DigitalBusiness-AIDE\Documentation
drop folder:        C:\Users\david\dev\repos\DigitalBusiness-AIDE\Documentation\_fileupdatepackages
package:            DocMeth_CrossReview_Revision_2026-09-12.zip  (2026-09-12 10:27, 24,399 bytes)
description:        DocMeth cross-review revision — Design v4, Decisions v4, three standards v2, Working v6, updated index
------------------------------------------------------------------------

[Documentation Methodology]
  SKIPPED           Documentation Methodology/DocMeth_Design_v4.md: nothing replaced - "DocMeth_Design_v3.md" is not in the documentation tree
  CONFLICT          Documentation Methodology/DocMeth_Design_v4.md: not deployed - a file already exists there and the package did not name it as replaced
  SKIPPED           Documentation Methodology/DocMeth_Decisions_v4.md: nothing replaced - "DocMeth_Decisions_v3.md" is not in the documentation tree
  CONFLICT          Documentation Methodology/DocMeth_Decisions_v4.md: not deployed - a file already exists there and the package did not name it as replaced
  SKIPPED           Documentation Methodology/DocumentationMethodology_Schema_Standard_v2.md: nothing replaced - "DocumentationMethodology_Schema_Standard_v1.md" is not in the documentation tree
  CONFLICT          Documentation Methodology/DocumentationMethodology_Schema_Standard_v2.md: not deployed - a file already exists there and the package did not name it as replaced
  SKIPPED           Documentation Methodology/DocumentationMethodology_Authoring_Standard_v2.md: nothing replaced - "DocumentationMethodology_Authoring_Standard_v1.md" is not in the documentation tree
  CONFLICT          Documentation Methodology/DocumentationMethodology_Authoring_Standard_v2.md: not deployed - a file already exists there and the package did not name it as replaced
  SKIPPED           Documentation Methodology/DocumentationMethodology_Definitions_Standard_v2.md: nothing replaced - "DocumentationMethodology_Definitions_Standard_v1.md" is not in the documentation tree
  CONFLICT          Documentation Methodology/DocumentationMethodology_Definitions_Standard_v2.md: not deployed - a file already exists there and the package did not name it as replaced
  SKIPPED           Documentation Methodology/DocMeth_Working_v6.md: nothing replaced - "DocMeth_Working_v5.md" is not in the documentation tree
  CONFLICT          Documentation Methodology/DocMeth_Working_v6.md: not deployed - a file already exists there and the package did not name it as replaced
  DELETED           _index.md
  REPLACED          Documentation Methodology/_index.md  (964 bytes)

[.]
  BINDER            binder rebuild triggered

------------------------------------------------------------------------
Result: 1 replaced, 1 deleted, 6 conflict, 6 skipped, 1 binder
========================================================================
COMPLETION SUMMARY
------------------------------------------------------------------------
  package:              DocMeth_CrossReview_Revision_2026-09-12.zip
                        DocMeth cross-review revision — Design v4, Decisions v4, three standards v2, Working v6, updated index
  files replaced:       1
  files created:        0
  files moved:          0
  files deleted:        1
  conflicts:            6
    - Documentation Methodology/DocMeth_Design_v4.md: not deployed - a file already exists there and the package did not name it as replaced
    - Documentation Methodology/DocMeth_Decisions_v4.md: not deployed - a file already exists there and the package did not name it as replaced
    - Documentation Methodology/DocumentationMethodology_Schema_Standard_v2.md: not deployed - a file already exists there and the package did not name it as replaced
    - Documentation Methodology/DocumentationMethodology_Authoring_Standard_v2.md: not deployed - a file already exists there and the package did not name it as replaced
    - Documentation Methodology/DocumentationMethodology_Definitions_Standard_v2.md: not deployed - a file already exists there and the package did not name it as replaced
    - Documentation Methodology/DocMeth_Working_v6.md: not deployed - a file already exists there and the package did not name it as replaced
  errors:               0
  user instructions:    present, shown and acknowledged
  binder builder:       triggered
  the package is now:   left in the drop folder - the deploy was not complete
  folder naming:        no misspelled folders found
------------------------------------------------------------------------
COMPLETED WITH ERRORS - the deploy is incomplete
========================================================================

========================================================================
file update package   2026-09-12 10:33:03   LIVE
documentation root: C:\Users\david\dev\repos\DigitalBusiness-AIDE\Documentation
drop folder:        C:\Users\david\dev\repos\DigitalBusiness-AIDE\Documentation\_fileupdatepackages
package:            DocMeth_CrossReview_Revision_2026-09-12.zip  (2026-09-12 10:27, 24,399 bytes)
description:        DocMeth cross-review revision — Design v4, Decisions v4, three standards v2, Working v6, updated index
------------------------------------------------------------------------

[Documentation Methodology]
  SKIPPED           Documentation Methodology/DocMeth_Design_v4.md: nothing replaced - "DocMeth_Design_v3.md" is not in the documentation tree
  CONFLICT          Documentation Methodology/DocMeth_Design_v4.md: not deployed - a file already exists there and the package did not name it as replaced
  SKIPPED           Documentation Methodology/DocMeth_Decisions_v4.md: nothing replaced - "DocMeth_Decisions_v3.md" is not in the documentation tree
  CONFLICT          Documentation Methodology/DocMeth_Decisions_v4.md: not deployed - a file already exists there and the package did not name it as replaced
  SKIPPED           Documentation Methodology/DocumentationMethodology_Schema_Standard_v2.md: nothing replaced - "DocumentationMethodology_Schema_Standard_v1.md" is not in the documentation tree
  CONFLICT          Documentation Methodology/DocumentationMethodology_Schema_Standard_v2.md: not deployed - a file already exists there and the package did not name it as replaced
  SKIPPED           Documentation Methodology/DocumentationMethodology_Authoring_Standard_v2.md: nothing replaced - "DocumentationMethodology_Authoring_Standard_v1.md" is not in the documentation tree
  CONFLICT          Documentation Methodology/DocumentationMethodology_Authoring_Standard_v2.md: not deployed - a file already exists there and the package did not name it as replaced
  SKIPPED           Documentation Methodology/DocumentationMethodology_Definitions_Standard_v2.md: nothing replaced - "DocumentationMethodology_Definitions_Standard_v1.md" is not in the documentation tree
  CONFLICT          Documentation Methodology/DocumentationMethodology_Definitions_Standard_v2.md: not deployed - a file already exists there and the package did not name it as replaced
  SKIPPED           Documentation Methodology/DocMeth_Working_v6.md: nothing replaced - "DocMeth_Working_v5.md" is not in the documentation tree
  CONFLICT          Documentation Methodology/DocMeth_Working_v6.md: not deployed - a file already exists there and the package did not name it as replaced
  DELETED           _index.md
  REPLACED          Documentation Methodology/_index.md  (964 bytes)

[.]
  BINDER            binder rebuild triggered

------------------------------------------------------------------------
Result: 1 replaced, 1 deleted, 6 conflict, 6 skipped, 1 binder
========================================================================
COMPLETION SUMMARY
------------------------------------------------------------------------
  package:              DocMeth_CrossReview_Revision_2026-09-12.zip
                        DocMeth cross-review revision — Design v4, Decisions v4, three standards v2, Working v6, updated index
  files replaced:       1
  files created:        0
  files moved:          0
  files deleted:        1
  conflicts:            6
    - Documentation Methodology/DocMeth_Design_v4.md: not deployed - a file already exists there and the package did not name it as replaced
    - Documentation Methodology/DocMeth_Decisions_v4.md: not deployed - a file already exists there and the package did not name it as replaced
    - Documentation Methodology/DocumentationMethodology_Schema_Standard_v2.md: not deployed - a file already exists there and the package did not name it as replaced
    - Documentation Methodology/DocumentationMethodology_Authoring_Standard_v2.md: not deployed - a file already exists there and the package did not name it as replaced
    - Documentation Methodology/DocumentationMethodology_Definitions_Standard_v2.md: not deployed - a file already exists there and the package did not name it as replaced
    - Documentation Methodology/DocMeth_Working_v6.md: not deployed - a file already exists there and the package did not name it as replaced
  errors:               0
  user instructions:    present, shown and acknowledged
  binder builder:       triggered
  the package is now:   left in the drop folder - the deploy was not complete
  folder naming:        no misspelled folders found
------------------------------------------------------------------------
COMPLETED WITH ERRORS - the deploy is incomplete
========================================================================

========================================================================
file update package   2026-09-12 10:35:43   LIVE
documentation root: C:\Users\david\dev\repos\DigitalBusiness-AIDE\Documentation
drop folder:        C:\Users\david\dev\repos\DigitalBusiness-AIDE\Documentation\_fileupdatepackages
package:            DocMeth_CrossReview_Revision_2026-09-12.zip  (2026-09-12 10:27, 24,399 bytes)
description:        DocMeth cross-review revision — Design v4, Decisions v4, three standards v2, Working v6, updated index
------------------------------------------------------------------------

[Documentation Methodology]
  SKIPPED           Documentation Methodology/DocMeth_Design_v4.md: nothing replaced - "DocMeth_Design_v3.md" is not in the documentation tree
  CONFLICT          Documentation Methodology/DocMeth_Design_v4.md: not deployed - a file already exists there and the package did not name it as replaced
  SKIPPED           Documentation Methodology/DocMeth_Decisions_v4.md: nothing replaced - "DocMeth_Decisions_v3.md" is not in the documentation tree
  CONFLICT          Documentation Methodology/DocMeth_Decisions_v4.md: not deployed - a file already exists there and the package did not name it as replaced
  SKIPPED           Documentation Methodology/DocumentationMethodology_Schema_Standard_v2.md: nothing replaced - "DocumentationMethodology_Schema_Standard_v1.md" is not in the documentation tree
  CONFLICT          Documentation Methodology/DocumentationMethodology_Schema_Standard_v2.md: not deployed - a file already exists there and the package did not name it as replaced
  SKIPPED           Documentation Methodology/DocumentationMethodology_Authoring_Standard_v2.md: nothing replaced - "DocumentationMethodology_Authoring_Standard_v1.md" is not in the documentation tree
  CONFLICT          Documentation Methodology/DocumentationMethodology_Authoring_Standard_v2.md: not deployed - a file already exists there and the package did not name it as replaced
  SKIPPED           Documentation Methodology/DocumentationMethodology_Definitions_Standard_v2.md: nothing replaced - "DocumentationMethodology_Definitions_Standard_v1.md" is not in the documentation tree
  CONFLICT          Documentation Methodology/DocumentationMethodology_Definitions_Standard_v2.md: not deployed - a file already exists there and the package did not name it as replaced
  SKIPPED           Documentation Methodology/DocMeth_Working_v6.md: nothing replaced - "DocMeth_Working_v5.md" is not in the documentation tree
  CONFLICT          Documentation Methodology/DocMeth_Working_v6.md: not deployed - a file already exists there and the package did not name it as replaced
  DELETED           _index.md
  REPLACED          Documentation Methodology/_index.md  (964 bytes)

[.]
  BINDER            binder rebuild triggered

------------------------------------------------------------------------
Result: 1 replaced, 1 deleted, 6 conflict, 6 skipped, 1 binder
========================================================================
COMPLETION SUMMARY
------------------------------------------------------------------------
  package:              DocMeth_CrossReview_Revision_2026-09-12.zip
                        DocMeth cross-review revision — Design v4, Decisions v4, three standards v2, Working v6, updated index
  files replaced:       1
  files created:        0
  files moved:          0
  files deleted:        1
  conflicts:            6
    - Documentation Methodology/DocMeth_Design_v4.md: not deployed - a file already exists there and the package did not name it as replaced
    - Documentation Methodology/DocMeth_Decisions_v4.md: not deployed - a file already exists there and the package did not name it as replaced
    - Documentation Methodology/DocumentationMethodology_Schema_Standard_v2.md: not deployed - a file already exists there and the package did not name it as replaced
    - Documentation Methodology/DocumentationMethodology_Authoring_Standard_v2.md: not deployed - a file already exists there and the package did not name it as replaced
    - Documentation Methodology/DocumentationMethodology_Definitions_Standard_v2.md: not deployed - a file already exists there and the package did not name it as replaced
    - Documentation Methodology/DocMeth_Working_v6.md: not deployed - a file already exists there and the package did not name it as replaced
  errors:               0
  user instructions:    present, shown and acknowledged
  binder builder:       triggered
  the package is now:   left in the drop folder - the deploy was not complete
  folder naming:        no misspelled folders found
------------------------------------------------------------------------
COMPLETED WITH ERRORS - the deploy is incomplete
========================================================================

========================================================================
file update package   2026-09-12 10:37:41   LIVE
documentation root: C:\Users\david\dev\repos\DigitalBusiness-AIDE\Documentation
drop folder:        C:\Users\david\dev\repos\DigitalBusiness-AIDE\Documentation\_fileupdatepackages
package:            DocMeth_CrossReview_Revision_2026-09-12.zip  (2026-09-12 10:37, 24,352 bytes)
description:        DocMeth cross-review revision — Design v4, Decisions v4, three standards v2, Working v6, updated index
------------------------------------------------------------------------

[Documentation Methodology]
  SKIPPED           Documentation Methodology/DocMeth_Design_v4.md: nothing replaced - "DocMeth_Design_v3.md" is not in the documentation tree
  CONFLICT          Documentation Methodology/DocMeth_Design_v4.md: not deployed - a file already exists there and the package did not name it as replaced
  SKIPPED           Documentation Methodology/DocMeth_Decisions_v4.md: nothing replaced - "DocMeth_Decisions_v3.md" is not in the documentation tree
  CONFLICT          Documentation Methodology/DocMeth_Decisions_v4.md: not deployed - a file already exists there and the package did not name it as replaced
  SKIPPED           Documentation Methodology/DocumentationMethodology_Schema_Standard_v2.md: nothing replaced - "DocumentationMethodology_Schema_Standard_v1.md" is not in the documentation tree
  CONFLICT          Documentation Methodology/DocumentationMethodology_Schema_Standard_v2.md: not deployed - a file already exists there and the package did not name it as replaced
  SKIPPED           Documentation Methodology/DocumentationMethodology_Authoring_Standard_v2.md: nothing replaced - "DocumentationMethodology_Authoring_Standard_v1.md" is not in the documentation tree
  CONFLICT          Documentation Methodology/DocumentationMethodology_Authoring_Standard_v2.md: not deployed - a file already exists there and the package did not name it as replaced
  SKIPPED           Documentation Methodology/DocumentationMethodology_Definitions_Standard_v2.md: nothing replaced - "DocumentationMethodology_Definitions_Standard_v1.md" is not in the documentation tree
  CONFLICT          Documentation Methodology/DocumentationMethodology_Definitions_Standard_v2.md: not deployed - a file already exists there and the package did not name it as replaced
  SKIPPED           Documentation Methodology/DocMeth_Working_v6.md: nothing replaced - "DocMeth_Working_v5.md" is not in the documentation tree
  CONFLICT          Documentation Methodology/DocMeth_Working_v6.md: not deployed - a file already exists there and the package did not name it as replaced
  DELETED           _index.md
  REPLACED          Documentation Methodology/_index.md  (964 bytes)

[.]
  BINDER            binder rebuild triggered

------------------------------------------------------------------------
Result: 1 replaced, 1 deleted, 6 conflict, 6 skipped, 1 binder
========================================================================
COMPLETION SUMMARY
------------------------------------------------------------------------
  package:              DocMeth_CrossReview_Revision_2026-09-12.zip
                        DocMeth cross-review revision — Design v4, Decisions v4, three standards v2, Working v6, updated index
  files replaced:       1
  files created:        0
  files moved:          0
  files deleted:        1
  conflicts:            6
    - Documentation Methodology/DocMeth_Design_v4.md: not deployed - a file already exists there and the package did not name it as replaced
    - Documentation Methodology/DocMeth_Decisions_v4.md: not deployed - a file already exists there and the package did not name it as replaced
    - Documentation Methodology/DocumentationMethodology_Schema_Standard_v2.md: not deployed - a file already exists there and the package did not name it as replaced
    - Documentation Methodology/DocumentationMethodology_Authoring_Standard_v2.md: not deployed - a file already exists there and the package did not name it as replaced
    - Documentation Methodology/DocumentationMethodology_Definitions_Standard_v2.md: not deployed - a file already exists there and the package did not name it as replaced
    - Documentation Methodology/DocMeth_Working_v6.md: not deployed - a file already exists there and the package did not name it as replaced
  errors:               0
  user instructions:    none in this package
  binder builder:       triggered
  the package is now:   left in the drop folder - the deploy was not complete
  folder naming:        no misspelled folders found
------------------------------------------------------------------------
COMPLETED WITH ERRORS - the deploy is incomplete
========================================================================

========================================================================
file update package   2026-09-12 10:52:28   LIVE
documentation root: C:\Users\david\dev\repos\DigitalBusiness-AIDE\Documentation
drop folder:        C:\Users\david\dev\repos\DigitalBusiness-AIDE\Documentation\_fileupdatepackages
package:            DocMeth_CrossReview_Round2_2026-09-12.zip  (2026-09-12 10:52, 24,888 bytes)
description:        DocMeth cross-review round 2 — Design v5, Decisions v5, three standards v3, Working v7
------------------------------------------------------------------------

[Documentation Methodology]
  DELETED           DocMeth_Design_v4.md
  REPLACED          Documentation Methodology/DocMeth_Design_v5.md  (20,196 bytes)
  DELETED           DocMeth_Decisions_v4.md
  REPLACED          Documentation Methodology/DocMeth_Decisions_v5.md  (16,984 bytes)
  DELETED           DocumentationMethodology_Schema_Standard_v2.md
  REPLACED          Documentation Methodology/DocumentationMethodology_Schema_Standard_v3.md  (6,133 bytes)
  DELETED           DocumentationMethodology_Authoring_Standard_v2.md
  REPLACED          Documentation Methodology/DocumentationMethodology_Authoring_Standard_v3.md  (7,542 bytes)
  DELETED           DocumentationMethodology_Definitions_Standard_v2.md
  REPLACED          Documentation Methodology/DocumentationMethodology_Definitions_Standard_v3.md  (6,041 bytes)
  DELETED           DocMeth_Working_v6.md
  REPLACED          Documentation Methodology/DocMeth_Working_v7.md  (1,772 bytes)
  DELETED           _index.md
  REPLACED          Documentation Methodology/_index.md  (964 bytes)

[_fileupdatepackages]
  PROCESSED         DocMeth_CrossReview_Round2_2026-09-12.zip deleted

[.]
  BINDER            binder rebuild triggered

------------------------------------------------------------------------
Result: 7 replaced, 7 deleted, 1 binder, 1 processed
========================================================================
COMPLETION SUMMARY
------------------------------------------------------------------------
  package:              DocMeth_CrossReview_Round2_2026-09-12.zip
                        DocMeth cross-review round 2 — Design v5, Decisions v5, three standards v3, Working v7
  files replaced:       7
  files created:        0
  files moved:          0
  files deleted:        7
  conflicts:            0
  errors:               0
  user instructions:    none in this package
  binder builder:       triggered
  the package is now:   deleted
  folder naming:        no misspelled folders found
------------------------------------------------------------------------
COMPLETED SUCCESSFULLY
========================================================================

========================================================================
file update package   2026-09-12 11:07:37   LIVE
documentation root: C:\Users\david\dev\repos\DigitalBusiness-AIDE\Documentation
drop folder:        C:\Users\david\dev\repos\DigitalBusiness-AIDE\Documentation\_fileupdatepackages
package:            DocMeth_CrossReview_Round3_2026-09-12.zip  (2026-09-12 11:07, 25,126 bytes)
description:        DocMeth cross-review round 3 — Design v6, Decisions v6, three standards v4, Working v8
------------------------------------------------------------------------

[Documentation Methodology]
  DELETED           DocMeth_Design_v5.md
  REPLACED          Documentation Methodology/DocMeth_Design_v6.md  (20,299 bytes)
  DELETED           DocMeth_Decisions_v5.md
  REPLACED          Documentation Methodology/DocMeth_Decisions_v6.md  (17,597 bytes)
  DELETED           DocumentationMethodology_Schema_Standard_v3.md
  REPLACED          Documentation Methodology/DocumentationMethodology_Schema_Standard_v4.md  (6,591 bytes)
  DELETED           DocumentationMethodology_Authoring_Standard_v3.md
  REPLACED          Documentation Methodology/DocumentationMethodology_Authoring_Standard_v4.md  (7,628 bytes)
  DELETED           DocumentationMethodology_Definitions_Standard_v3.md
  REPLACED          Documentation Methodology/DocumentationMethodology_Definitions_Standard_v4.md  (6,149 bytes)
  DELETED           DocMeth_Working_v7.md
  REPLACED          Documentation Methodology/DocMeth_Working_v8.md  (1,378 bytes)
  DELETED           _index.md
  REPLACED          Documentation Methodology/_index.md  (964 bytes)

[_fileupdatepackages]
  PROCESSED         DocMeth_CrossReview_Round3_2026-09-12.zip deleted

[.]
  BINDER            binder rebuild triggered

------------------------------------------------------------------------
Result: 7 replaced, 7 deleted, 1 binder, 1 processed
========================================================================
COMPLETION SUMMARY
------------------------------------------------------------------------
  package:              DocMeth_CrossReview_Round3_2026-09-12.zip
                        DocMeth cross-review round 3 — Design v6, Decisions v6, three standards v4, Working v8
  files replaced:       7
  files created:        0
  files moved:          0
  files deleted:        7
  conflicts:            0
  errors:               0
  user instructions:    none in this package
  binder builder:       triggered
  the package is now:   deleted
  folder naming:        no misspelled folders found
------------------------------------------------------------------------
COMPLETED SUCCESSFULLY
========================================================================

========================================================================
file update package   2026-09-12 12:12:59   LIVE
documentation root: C:\Users\david\dev\repos\DigitalBusiness-AIDE\Documentation
drop folder:        C:\Users\david\dev\repos\DigitalBusiness-AIDE\Documentation\_fileupdatepackages
package:            Schema_Conformance_FUP.zip  (2026-09-12 12:12, 34,232 bytes)
------------------------------------------------------------------------

[_fileupdatepackages]
  INVALID           Schema_Conformance_FUP.zip: _manifest.json has no "files" list, or it is empty

------------------------------------------------------------------------
Result: 1 invalid
========================================================================
COMPLETION SUMMARY
------------------------------------------------------------------------
  package:              Schema_Conformance_FUP.zip
  files replaced:       0
  files created:        0
  files moved:          0
  files deleted:        0
  conflicts:            0
  errors:               0
  package rejected:     nothing in it was deployed
    - Schema_Conformance_FUP.zip: _manifest.json has no "files" list, or it is empty
  user instructions:    none in this package
  binder builder:       not triggered
  the package is now:   left in the drop folder
  folder naming:        no misspelled folders found
------------------------------------------------------------------------
FAILED - nothing was deployed
========================================================================

========================================================================
file update package   2026-09-14 17:53:04   LIVE
documentation root: C:\Users\david\dev\repos\DigitalBusiness-AIDE\Documentation
drop folder:        C:\Users\david\dev\repos\DigitalBusiness-AIDE\Documentation\_fileupdatepackages
package:            DocMeth_Rebuild_FUP.zip  (2026-09-14 17:52, 16,817 bytes)
------------------------------------------------------------------------

[_fileupdatepackages]
  INVALID           DocMeth_Rebuild_FUP.zip: files entry 1 (Documentation Methodology/DocumentationMethodology_Standard_v1.md): action is "add", but it must be "create", "replace" or "move"
  INVALID           DocMeth_Rebuild_FUP.zip: files entry 2 (Documentation Methodology/DocumentationMethodology_SchemaDefinitions_Standard_v1.md): action is "add", but it must be "create", "replace" or "move"
  INVALID           DocMeth_Rebuild_FUP.zip: files entry 3 (Documentation Methodology/DocumentationMethodology_SchemaAuthoring_Standard_v1.md): action is "add", but it must be "create", "replace" or "move"
  INVALID           DocMeth_Rebuild_FUP.zip: files entry 4 (Documentation Methodology/DocMeth_Decisions_v7.md): action is "add", but it must be "create", "replace" or "move"
  INVALID           DocMeth_Rebuild_FUP.zip: files entry 5 (Documentation Methodology/DocMeth_Working_v9.md): action is "add", but it must be "create", "replace" or "move"

------------------------------------------------------------------------
Result: 5 invalid
========================================================================
COMPLETION SUMMARY
------------------------------------------------------------------------
  package:              DocMeth_Rebuild_FUP.zip
  files replaced:       0
  files created:        0
  files moved:          0
  files deleted:        0
  conflicts:            0
  errors:               0
  package rejected:     nothing in it was deployed
    - DocMeth_Rebuild_FUP.zip: files entry 1 (Documentation Methodology/DocumentationMethodology_Standard_v1.md): action is "add", but it must be "create", "replace" or "move"
    - DocMeth_Rebuild_FUP.zip: files entry 2 (Documentation Methodology/DocumentationMethodology_SchemaDefinitions_Standard_v1.md): action is "add", but it must be "create", "replace" or "move"
    - DocMeth_Rebuild_FUP.zip: files entry 3 (Documentation Methodology/DocumentationMethodology_SchemaAuthoring_Standard_v1.md): action is "add", but it must be "create", "replace" or "move"
    - DocMeth_Rebuild_FUP.zip: files entry 4 (Documentation Methodology/DocMeth_Decisions_v7.md): action is "add", but it must be "create", "replace" or "move"
    - DocMeth_Rebuild_FUP.zip: files entry 5 (Documentation Methodology/DocMeth_Working_v9.md): action is "add", but it must be "create", "replace" or "move"
  user instructions:    none in this package
  binder builder:       not triggered
  the package is now:   left in the drop folder
  folder naming:        no misspelled folders found
------------------------------------------------------------------------
FAILED - nothing was deployed
========================================================================

========================================================================
file update package   2026-09-14 17:54:13   LIVE
documentation root: C:\Users\david\dev\repos\DigitalBusiness-AIDE\Documentation
drop folder:        C:\Users\david\dev\repos\DigitalBusiness-AIDE\Documentation\_fileupdatepackages
package:            DocMeth_Rebuild_FUP.zip  (2026-09-14 17:54, 16,810 bytes)
description:        DocMeth clean-sheet rebuild — three new v1 standards replacing the existing v4 set, plus updated decisions and working documents
------------------------------------------------------------------------

[Documentation Methodology]
  DELETED           DocumentationMethodology_Authoring_Standard_v4.md
  REPLACED          Documentation Methodology/DocumentationMethodology_Standard_v1.md  (15,216 bytes)
  DELETED           DocumentationMethodology_Definitions_Standard_v4.md
  REPLACED          Documentation Methodology/DocumentationMethodology_SchemaDefinitions_Standard_v1.md  (4,490 bytes)
  DELETED           DocumentationMethodology_Schema_Standard_v4.md
  REPLACED          Documentation Methodology/DocumentationMethodology_SchemaAuthoring_Standard_v1.md  (7,671 bytes)
  DELETED           DocMeth_Decisions_v6.md
  REPLACED          Documentation Methodology/DocMeth_Decisions_v7.md  (8,316 bytes)
  DELETED           DocMeth_Working_v8.md
  REPLACED          Documentation Methodology/DocMeth_Working_v9.md  (3,167 bytes)

[_fileupdatepackages]
  PROCESSED         DocMeth_Rebuild_FUP.zip deleted

[.]
  BINDER            binder rebuild triggered

------------------------------------------------------------------------
Result: 5 replaced, 5 deleted, 1 binder, 1 processed
========================================================================
COMPLETION SUMMARY
------------------------------------------------------------------------
  package:              DocMeth_Rebuild_FUP.zip
                        DocMeth clean-sheet rebuild — three new v1 standards replacing the existing v4 set, plus updated decisions and working documents
  files replaced:       5
  files created:        0
  files moved:          0
  files deleted:        5
  conflicts:            0
  errors:               0
  user instructions:    none in this package
  binder builder:       triggered
  the package is now:   deleted
  folder naming:        no misspelled folders found
------------------------------------------------------------------------
COMPLETED SUCCESSFULLY
========================================================================

========================================================================
file update package   2026-09-14 17:58:19   LIVE
documentation root: C:\Users\david\dev\repos\DigitalBusiness-AIDE\Documentation
drop folder:        C:\Users\david\dev\repos\DigitalBusiness-AIDE\Documentation\_fileupdatepackages
package:            DocMeth_Rebuild_FUP.zip  (2026-09-14 17:58, 20,812 bytes)
description:        DocMeth clean-sheet rebuild — three new v1 standards replacing the existing v4 set, plus updated decisions, working document, and documentation WIP
------------------------------------------------------------------------

[Documentation Methodology]
  SKIPPED           Documentation Methodology/DocumentationMethodology_Standard_v1.md: nothing replaced - "DocumentationMethodology_Authoring_Standard_v4.md" is not in the documentation tree
  CONFLICT          Documentation Methodology/DocumentationMethodology_Standard_v1.md: not deployed - a file already exists there and the package did not name it as replaced
  SKIPPED           Documentation Methodology/DocumentationMethodology_SchemaDefinitions_Standard_v1.md: nothing replaced - "DocumentationMethodology_Definitions_Standard_v4.md" is not in the documentation tree
  CONFLICT          Documentation Methodology/DocumentationMethodology_SchemaDefinitions_Standard_v1.md: not deployed - a file already exists there and the package did not name it as replaced
  SKIPPED           Documentation Methodology/DocumentationMethodology_SchemaAuthoring_Standard_v1.md: nothing replaced - "DocumentationMethodology_Schema_Standard_v4.md" is not in the documentation tree
  CONFLICT          Documentation Methodology/DocumentationMethodology_SchemaAuthoring_Standard_v1.md: not deployed - a file already exists there and the package did not name it as replaced
  SKIPPED           Documentation Methodology/DocMeth_Decisions_v7.md: nothing replaced - "DocMeth_Decisions_v6.md" is not in the documentation tree
  CONFLICT          Documentation Methodology/DocMeth_Decisions_v7.md: not deployed - a file already exists there and the package did not name it as replaced
  SKIPPED           Documentation Methodology/DocMeth_Working_v9.md: nothing replaced - "DocMeth_Working_v8.md" is not in the documentation tree
  CONFLICT          Documentation Methodology/DocMeth_Working_v9.md: not deployed - a file already exists there and the package did not name it as replaced

[.]
  DELETED           AIDE_Documentation_WIP_v4.md
  REPLACED          AIDE_Documentation_WIP_v5.md  (9,621 bytes)
  BINDER            binder rebuild triggered

------------------------------------------------------------------------
Result: 1 replaced, 1 deleted, 5 conflict, 5 skipped, 1 binder
========================================================================
COMPLETION SUMMARY
------------------------------------------------------------------------
  package:              DocMeth_Rebuild_FUP.zip
                        DocMeth clean-sheet rebuild — three new v1 standards replacing the existing v4 set, plus updated decisions, working document, and documentation WIP
  files replaced:       1
  files created:        0
  files moved:          0
  files deleted:        1
  conflicts:            5
    - Documentation Methodology/DocumentationMethodology_Standard_v1.md: not deployed - a file already exists there and the package did not name it as replaced
    - Documentation Methodology/DocumentationMethodology_SchemaDefinitions_Standard_v1.md: not deployed - a file already exists there and the package did not name it as replaced
    - Documentation Methodology/DocumentationMethodology_SchemaAuthoring_Standard_v1.md: not deployed - a file already exists there and the package did not name it as replaced
    - Documentation Methodology/DocMeth_Decisions_v7.md: not deployed - a file already exists there and the package did not name it as replaced
    - Documentation Methodology/DocMeth_Working_v9.md: not deployed - a file already exists there and the package did not name it as replaced
  errors:               0
  user instructions:    none in this package
  binder builder:       triggered
  the package is now:   left in the drop folder - the deploy was not complete
  folder naming:        no misspelled folders found
------------------------------------------------------------------------
COMPLETED WITH ERRORS - the deploy is incomplete
========================================================================

========================================================================
file update package   2026-09-14 17:59:49   LIVE
documentation root: C:\Users\david\dev\repos\DigitalBusiness-AIDE\Documentation
drop folder:        C:\Users\david\dev\repos\DigitalBusiness-AIDE\Documentation\_fileupdatepackages
package:            DocMeth_Rebuild_FUP.zip  (2026-09-14 17:59, 16,745 bytes)
description:        DocMeth clean-sheet rebuild — final v1 standards replacing draft versions, plus updated decisions and working documents
------------------------------------------------------------------------

[Documentation Methodology]
  DELETED           DocumentationMethodology_Standard_v1.md
  REPLACED          Documentation Methodology/DocumentationMethodology_Standard_v1.md  (15,216 bytes)
  DELETED           DocumentationMethodology_SchemaDefinitions_Standard_v1.md
  REPLACED          Documentation Methodology/DocumentationMethodology_SchemaDefinitions_Standard_v1.md  (4,490 bytes)
  DELETED           DocumentationMethodology_SchemaAuthoring_Standard_v1.md
  REPLACED          Documentation Methodology/DocumentationMethodology_SchemaAuthoring_Standard_v1.md  (7,671 bytes)
  DELETED           DocMeth_Decisions_v7.md
  REPLACED          Documentation Methodology/DocMeth_Decisions_v7.md  (8,316 bytes)
  DELETED           DocMeth_Working_v9.md
  REPLACED          Documentation Methodology/DocMeth_Working_v9.md  (3,167 bytes)

[_fileupdatepackages]
  PROCESSED         DocMeth_Rebuild_FUP.zip deleted

[.]
  BINDER            binder rebuild triggered

------------------------------------------------------------------------
Result: 5 replaced, 5 deleted, 1 binder, 1 processed
========================================================================
COMPLETION SUMMARY
------------------------------------------------------------------------
  package:              DocMeth_Rebuild_FUP.zip
                        DocMeth clean-sheet rebuild — final v1 standards replacing draft versions, plus updated decisions and working documents
  files replaced:       5
  files created:        0
  files moved:          0
  files deleted:        5
  conflicts:            0
  errors:               0
  user instructions:    none in this package
  binder builder:       triggered
  the package is now:   deleted
  folder naming:        no misspelled folders found
------------------------------------------------------------------------
COMPLETED SUCCESSFULLY
========================================================================

========================================================================
file update package   2026-09-14 20:38:49   LIVE
documentation root: C:\Users\david\dev\repos\DigitalBusiness-AIDE\Documentation
drop folder:        C:\Users\david\dev\repos\DigitalBusiness-AIDE\Documentation\_fileupdatepackages
package:            Standards_DesignApproach_FUP.zip  (2026-09-14 20:38, 19,984 bytes)
------------------------------------------------------------------------

[_fileupdatepackages]
  INVALID           Standards_DesignApproach_FUP.zip: files entry 1 (Documentation/Standards/Standards_Authoring_Standard_v6.md): action is "create_or_replace", but it must be "create", "replace" or "move"
  INVALID           Standards_DesignApproach_FUP.zip: files entry 2 (Documentation/Standards/Standards_Design_v3.md): action is "create_or_replace", but it must be "create", "replace" or "move"
  INVALID           Standards_DesignApproach_FUP.zip: files entry 3 (Documentation/Standards/Standards_Decisions_v3.md): action is "create_or_replace", but it must be "create", "replace" or "move"
  INVALID           Standards_DesignApproach_FUP.zip: files entry 4 (Documentation/AIDE_Documentation_WIP_v6.md): action is "create_or_replace", but it must be "create", "replace" or "move"

------------------------------------------------------------------------
Result: 4 invalid
========================================================================
COMPLETION SUMMARY
------------------------------------------------------------------------
  package:              Standards_DesignApproach_FUP.zip
  files replaced:       0
  files created:        0
  files moved:          0
  files deleted:        0
  conflicts:            0
  errors:               0
  package rejected:     nothing in it was deployed
    - Standards_DesignApproach_FUP.zip: files entry 1 (Documentation/Standards/Standards_Authoring_Standard_v6.md): action is "create_or_replace", but it must be "create", "replace" or "move"
    - Standards_DesignApproach_FUP.zip: files entry 2 (Documentation/Standards/Standards_Design_v3.md): action is "create_or_replace", but it must be "create", "replace" or "move"
    - Standards_DesignApproach_FUP.zip: files entry 3 (Documentation/Standards/Standards_Decisions_v3.md): action is "create_or_replace", but it must be "create", "replace" or "move"
    - Standards_DesignApproach_FUP.zip: files entry 4 (Documentation/AIDE_Documentation_WIP_v6.md): action is "create_or_replace", but it must be "create", "replace" or "move"
  user instructions:    none in this package
  binder builder:       not triggered
  the package is now:   left in the drop folder
  folder naming:        no misspelled folders found
------------------------------------------------------------------------
FAILED - nothing was deployed
========================================================================

========================================================================
file update package   2026-09-14 20:39:40   LIVE
documentation root: C:\Users\david\dev\repos\DigitalBusiness-AIDE\Documentation
drop folder:        C:\Users\david\dev\repos\DigitalBusiness-AIDE\Documentation\_fileupdatepackages
package:            Standards_DesignApproach_FUP.zip  (2026-09-14 20:39, 19,973 bytes)
description:        Standards design approach update: two-class distinction (task vs carried), solving-model design sequence, default-Required strength model, three new authoring rules. Updates Design v2->v3, Decisions v2->v3, Authoring Standard v5->v6, Documentation WIP v5->v6.
------------------------------------------------------------------------

[Documentation\Standards]
  CREATED           Documentation/Standards/Standards_Authoring_Standard_v6.md  (11,633 bytes)
  CREATED           Documentation/Standards/Standards_Design_v3.md  (14,071 bytes)
  CREATED           Documentation/Standards/Standards_Decisions_v3.md  (14,344 bytes)

[Documentation]
  CREATED           Documentation/AIDE_Documentation_WIP_v6.md  (10,257 bytes)

[_fileupdatepackages]
  PROCESSED         Standards_DesignApproach_FUP.zip deleted

[.]
  BINDER            binder rebuild triggered

------------------------------------------------------------------------
Result: 4 created, 1 binder, 1 processed
========================================================================
COMPLETION SUMMARY
------------------------------------------------------------------------
  package:              Standards_DesignApproach_FUP.zip
                        Standards design approach update: two-class distinction (task vs carried), solving-model design sequence, default-Required strength model, three new authoring rules. Updates Design v2->v3, Decisions v2->v3, Authoring Standard v5->v6, Documentation WIP v5->v6.
  files replaced:       0
  files created:        4
  files moved:          0
  files deleted:        0
  conflicts:            0
  errors:               0
  user instructions:    present, shown and acknowledged
  binder builder:       triggered
  the package is now:   deleted
  folder naming:        no misspelled folders found
------------------------------------------------------------------------
COMPLETED SUCCESSFULLY
========================================================================

========================================================================
file update package   2026-09-14 20:50:09   LIVE
documentation root: C:\Users\david\dev\repos\DigitalBusiness-AIDE\Documentation
drop folder:        C:\Users\david\dev\repos\DigitalBusiness-AIDE\Documentation\_fileupdatepackages
package:            Standards_DesignApproach_FUP.zip  (2026-09-14 20:49, 19,973 bytes)
description:        Standards design approach update: two-class distinction (task vs carried), solving-model design sequence, default-Required strength model, three new authoring rules. Updates Design v2->v3, Decisions v2->v3, Authoring Standard v5->v6, Documentation WIP v5->v6.
------------------------------------------------------------------------

[Documentation\Standards]
  CONFLICT          Documentation/Standards/Standards_Authoring_Standard_v6.md: not deployed - a file already exists there and the package did not name it as replaced
  CONFLICT          Documentation/Standards/Standards_Design_v3.md: not deployed - a file already exists there and the package did not name it as replaced
  CONFLICT          Documentation/Standards/Standards_Decisions_v3.md: not deployed - a file already exists there and the package did not name it as replaced

[Documentation]
  CONFLICT          Documentation/AIDE_Documentation_WIP_v6.md: not deployed - a file already exists there and the package did not name it as replaced

------------------------------------------------------------------------
Result: 4 conflict
========================================================================
COMPLETION SUMMARY
------------------------------------------------------------------------
  package:              Standards_DesignApproach_FUP.zip
                        Standards design approach update: two-class distinction (task vs carried), solving-model design sequence, default-Required strength model, three new authoring rules. Updates Design v2->v3, Decisions v2->v3, Authoring Standard v5->v6, Documentation WIP v5->v6.
  files replaced:       0
  files created:        0
  files moved:          0
  files deleted:        0
  conflicts:            4
    - Documentation/Standards/Standards_Authoring_Standard_v6.md: not deployed - a file already exists there and the package did not name it as replaced
    - Documentation/Standards/Standards_Design_v3.md: not deployed - a file already exists there and the package did not name it as replaced
    - Documentation/Standards/Standards_Decisions_v3.md: not deployed - a file already exists there and the package did not name it as replaced
    - Documentation/AIDE_Documentation_WIP_v6.md: not deployed - a file already exists there and the package did not name it as replaced
  errors:               0
  user instructions:    present, shown and acknowledged
  binder builder:       not triggered - no files were deployed
  the package is now:   left in the drop folder - the deploy was not complete
  folder naming:        no misspelled folders found
------------------------------------------------------------------------
FAILED - nothing was deployed
========================================================================

========================================================================
file update package   2026-09-14 20:51:55   LIVE
documentation root: C:\Users\david\dev\repos\DigitalBusiness-AIDE\Documentation
drop folder:        C:\Users\david\dev\repos\DigitalBusiness-AIDE\Documentation\_fileupdatepackages
package:            Standards_DesignApproach_FUP.zip  (2026-09-14 20:51, 19,841 bytes)
description:        Standards design approach update: two-class distinction (task vs carried), solving-model design sequence, default-Required strength model, three new authoring rules. Updates Design v2->v3, Decisions v2->v3, Authoring Standard v5->v6, Documentation WIP v5->v6.
------------------------------------------------------------------------

[Standards]
  CREATED           Standards/Standards_Authoring_Standard_v6.md  (11,633 bytes)
  CREATED           Standards/Standards_Design_v3.md  (14,071 bytes)
  CREATED           Standards/Standards_Decisions_v3.md  (14,344 bytes)

[.]
  CONFLICT          AIDE_Documentation_WIP_v6.md: not deployed - a file already exists there and the package did not name it as replaced
  BINDER            binder rebuild triggered

------------------------------------------------------------------------
Result: 3 created, 1 conflict, 1 binder
========================================================================
COMPLETION SUMMARY
------------------------------------------------------------------------
  package:              Standards_DesignApproach_FUP.zip
                        Standards design approach update: two-class distinction (task vs carried), solving-model design sequence, default-Required strength model, three new authoring rules. Updates Design v2->v3, Decisions v2->v3, Authoring Standard v5->v6, Documentation WIP v5->v6.
  files replaced:       0
  files created:        3
  files moved:          0
  files deleted:        0
  conflicts:            1
    - AIDE_Documentation_WIP_v6.md: not deployed - a file already exists there and the package did not name it as replaced
  errors:               0
  user instructions:    none in this package
  binder builder:       triggered
  the package is now:   left in the drop folder - the deploy was not complete
  folder naming:        no misspelled folders found
------------------------------------------------------------------------
COMPLETED WITH ERRORS - the deploy is incomplete
========================================================================

========================================================================
file update package   2026-09-14 20:53:43   LIVE
documentation root: C:\Users\david\dev\repos\DigitalBusiness-AIDE\Documentation
drop folder:        C:\Users\david\dev\repos\DigitalBusiness-AIDE\Documentation\_fileupdatepackages
package:            FileUpdatePackage_Design_FUP.zip  (2026-09-14 20:52, 8,904 bytes)
description:        FileUpdatePackage_Design — updated to v2 to match deployed script
------------------------------------------------------------------------

[Infrastructure\file-update-package]
  CREATED           Infrastructure/file-update-package/FileUpdatePackage_Design_v2.md  (21,838 bytes)

[_fileupdatepackages]
  PROCESSED         FileUpdatePackage_Design_FUP.zip deleted

[.]
  BINDER            binder rebuild triggered

------------------------------------------------------------------------
Result: 1 created, 1 binder, 1 processed
========================================================================
COMPLETION SUMMARY
------------------------------------------------------------------------
  package:              FileUpdatePackage_Design_FUP.zip
                        FileUpdatePackage_Design — updated to v2 to match deployed script
  files replaced:       0
  files created:        1
  files moved:          0
  files deleted:        0
  conflicts:            0
  errors:               0
  user instructions:    none in this package
  binder builder:       triggered
  the package is now:   deleted
  folder naming:        no misspelled folders found
------------------------------------------------------------------------
COMPLETED SUCCESSFULLY
========================================================================

========================================================================
file update package   2026-09-14 21:11:21   LIVE
documentation root: C:\Users\david\dev\repos\DigitalBusiness-AIDE\Documentation
drop folder:        C:\Users\david\dev\repos\DigitalBusiness-AIDE\Documentation\_fileupdatepackages
package:            Standards_CrossReviewFixes_FUP.zip  (2026-09-14 21:10, 11,774 bytes)
description:        Cross-review fixes: F1 earn-your-place reclassified as design rule (eight authoring rules not nine), F2 D20 added, F3 reasoning boundary narrowed to design derivation, F4 solving-model sequence made universal.
------------------------------------------------------------------------

[Standards]
  DELETED           Standards_Design_v3.md
  REPLACED          Standards/Standards_Design_v3.md  (14,403 bytes)
  DELETED           Standards_Decisions_v3.md
  REPLACED          Standards/Standards_Decisions_v3.md  (15,777 bytes)

[_fileupdatepackages]
  PROCESSED         Standards_CrossReviewFixes_FUP.zip deleted

[.]
  BINDER            binder rebuild triggered

------------------------------------------------------------------------
Result: 2 replaced, 2 deleted, 1 binder, 1 processed
========================================================================
COMPLETION SUMMARY
------------------------------------------------------------------------
  package:              Standards_CrossReviewFixes_FUP.zip
                        Cross-review fixes: F1 earn-your-place reclassified as design rule (eight authoring rules not nine), F2 D20 added, F3 reasoning boundary narrowed to design derivation, F4 solving-model sequence made universal.
  files replaced:       2
  files created:        0
  files moved:          0
  files deleted:        2
  conflicts:            0
  errors:               0
  user instructions:    none in this package
  binder builder:       triggered
  the package is now:   deleted
  folder naming:        no misspelled folders found
------------------------------------------------------------------------
COMPLETED SUCCESSFULLY
========================================================================

========================================================================
file update package   2026-09-14 21:14:09   LIVE
documentation root: C:\Users\david\dev\repos\DigitalBusiness-AIDE\Documentation
drop folder:        C:\Users\david\dev\repos\DigitalBusiness-AIDE\Documentation\_fileupdatepackages
package:            Standards_EarnYourPlace_FUP.zip  (2026-09-14 21:14, 5,873 bytes)
description:        Cross-review round 2: restore earn-your-place design rule to Design v3 body (mechanical omission from round 1 fix).
------------------------------------------------------------------------

[Standards]
  DELETED           Standards_Design_v3.md
  REPLACED          Standards/Standards_Design_v3.md  (14,679 bytes)

[_fileupdatepackages]
  PROCESSED         Standards_EarnYourPlace_FUP.zip deleted

[.]
  BINDER            binder rebuild triggered

------------------------------------------------------------------------
Result: 1 replaced, 1 deleted, 1 binder, 1 processed
========================================================================
COMPLETION SUMMARY
------------------------------------------------------------------------
  package:              Standards_EarnYourPlace_FUP.zip
                        Cross-review round 2: restore earn-your-place design rule to Design v3 body (mechanical omission from round 1 fix).
  files replaced:       1
  files created:        0
  files moved:          0
  files deleted:        1
  conflicts:            0
  errors:               0
  user instructions:    none in this package
  binder builder:       triggered
  the package is now:   deleted
  folder naming:        no misspelled folders found
------------------------------------------------------------------------
COMPLETED SUCCESSFULLY
========================================================================

========================================================================
file update package   2026-09-14 21:41:54   LIVE
documentation root: C:\Users\david\dev\repos\DigitalBusiness-AIDE\Documentation
drop folder:        C:\Users\david\dev\repos\DigitalBusiness-AIDE\Documentation\_fileupdatepackages
package:            FUP_Design_Sync_FUP.zip  (2026-09-14 21:37, 15,577 bytes)
description:        Synced FUP script from deploy repo and updated design to v2
------------------------------------------------------------------------

[Infrastructure\file-update-package]
  DELETED           file_update_package.py
  REPLACED          Infrastructure/file-update-package/file_update_package.py  (33,387 bytes)
  DELETED           FileUpdatePackage_Design_v2.md
  REPLACED          Infrastructure/file-update-package/FileUpdatePackage_Design_v2.md  (18,965 bytes)

[_fileupdatepackages]
  PROCESSED         FUP_Design_Sync_FUP.zip deleted

[.]
  BINDER            binder rebuild triggered

------------------------------------------------------------------------
Result: 2 replaced, 2 deleted, 1 binder, 1 processed
========================================================================
COMPLETION SUMMARY
------------------------------------------------------------------------
  package:              FUP_Design_Sync_FUP.zip
                        Synced FUP script from deploy repo and updated design to v2
  files replaced:       2
  files created:        0
  files moved:          0
  files deleted:        2
  conflicts:            0
  errors:               0
  user instructions:    none in this package
  binder builder:       triggered
  the package is now:   deleted
  folder naming:        no misspelled folders found
------------------------------------------------------------------------
COMPLETED SUCCESSFULLY
========================================================================

========================================================================
file update package   2026-09-14 23:14:21   LIVE
documentation root: C:\Users\david\dev\repos\DigitalBusiness-AIDE\Documentation
drop folder:        C:\Users\david\dev\repos\DigitalBusiness-AIDE\Documentation\_fileupdatepackages
package:            PD_DesignApproach_FUP.zip  (2026-09-14 23:14, 33,620 bytes)
description:        PD design-approach update (cross-review remediated) + Standards Authoring acceptance test
------------------------------------------------------------------------

[Project Design]
  SKIPPED           Project Design/ProjectDesign_Standard_v4.md: nothing replaced - "ProjectDesign_Standard_v3.md" is not in the documentation tree
  CONFLICT          Project Design/ProjectDesign_Standard_v4.md: not deployed - a file already exists there and the package did not name it as replaced
  SKIPPED           Project Design/ProjectDesign_Design_v3.md: nothing replaced - "ProjectDesign_Design_v2.md" is not in the documentation tree
  CONFLICT          Project Design/ProjectDesign_Design_v3.md: not deployed - a file already exists there and the package did not name it as replaced
  SKIPPED           Project Design/ProjectDesign_Decisions_v3.md: nothing replaced - "ProjectDesign_Decisions_v2.md" is not in the documentation tree
  CONFLICT          Project Design/ProjectDesign_Decisions_v3.md: not deployed - a file already exists there and the package did not name it as replaced

[Standards]
  DELETED           Standards_Authoring_Standard_v6.md
  REPLACED          Standards/Standards_Authoring_Standard_v7.md  (11,698 bytes)

[.]
  BINDER            binder rebuild triggered

------------------------------------------------------------------------
Result: 1 replaced, 1 deleted, 3 conflict, 3 skipped, 1 binder
========================================================================
COMPLETION SUMMARY
------------------------------------------------------------------------
  package:              PD_DesignApproach_FUP.zip
                        PD design-approach update (cross-review remediated) + Standards Authoring acceptance test
  files replaced:       1
  files created:        0
  files moved:          0
  files deleted:        1
  conflicts:            3
    - Project Design/ProjectDesign_Standard_v4.md: not deployed - a file already exists there and the package did not name it as replaced
    - Project Design/ProjectDesign_Design_v3.md: not deployed - a file already exists there and the package did not name it as replaced
    - Project Design/ProjectDesign_Decisions_v3.md: not deployed - a file already exists there and the package did not name it as replaced
  errors:               0
  user instructions:    none in this package
  binder builder:       triggered
  the package is now:   left in the drop folder - the deploy was not complete
  folder naming:        no misspelled folders found
------------------------------------------------------------------------
COMPLETED WITH ERRORS - the deploy is incomplete
========================================================================

========================================================================
file update package   2026-09-14 23:15:57   LIVE
documentation root: C:\Users\david\dev\repos\DigitalBusiness-AIDE\Documentation
drop folder:        C:\Users\david\dev\repos\DigitalBusiness-AIDE\Documentation\_fileupdatepackages
package:            PD_DesignApproach_Remediated_FUP.zip  (2026-09-14 23:15, 28,804 bytes)
description:        PD design-approach update — cross-review remediated versions replacing pre-remediation files
------------------------------------------------------------------------

[Project Design]
  DELETED           ProjectDesign_Standard_v4.md
  REPLACED          Project Design/ProjectDesign_Standard_v4.md  (20,310 bytes)
  DELETED           ProjectDesign_Design_v3.md
  REPLACED          Project Design/ProjectDesign_Design_v3.md  (35,523 bytes)
  DELETED           ProjectDesign_Decisions_v3.md
  REPLACED          Project Design/ProjectDesign_Decisions_v3.md  (18,614 bytes)

[_fileupdatepackages]
  PROCESSED         PD_DesignApproach_Remediated_FUP.zip deleted

[.]
  BINDER            binder rebuild triggered

------------------------------------------------------------------------
Result: 3 replaced, 3 deleted, 1 binder, 1 processed
========================================================================
COMPLETION SUMMARY
------------------------------------------------------------------------
  package:              PD_DesignApproach_Remediated_FUP.zip
                        PD design-approach update — cross-review remediated versions replacing pre-remediation files
  files replaced:       3
  files created:        0
  files moved:          0
  files deleted:        3
  conflicts:            0
  errors:               0
  user instructions:    none in this package
  binder builder:       triggered
  the package is now:   deleted
  folder naming:        no misspelled folders found
------------------------------------------------------------------------
COMPLETED SUCCESSFULLY
========================================================================

========================================================================
file update package   2026-09-14 23:47:59   LIVE
documentation root: C:\Users\david\dev\repos\DigitalBusiness-AIDE\Documentation
drop folder:        C:\Users\david\dev\repos\DigitalBusiness-AIDE\Documentation\_fileupdatepackages
package:            standards_review_fup.zip  (2026-09-14 23:46, 15,546 bytes)
------------------------------------------------------------------------

[_fileupdatepackages]
  INVALID           standards_review_fup.zip: the package contains no _manifest.json

------------------------------------------------------------------------
Result: 1 invalid
========================================================================
COMPLETION SUMMARY
------------------------------------------------------------------------
  package:              standards_review_fup.zip
  files replaced:       0
  files created:        0
  files moved:          0
  files deleted:        0
  conflicts:            0
  errors:               0
  package rejected:     nothing in it was deployed
    - standards_review_fup.zip: the package contains no _manifest.json
  user instructions:    none in this package
  binder builder:       not triggered
  the package is now:   left in the drop folder
  folder naming:        no misspelled folders found
------------------------------------------------------------------------
FAILED - nothing was deployed
========================================================================

========================================================================
file update package   2026-09-14 23:48:57   LIVE
documentation root: C:\Users\david\dev\repos\DigitalBusiness-AIDE\Documentation
drop folder:        C:\Users\david\dev\repos\DigitalBusiness-AIDE\Documentation\_fileupdatepackages
package:            standards_review_fup.zip  (2026-09-14 23:48, 15,338 bytes)
------------------------------------------------------------------------

[_fileupdatepackages]
  INVALID           standards_review_fup.zip: files entry 1 (Tools/Tools_Authoring_Standard_v5.md): action is "", but it must be "create", "replace" or "move"
  INVALID           standards_review_fup.zip: files entry 2 (Tools/Tools_Decisions_v5.md): action is "", but it must be "create", "replace" or "move"
  INVALID           standards_review_fup.zip: files entry 3 (Tools/Tools_Design_v4.md): action is "", but it must be "create", "replace" or "move"
  INVALID           standards_review_fup.zip: files entry 4 (Core/Core_Schema_Standard_v2.md): action is "", but it must be "create", "replace" or "move"
  INVALID           standards_review_fup.zip: files entry 5 (Standards/Standards_Consumption_Standard_v3.md): action is "", but it must be "create", "replace" or "move"

------------------------------------------------------------------------
Result: 5 invalid
========================================================================
COMPLETION SUMMARY
------------------------------------------------------------------------
  package:              standards_review_fup.zip
  files replaced:       0
  files created:        0
  files moved:          0
  files deleted:        0
  conflicts:            0
  errors:               0
  package rejected:     nothing in it was deployed
    - standards_review_fup.zip: files entry 1 (Tools/Tools_Authoring_Standard_v5.md): action is "", but it must be "create", "replace" or "move"
    - standards_review_fup.zip: files entry 2 (Tools/Tools_Decisions_v5.md): action is "", but it must be "create", "replace" or "move"
    - standards_review_fup.zip: files entry 3 (Tools/Tools_Design_v4.md): action is "", but it must be "create", "replace" or "move"
    - standards_review_fup.zip: files entry 4 (Core/Core_Schema_Standard_v2.md): action is "", but it must be "create", "replace" or "move"
    - standards_review_fup.zip: files entry 5 (Standards/Standards_Consumption_Standard_v3.md): action is "", but it must be "create", "replace" or "move"
  user instructions:    none in this package
  binder builder:       not triggered
  the package is now:   left in the drop folder
  folder naming:        no misspelled folders found
------------------------------------------------------------------------
FAILED - nothing was deployed
========================================================================

========================================================================
file update package   2026-09-14 23:49:16   LIVE
documentation root: C:\Users\david\dev\repos\DigitalBusiness-AIDE\Documentation
drop folder:        C:\Users\david\dev\repos\DigitalBusiness-AIDE\Documentation\_fileupdatepackages
package:            standards_review_fup.zip  (2026-09-14 23:49, 15,338 bytes)
------------------------------------------------------------------------

[_fileupdatepackages]
  INVALID           standards_review_fup.zip: files entry 1 (Tools/Tools_Authoring_Standard_v5.md): action is "", but it must be "create", "replace" or "move"
  INVALID           standards_review_fup.zip: files entry 2 (Tools/Tools_Decisions_v5.md): action is "", but it must be "create", "replace" or "move"
  INVALID           standards_review_fup.zip: files entry 3 (Tools/Tools_Design_v4.md): action is "", but it must be "create", "replace" or "move"
  INVALID           standards_review_fup.zip: files entry 4 (Core/Core_Schema_Standard_v2.md): action is "", but it must be "create", "replace" or "move"
  INVALID           standards_review_fup.zip: files entry 5 (Standards/Standards_Consumption_Standard_v3.md): action is "", but it must be "create", "replace" or "move"

------------------------------------------------------------------------
Result: 5 invalid
========================================================================
COMPLETION SUMMARY
------------------------------------------------------------------------
  package:              standards_review_fup.zip
  files replaced:       0
  files created:        0
  files moved:          0
  files deleted:        0
  conflicts:            0
  errors:               0
  package rejected:     nothing in it was deployed
    - standards_review_fup.zip: files entry 1 (Tools/Tools_Authoring_Standard_v5.md): action is "", but it must be "create", "replace" or "move"
    - standards_review_fup.zip: files entry 2 (Tools/Tools_Decisions_v5.md): action is "", but it must be "create", "replace" or "move"
    - standards_review_fup.zip: files entry 3 (Tools/Tools_Design_v4.md): action is "", but it must be "create", "replace" or "move"
    - standards_review_fup.zip: files entry 4 (Core/Core_Schema_Standard_v2.md): action is "", but it must be "create", "replace" or "move"
    - standards_review_fup.zip: files entry 5 (Standards/Standards_Consumption_Standard_v3.md): action is "", but it must be "create", "replace" or "move"
  user instructions:    none in this package
  binder builder:       not triggered
  the package is now:   left in the drop folder
  folder naming:        no misspelled folders found
------------------------------------------------------------------------
FAILED - nothing was deployed
========================================================================

========================================================================
file update package   2026-09-14 23:50:02   LIVE
documentation root: C:\Users\david\dev\repos\DigitalBusiness-AIDE\Documentation
drop folder:        C:\Users\david\dev\repos\DigitalBusiness-AIDE\Documentation\_fileupdatepackages
package:            standards_review_fup.zip  (2026-09-14 23:49, 15,338 bytes)
------------------------------------------------------------------------

[_fileupdatepackages]
  INVALID           standards_review_fup.zip: files entry 1 (Tools/Tools_Authoring_Standard_v5.md): action is "", but it must be "create", "replace" or "move"
  INVALID           standards_review_fup.zip: files entry 2 (Tools/Tools_Decisions_v5.md): action is "", but it must be "create", "replace" or "move"
  INVALID           standards_review_fup.zip: files entry 3 (Tools/Tools_Design_v4.md): action is "", but it must be "create", "replace" or "move"
  INVALID           standards_review_fup.zip: files entry 4 (Core/Core_Schema_Standard_v2.md): action is "", but it must be "create", "replace" or "move"
  INVALID           standards_review_fup.zip: files entry 5 (Standards/Standards_Consumption_Standard_v3.md): action is "", but it must be "create", "replace" or "move"

------------------------------------------------------------------------
Result: 5 invalid
========================================================================
COMPLETION SUMMARY
------------------------------------------------------------------------
  package:              standards_review_fup.zip
  files replaced:       0
  files created:        0
  files moved:          0
  files deleted:        0
  conflicts:            0
  errors:               0
  package rejected:     nothing in it was deployed
    - standards_review_fup.zip: files entry 1 (Tools/Tools_Authoring_Standard_v5.md): action is "", but it must be "create", "replace" or "move"
    - standards_review_fup.zip: files entry 2 (Tools/Tools_Decisions_v5.md): action is "", but it must be "create", "replace" or "move"
    - standards_review_fup.zip: files entry 3 (Tools/Tools_Design_v4.md): action is "", but it must be "create", "replace" or "move"
    - standards_review_fup.zip: files entry 4 (Core/Core_Schema_Standard_v2.md): action is "", but it must be "create", "replace" or "move"
    - standards_review_fup.zip: files entry 5 (Standards/Standards_Consumption_Standard_v3.md): action is "", but it must be "create", "replace" or "move"
  user instructions:    none in this package
  binder builder:       not triggered
  the package is now:   left in the drop folder
  folder naming:        no misspelled folders found
------------------------------------------------------------------------
FAILED - nothing was deployed
========================================================================

========================================================================
file update package   2026-09-14 23:51:16   LIVE
documentation root: C:\Users\david\dev\repos\DigitalBusiness-AIDE\Documentation
drop folder:        C:\Users\david\dev\repos\DigitalBusiness-AIDE\Documentation\_fileupdatepackages
package:            standards_review_fup_v2.zip  (2026-09-14 23:50, 15,350 bytes)
------------------------------------------------------------------------

[Tools]
  DELETED           Tools_Authoring_Standard_v4.md
  REPLACED          Tools/Tools_Authoring_Standard_v5.md  (8,149 bytes)
  DELETED           Tools_Decisions_v4.md
  REPLACED          Tools/Tools_Decisions_v5.md  (12,949 bytes)
  DELETED           Tools_Design_v3.md
  REPLACED          Tools/Tools_Design_v4.md  (8,600 bytes)

[Core]
  DELETED           Core_Schema_Standard_v1.md
  REPLACED          Core/Core_Schema_Standard_v2.md  (1,176 bytes)

[Standards]
  DELETED           Standards_Consumption_Standard_v2.md
  REPLACED          Standards/Standards_Consumption_Standard_v3.md  (2,554 bytes)

[_fileupdatepackages]
  PROCESSED         standards_review_fup_v2.zip deleted

[.]
  BINDER            binder rebuild triggered

------------------------------------------------------------------------
Result: 5 replaced, 5 deleted, 1 binder, 1 processed
========================================================================
COMPLETION SUMMARY
------------------------------------------------------------------------
  package:              standards_review_fup_v2.zip
  files replaced:       5
  files created:        0
  files moved:          0
  files deleted:        5
  conflicts:            0
  errors:               0
  user instructions:    none in this package
  binder builder:       triggered
  the package is now:   deleted
  folder naming:        no misspelled folders found
------------------------------------------------------------------------
COMPLETED SUCCESSFULLY
========================================================================

