========================================================================
binder builder   2026-09-10 22:27:08   DRY RUN (nothing written)
binder:   AIDE_Documentation
root:     C:\Users\david\dev\repos\DigitalBusiness-AIDE\Documentation
settings: C:\Users\david\dev\repos\DigitalBusiness-AIDE\Documentation\_aide\utilities\binder-builder\binder_builder_AIDE_Documentation_settings.json
include:  ~/_rebuild
folders collected from: 13
change detection: AIDE_Documentation_Binder_v12.md: 45 file(s) in scope, all matching the manifest - binder not rebuilt
------------------------------------------------------------------------

[_binder]
  WOULD CHECK      no changes detected since AIDE_Documentation_Binder_v12.md; binder would not be rebuilt

[_rebuild]
  SKIPPED          AIDE_DesignApproach_WIP_v1.md: matches exclude_files pattern "*_WIP_*"
  SKIPPED          AIDE_Rebuild_WIP_v24.md: matches exclude_files pattern "*_WIP_*"

------------------------------------------------------------------------
Result: 2 skipped, 1 would check
========================================================================

========================================================================
binder builder   2026-09-10 22:30:49   LIVE
binder:   AIDE_Documentation
root:     C:\Users\david\dev\repos\DigitalBusiness-AIDE\Documentation
settings: C:\Users\david\dev\repos\DigitalBusiness-AIDE\Documentation\_aide\utilities\binder-builder\binder_builder_AIDE_Documentation_settings.json
include:  ~/_rebuild
folders collected from: 13
change detection: AIDE_Documentation_Binder_v12.md: 45 file(s) in scope, all matching the manifest - binder not rebuilt
------------------------------------------------------------------------

[_binder]
  NO CHANGES       no changes detected since AIDE_Documentation_Binder_v12.md; binder not rebuilt

[_rebuild]
  SKIPPED          AIDE_DesignApproach_WIP_v1.md: matches exclude_files pattern "*_WIP_*"
  SKIPPED          AIDE_Rebuild_WIP_v24.md: matches exclude_files pattern "*_WIP_*"

------------------------------------------------------------------------
Result: 2 skipped, 1 no changes
========================================================================

========================================================================
binder builder   2026-09-10 22:33:21   LIVE
binder:   AIDE_Documentation
root:     C:\Users\david\dev\repos\DigitalBusiness-AIDE\Documentation
settings: C:\Users\david\dev\repos\DigitalBusiness-AIDE\Documentation\_aide\utilities\binder-builder\binder_builder_AIDE_Documentation_settings.json
include:  ~/_rebuild
folders collected from: 13
change detection: AIDE_Documentation_Binder_v12.md: 45 file(s) in scope, all matching the manifest - binder not rebuilt
------------------------------------------------------------------------

[_binder]
  NO CHANGES       no changes detected since AIDE_Documentation_Binder_v12.md; binder not rebuilt

[_rebuild]
  SKIPPED          AIDE_DesignApproach_WIP_v1.md: matches exclude_files pattern "*_WIP_*"
  SKIPPED          AIDE_Rebuild_WIP_v24.md: matches exclude_files pattern "*_WIP_*"

------------------------------------------------------------------------
Result: 2 skipped, 1 no changes
========================================================================

========================================================================
binder builder   2026-09-10 22:34:08   LIVE
binder:   AIDE_Documentation
root:     C:\Users\david\dev\repos\DigitalBusiness-AIDE\Documentation
settings: C:\Users\david\dev\repos\DigitalBusiness-AIDE\Documentation\_aide\utilities\binder-builder\binder_builder_AIDE_Documentation_settings.json
include:  ~/_rebuild
folders collected from: 13
change detection: AIDE_Documentation_Binder_v12.md: 45 file(s) in scope, all matching the manifest - binder not rebuilt
------------------------------------------------------------------------

[_binder]
  NO CHANGES       no changes detected since AIDE_Documentation_Binder_v12.md; binder not rebuilt

[_rebuild]
  SKIPPED          AIDE_DesignApproach_WIP_v1.md: matches exclude_files pattern "*_WIP_*"
  SKIPPED          AIDE_Rebuild_WIP_v24.md: matches exclude_files pattern "*_WIP_*"

------------------------------------------------------------------------
Result: 2 skipped, 1 no changes
========================================================================

========================================================================
binder builder   2026-09-10 22:37:48   LIVE
binder:   AIDE_Documentation
root:     C:\Users\david\dev\repos\DigitalBusiness-AIDE\Documentation
settings: C:\Users\david\dev\repos\DigitalBusiness-AIDE\Documentation\_aide\utilities\binder-builder\binder_builder_AIDE_Documentation_settings.json
include:  ~/_rebuild
folders collected from: 13
change detection: AIDE_Documentation_Binder_v12.md: 1 added (Core/check test.txt) - rebuilding
------------------------------------------------------------------------

[Core]
  INCLUDED         _index.md  (sha256 8e58c5e0026b)
  INCLUDED         check test.txt  (sha256 e3b0c44298fc)
  INCLUDED         Core_AIDEMap.md  (sha256 e3b0c44298fc)
  INCLUDED         Core_AIDEMap.yaml  (sha256 a3f651bdb590)
  INCLUDED         Core_AIDEPrinciples_Decisions_v1.md  (sha256 655de3e64709)
  INCLUDED         Core_AIDEPrinciples_Design_v1.md  (sha256 60e20e8d0b9d)
  INCLUDED         Core_Brief_v1.md  (sha256 6c2e6280ea89)
  INCLUDED         Core_Design_Documentation_Working_v1.md  (sha256 b2999c523397)
  INCLUDED         Core_Structure_Decisions_v1.md  (sha256 2217f6768b89)
  INCLUDED         Core_Structure_Design_v1.md  (sha256 f464dc43de50)
  INCLUDED         Core_Tags_Working_v1.md  (sha256 ae6557378adf)
  INCLUDED         Core_Working_v1.md  (sha256 9808a331b339)

[Documentation Methodology]
  INCLUDED         _index.md  (sha256 dd54608243d5)
  INCLUDED         DocMeth_Decisions_v1.md  (sha256 b349e5ec403e)
  INCLUDED         DocMeth_Design_v1.md  (sha256 e747f8b0f5e2)
  INCLUDED         DocMeth_Working_v1.md  (sha256 1af58d615fd8)

[Infrastructure]
  INCLUDED         _index.md  (sha256 fb736219786c)
  INCLUDED         Infrastructure_CLI_Decisions_v1.md  (sha256 d6e28bcbd3c3)
  INCLUDED         Infrastructure_CLI_Design_v1.md  (sha256 6ca6dc31f006)
  INCLUDED         Infrastructure_Working_v1.md  (sha256 1d7a11e25a57)

[Infrastructure\binder-builder]
  INCLUDED         binder_builder_Documentation_settings.json  (sha256 b9b89306305b)
  INCLUDED         BinderBuilder_Design_v10.md  (sha256 e6573d80384e)
  INCLUDED         README.md  (sha256 3ec5dab12e67)

[Infrastructure\file-update-package]
  INCLUDED         file_update_package_settings.json  (sha256 fce12837157e)
  INCLUDED         FileUpdatePackage_Design_v1.md  (sha256 11ad3a9f4c94)
  INCLUDED         README.md  (sha256 203b6f20f7ce)

[Infrastructure\version-cleanup]
  INCLUDED         README.md  (sha256 a978d666e85a)
  INCLUDED         version_cleanup_settings.json  (sha256 c17e9142e485)
  INCLUDED         VersionCleanup_Design_v3.md  (sha256 e6d1eb38aba5)

[Principles]
  INCLUDED         Principles_Decisions_v4.md  (sha256 2c31c26b5c66)
  INCLUDED         Principles_Design_v4.md  (sha256 4bd5797d3d2e)

[Standards]
  INCLUDED         _index.md  (sha256 3bd4678a60c0)
  INCLUDED         Standards_Working_v1.md  (sha256 9677537477ab)

[Working Practices]
  INCLUDED         _index.md  (sha256 f1d40d14c547)
  INCLUDED         WP_Capture_Working_v1.md  (sha256 54171d4dea8b)
  INCLUDED         WP_ContentDelivery_Working_v1.md  (sha256 6b858ff04f50)
  INCLUDED         WP_WorkManagement_Working_v1.md  (sha256 59a0bba2401c)

[Working Practices\FileOps]
  INCLUDED         WP_FileOps_Working_v1.md  (sha256 f2ffcdd7c76f)

[_binder]
  DELETED          AIDE_Documentation_Binder_v12.md
  WRITTEN          AIDE_Documentation_Binder_v13.md  (46 files, 423290 bytes)

[_rebuild]
  INCLUDED         AIDE_Component_PurposeLines_v2.md  (sha256 b1836489f28b)
  INCLUDED         AIDE_Rebuild_Guide_v1.md  (sha256 01ceb45e507b)
  INCLUDED         AIDE_Rebuild_Overview_v1.md  (sha256 5a65c44f5991)
  INCLUDED         AIDE_Rebuild_SettledDecisions_v1.md  (sha256 33593102e982)
  INCLUDED         ProjectDesign_Decisions_Pending_v1.md  (sha256 647aacf4c1ad)
  INCLUDED         ProjectDesign_Design_Pending_v1.md  (sha256 587bc4c6165f)
  INCLUDED         ProjectDesign_StandardInputs_Pending_v1.md  (sha256 710b74bb0958)
  INCLUDED         ProjectDesign_WorkRegister_Pending_v1.md  (sha256 638ebbfb6eef)
  SKIPPED          AIDE_DesignApproach_WIP_v1.md: matches exclude_files pattern "*_WIP_*"
  SKIPPED          AIDE_Rebuild_WIP_v24.md: matches exclude_files pattern "*_WIP_*"

------------------------------------------------------------------------
Result: 46 included, 2 skipped, 1 written, 1 deleted
========================================================================

========================================================================
binder builder   2026-09-10 22:38:26   LIVE
binder:   AIDE_Documentation
root:     C:\Users\david\dev\repos\DigitalBusiness-AIDE\Documentation
settings: C:\Users\david\dev\repos\DigitalBusiness-AIDE\Documentation\_aide\utilities\binder-builder\binder_builder_AIDE_Documentation_settings.json
include:  ~/_rebuild
folders collected from: 13
change detection: AIDE_Documentation_Binder_v13.md: 1 removed (Core/check test.txt) - rebuilding
------------------------------------------------------------------------

[Core]
  INCLUDED         _index.md  (sha256 8e58c5e0026b)
  INCLUDED         Core_AIDEMap.md  (sha256 e3b0c44298fc)
  INCLUDED         Core_AIDEMap.yaml  (sha256 a3f651bdb590)
  INCLUDED         Core_AIDEPrinciples_Decisions_v1.md  (sha256 655de3e64709)
  INCLUDED         Core_AIDEPrinciples_Design_v1.md  (sha256 60e20e8d0b9d)
  INCLUDED         Core_Brief_v1.md  (sha256 6c2e6280ea89)
  INCLUDED         Core_Design_Documentation_Working_v1.md  (sha256 b2999c523397)
  INCLUDED         Core_Structure_Decisions_v1.md  (sha256 2217f6768b89)
  INCLUDED         Core_Structure_Design_v1.md  (sha256 f464dc43de50)
  INCLUDED         Core_Tags_Working_v1.md  (sha256 ae6557378adf)
  INCLUDED         Core_Working_v1.md  (sha256 9808a331b339)

[Documentation Methodology]
  INCLUDED         _index.md  (sha256 dd54608243d5)
  INCLUDED         DocMeth_Decisions_v1.md  (sha256 b349e5ec403e)
  INCLUDED         DocMeth_Design_v1.md  (sha256 e747f8b0f5e2)
  INCLUDED         DocMeth_Working_v1.md  (sha256 1af58d615fd8)

[Infrastructure]
  INCLUDED         _index.md  (sha256 fb736219786c)
  INCLUDED         Infrastructure_CLI_Decisions_v1.md  (sha256 d6e28bcbd3c3)
  INCLUDED         Infrastructure_CLI_Design_v1.md  (sha256 6ca6dc31f006)
  INCLUDED         Infrastructure_Working_v1.md  (sha256 1d7a11e25a57)

[Infrastructure\binder-builder]
  INCLUDED         binder_builder_Documentation_settings.json  (sha256 b9b89306305b)
  INCLUDED         BinderBuilder_Design_v10.md  (sha256 e6573d80384e)
  INCLUDED         README.md  (sha256 3ec5dab12e67)

[Infrastructure\file-update-package]
  INCLUDED         file_update_package_settings.json  (sha256 fce12837157e)
  INCLUDED         FileUpdatePackage_Design_v1.md  (sha256 11ad3a9f4c94)
  INCLUDED         README.md  (sha256 203b6f20f7ce)

[Infrastructure\version-cleanup]
  INCLUDED         README.md  (sha256 a978d666e85a)
  INCLUDED         version_cleanup_settings.json  (sha256 c17e9142e485)
  INCLUDED         VersionCleanup_Design_v3.md  (sha256 e6d1eb38aba5)

[Principles]
  INCLUDED         Principles_Decisions_v4.md  (sha256 2c31c26b5c66)
  INCLUDED         Principles_Design_v4.md  (sha256 4bd5797d3d2e)

[Standards]
  INCLUDED         _index.md  (sha256 3bd4678a60c0)
  INCLUDED         Standards_Working_v1.md  (sha256 9677537477ab)

[Working Practices]
  INCLUDED         _index.md  (sha256 f1d40d14c547)
  INCLUDED         WP_Capture_Working_v1.md  (sha256 54171d4dea8b)
  INCLUDED         WP_ContentDelivery_Working_v1.md  (sha256 6b858ff04f50)
  INCLUDED         WP_WorkManagement_Working_v1.md  (sha256 59a0bba2401c)

[Working Practices\FileOps]
  INCLUDED         WP_FileOps_Working_v1.md  (sha256 f2ffcdd7c76f)

[_binder]
  DELETED          AIDE_Documentation_Binder_v13.md
  WRITTEN          AIDE_Documentation_Binder_v14.md  (45 files, 423152 bytes)

[_rebuild]
  INCLUDED         AIDE_Component_PurposeLines_v2.md  (sha256 b1836489f28b)
  INCLUDED         AIDE_Rebuild_Guide_v1.md  (sha256 01ceb45e507b)
  INCLUDED         AIDE_Rebuild_Overview_v1.md  (sha256 5a65c44f5991)
  INCLUDED         AIDE_Rebuild_SettledDecisions_v1.md  (sha256 33593102e982)
  INCLUDED         ProjectDesign_Decisions_Pending_v1.md  (sha256 647aacf4c1ad)
  INCLUDED         ProjectDesign_Design_Pending_v1.md  (sha256 587bc4c6165f)
  INCLUDED         ProjectDesign_StandardInputs_Pending_v1.md  (sha256 710b74bb0958)
  INCLUDED         ProjectDesign_WorkRegister_Pending_v1.md  (sha256 638ebbfb6eef)
  SKIPPED          AIDE_DesignApproach_WIP_v1.md: matches exclude_files pattern "*_WIP_*"
  SKIPPED          AIDE_Rebuild_WIP_v24.md: matches exclude_files pattern "*_WIP_*"

------------------------------------------------------------------------
Result: 45 included, 2 skipped, 1 written, 1 deleted
========================================================================

========================================================================
binder builder   2026-09-10 22:41:11   LIVE
binder:   AIDE_Documentation
root:     C:\Users\david\dev\repos\DigitalBusiness-AIDE\Documentation
settings: C:\Users\david\dev\repos\DigitalBusiness-AIDE\Documentation\_aide\utilities\binder-builder\binder_builder_AIDE_Documentation_settings.json
include:  ~/_rebuild
folders collected from: 13
change detection: AIDE_Documentation_Binder_v14.md: 45 file(s) in scope, all matching the manifest - binder not rebuilt
------------------------------------------------------------------------

[_binder]
  NO CHANGES       no changes detected since AIDE_Documentation_Binder_v14.md; binder not rebuilt

[_rebuild]
  SKIPPED          AIDE_DesignApproach_WIP_v1.md: matches exclude_files pattern "*_WIP_*"
  SKIPPED          AIDE_Rebuild_WIP_v24.md: matches exclude_files pattern "*_WIP_*"

------------------------------------------------------------------------
Result: 2 skipped, 1 no changes
========================================================================

========================================================================
binder builder   2026-09-10 22:44:13   LIVE
binder:   AIDE_Documentation
root:     C:\Users\david\dev\repos\DigitalBusiness-AIDE\Documentation
settings: C:\Users\david\dev\repos\DigitalBusiness-AIDE\Documentation\_aide\utilities\binder-builder\binder_builder_AIDE_Documentation_settings.json
include:  ~/_rebuild
folders collected from: 13
change detection: AIDE_Documentation_Binder_v14.md: 2 changed (Infrastructure/Infrastructure_CLI_Decisions_v1.md, Infrastructure/Infrastructure_CLI_Design_v1.md) - rebuilding
------------------------------------------------------------------------

[Core]
  INCLUDED         _index.md  (sha256 8e58c5e0026b)
  INCLUDED         Core_AIDEMap.md  (sha256 e3b0c44298fc)
  INCLUDED         Core_AIDEMap.yaml  (sha256 a3f651bdb590)
  INCLUDED         Core_AIDEPrinciples_Decisions_v1.md  (sha256 655de3e64709)
  INCLUDED         Core_AIDEPrinciples_Design_v1.md  (sha256 60e20e8d0b9d)
  INCLUDED         Core_Brief_v1.md  (sha256 6c2e6280ea89)
  INCLUDED         Core_Design_Documentation_Working_v1.md  (sha256 b2999c523397)
  INCLUDED         Core_Structure_Decisions_v1.md  (sha256 2217f6768b89)
  INCLUDED         Core_Structure_Design_v1.md  (sha256 f464dc43de50)
  INCLUDED         Core_Tags_Working_v1.md  (sha256 ae6557378adf)
  INCLUDED         Core_Working_v1.md  (sha256 9808a331b339)

[Documentation Methodology]
  INCLUDED         _index.md  (sha256 dd54608243d5)
  INCLUDED         DocMeth_Decisions_v1.md  (sha256 b349e5ec403e)
  INCLUDED         DocMeth_Design_v1.md  (sha256 e747f8b0f5e2)
  INCLUDED         DocMeth_Working_v1.md  (sha256 1af58d615fd8)

[Infrastructure]
  INCLUDED         _index.md  (sha256 fb736219786c)
  INCLUDED         Infrastructure_CLI_Decisions_v1.md  (sha256 7a16726b5162)
  INCLUDED         Infrastructure_CLI_Design_v1.md  (sha256 12e05744ff4a)
  INCLUDED         Infrastructure_Working_v1.md  (sha256 1d7a11e25a57)

[Infrastructure\binder-builder]
  INCLUDED         binder_builder_Documentation_settings.json  (sha256 b9b89306305b)
  INCLUDED         BinderBuilder_Design_v10.md  (sha256 e6573d80384e)
  INCLUDED         README.md  (sha256 3ec5dab12e67)

[Infrastructure\file-update-package]
  INCLUDED         file_update_package_settings.json  (sha256 fce12837157e)
  INCLUDED         FileUpdatePackage_Design_v1.md  (sha256 11ad3a9f4c94)
  INCLUDED         README.md  (sha256 203b6f20f7ce)

[Infrastructure\version-cleanup]
  INCLUDED         README.md  (sha256 a978d666e85a)
  INCLUDED         version_cleanup_settings.json  (sha256 c17e9142e485)
  INCLUDED         VersionCleanup_Design_v3.md  (sha256 e6d1eb38aba5)

[Principles]
  INCLUDED         Principles_Decisions_v4.md  (sha256 2c31c26b5c66)
  INCLUDED         Principles_Design_v4.md  (sha256 4bd5797d3d2e)

[Standards]
  INCLUDED         _index.md  (sha256 3bd4678a60c0)
  INCLUDED         Standards_Working_v1.md  (sha256 9677537477ab)

[Working Practices]
  INCLUDED         _index.md  (sha256 f1d40d14c547)
  INCLUDED         WP_Capture_Working_v1.md  (sha256 54171d4dea8b)
  INCLUDED         WP_ContentDelivery_Working_v1.md  (sha256 6b858ff04f50)
  INCLUDED         WP_WorkManagement_Working_v1.md  (sha256 59a0bba2401c)

[Working Practices\FileOps]
  INCLUDED         WP_FileOps_Working_v1.md  (sha256 f2ffcdd7c76f)

[_binder]
  DELETED          AIDE_Documentation_Binder_v14.md
  WRITTEN          AIDE_Documentation_Binder_v15.md  (45 files, 425536 bytes)

[_rebuild]
  INCLUDED         AIDE_Component_PurposeLines_v2.md  (sha256 b1836489f28b)
  INCLUDED         AIDE_Rebuild_Guide_v1.md  (sha256 01ceb45e507b)
  INCLUDED         AIDE_Rebuild_Overview_v1.md  (sha256 5a65c44f5991)
  INCLUDED         AIDE_Rebuild_SettledDecisions_v1.md  (sha256 33593102e982)
  INCLUDED         ProjectDesign_Decisions_Pending_v1.md  (sha256 647aacf4c1ad)
  INCLUDED         ProjectDesign_Design_Pending_v1.md  (sha256 587bc4c6165f)
  INCLUDED         ProjectDesign_StandardInputs_Pending_v1.md  (sha256 710b74bb0958)
  INCLUDED         ProjectDesign_WorkRegister_Pending_v1.md  (sha256 638ebbfb6eef)
  SKIPPED          AIDE_DesignApproach_WIP_v1.md: matches exclude_files pattern "*_WIP_*"
  SKIPPED          AIDE_Rebuild_WIP_v24.md: matches exclude_files pattern "*_WIP_*"

------------------------------------------------------------------------
Result: 45 included, 2 skipped, 1 written, 1 deleted
========================================================================

========================================================================
binder builder   2026-09-11 00:15:01   LIVE
binder:   AIDE_Documentation
root:     C:\Users\david\dev\repos\DigitalBusiness-AIDE\Documentation
settings: C:\Users\david\dev\repos\DigitalBusiness-AIDE\Documentation\_aide\utilities\binder-builder\binder_builder_AIDE_Documentation_settings.json
include:  ~/_rebuild
folders collected from: 13
change detection: AIDE_Documentation_Binder_v15.md: 2 added (Standards/Standards_Decisions_v1.md, Standards/Standards_Design_v1.md) - rebuilding
------------------------------------------------------------------------

[Core]
  INCLUDED         _index.md  (sha256 8e58c5e0026b)
  INCLUDED         Core_AIDEMap.md  (sha256 e3b0c44298fc)
  INCLUDED         Core_AIDEMap.yaml  (sha256 a3f651bdb590)
  INCLUDED         Core_AIDEPrinciples_Decisions_v1.md  (sha256 655de3e64709)
  INCLUDED         Core_AIDEPrinciples_Design_v1.md  (sha256 60e20e8d0b9d)
  INCLUDED         Core_Brief_v1.md  (sha256 6c2e6280ea89)
  INCLUDED         Core_Design_Documentation_Working_v1.md  (sha256 b2999c523397)
  INCLUDED         Core_Structure_Decisions_v1.md  (sha256 2217f6768b89)
  INCLUDED         Core_Structure_Design_v1.md  (sha256 f464dc43de50)
  INCLUDED         Core_Tags_Working_v1.md  (sha256 ae6557378adf)
  INCLUDED         Core_Working_v1.md  (sha256 9808a331b339)

[Documentation Methodology]
  INCLUDED         _index.md  (sha256 dd54608243d5)
  INCLUDED         DocMeth_Decisions_v1.md  (sha256 b349e5ec403e)
  INCLUDED         DocMeth_Design_v1.md  (sha256 e747f8b0f5e2)
  INCLUDED         DocMeth_Working_v1.md  (sha256 1af58d615fd8)

[Infrastructure]
  INCLUDED         _index.md  (sha256 fb736219786c)
  INCLUDED         Infrastructure_CLI_Decisions_v1.md  (sha256 7a16726b5162)
  INCLUDED         Infrastructure_CLI_Design_v1.md  (sha256 12e05744ff4a)
  INCLUDED         Infrastructure_Working_v1.md  (sha256 1d7a11e25a57)

[Infrastructure\binder-builder]
  INCLUDED         binder_builder_Documentation_settings.json  (sha256 b9b89306305b)
  INCLUDED         BinderBuilder_Design_v10.md  (sha256 e6573d80384e)
  INCLUDED         README.md  (sha256 3ec5dab12e67)

[Infrastructure\file-update-package]
  INCLUDED         file_update_package_settings.json  (sha256 fce12837157e)
  INCLUDED         FileUpdatePackage_Design_v1.md  (sha256 11ad3a9f4c94)
  INCLUDED         README.md  (sha256 203b6f20f7ce)

[Infrastructure\version-cleanup]
  INCLUDED         README.md  (sha256 a978d666e85a)
  INCLUDED         version_cleanup_settings.json  (sha256 c17e9142e485)
  INCLUDED         VersionCleanup_Design_v3.md  (sha256 e6d1eb38aba5)

[Principles]
  INCLUDED         Principles_Decisions_v4.md  (sha256 2c31c26b5c66)
  INCLUDED         Principles_Design_v4.md  (sha256 4bd5797d3d2e)

[Standards]
  INCLUDED         _index.md  (sha256 3bd4678a60c0)
  INCLUDED         Standards_Decisions_v1.md  (sha256 fb153d3db6bc)
  INCLUDED         Standards_Design_v1.md  (sha256 60cebe0ab9f1)
  INCLUDED         Standards_Working_v1.md  (sha256 9677537477ab)

[Working Practices]
  INCLUDED         _index.md  (sha256 f1d40d14c547)
  INCLUDED         WP_Capture_Working_v1.md  (sha256 54171d4dea8b)
  INCLUDED         WP_ContentDelivery_Working_v1.md  (sha256 6b858ff04f50)
  INCLUDED         WP_WorkManagement_Working_v1.md  (sha256 59a0bba2401c)

[Working Practices\FileOps]
  INCLUDED         WP_FileOps_Working_v1.md  (sha256 f2ffcdd7c76f)

[_binder]
  DELETED          AIDE_Documentation_Binder_v15.md
  WRITTEN          AIDE_Documentation_Binder_v16.md  (47 files, 437870 bytes)

[_rebuild]
  INCLUDED         AIDE_Component_PurposeLines_v2.md  (sha256 b1836489f28b)
  INCLUDED         AIDE_Rebuild_Guide_v1.md  (sha256 01ceb45e507b)
  INCLUDED         AIDE_Rebuild_Overview_v1.md  (sha256 5a65c44f5991)
  INCLUDED         AIDE_Rebuild_SettledDecisions_v1.md  (sha256 33593102e982)
  INCLUDED         ProjectDesign_Decisions_Pending_v1.md  (sha256 647aacf4c1ad)
  INCLUDED         ProjectDesign_Design_Pending_v1.md  (sha256 587bc4c6165f)
  INCLUDED         ProjectDesign_StandardInputs_Pending_v1.md  (sha256 710b74bb0958)
  INCLUDED         ProjectDesign_WorkRegister_Pending_v1.md  (sha256 638ebbfb6eef)
  SKIPPED          AIDE_DesignApproach_WIP_v1.md: matches exclude_files pattern "*_WIP_*"
  SKIPPED          AIDE_Rebuild_WIP_v24.md: matches exclude_files pattern "*_WIP_*"

------------------------------------------------------------------------
Result: 47 included, 2 skipped, 1 written, 1 deleted
========================================================================

========================================================================
binder builder   2026-09-11 00:20:59   LIVE
binder:   AIDE_Documentation
root:     C:\Users\david\dev\repos\DigitalBusiness-AIDE\Documentation
settings: C:\Users\david\dev\repos\DigitalBusiness-AIDE\Documentation\_aide\utilities\binder-builder\binder_builder_AIDE_Documentation_settings.json
include:  ~/_rebuild
folders collected from: 13
change detection: AIDE_Documentation_Binder_v16.md: 1 added (Standards/Standards_Authoring_Standard_v1.md) - rebuilding
------------------------------------------------------------------------

[Core]
  INCLUDED         _index.md  (sha256 8e58c5e0026b)
  INCLUDED         Core_AIDEMap.md  (sha256 e3b0c44298fc)
  INCLUDED         Core_AIDEMap.yaml  (sha256 a3f651bdb590)
  INCLUDED         Core_AIDEPrinciples_Decisions_v1.md  (sha256 655de3e64709)
  INCLUDED         Core_AIDEPrinciples_Design_v1.md  (sha256 60e20e8d0b9d)
  INCLUDED         Core_Brief_v1.md  (sha256 6c2e6280ea89)
  INCLUDED         Core_Design_Documentation_Working_v1.md  (sha256 b2999c523397)
  INCLUDED         Core_Structure_Decisions_v1.md  (sha256 2217f6768b89)
  INCLUDED         Core_Structure_Design_v1.md  (sha256 f464dc43de50)
  INCLUDED         Core_Tags_Working_v1.md  (sha256 ae6557378adf)
  INCLUDED         Core_Working_v1.md  (sha256 9808a331b339)

[Documentation Methodology]
  INCLUDED         _index.md  (sha256 dd54608243d5)
  INCLUDED         DocMeth_Decisions_v1.md  (sha256 b349e5ec403e)
  INCLUDED         DocMeth_Design_v1.md  (sha256 e747f8b0f5e2)
  INCLUDED         DocMeth_Working_v1.md  (sha256 1af58d615fd8)

[Infrastructure]
  INCLUDED         _index.md  (sha256 fb736219786c)
  INCLUDED         Infrastructure_CLI_Decisions_v1.md  (sha256 7a16726b5162)
  INCLUDED         Infrastructure_CLI_Design_v1.md  (sha256 12e05744ff4a)
  INCLUDED         Infrastructure_Working_v1.md  (sha256 1d7a11e25a57)

[Infrastructure\binder-builder]
  INCLUDED         binder_builder_Documentation_settings.json  (sha256 b9b89306305b)
  INCLUDED         BinderBuilder_Design_v10.md  (sha256 e6573d80384e)
  INCLUDED         README.md  (sha256 3ec5dab12e67)

[Infrastructure\file-update-package]
  INCLUDED         file_update_package_settings.json  (sha256 fce12837157e)
  INCLUDED         FileUpdatePackage_Design_v1.md  (sha256 11ad3a9f4c94)
  INCLUDED         README.md  (sha256 203b6f20f7ce)

[Infrastructure\version-cleanup]
  INCLUDED         README.md  (sha256 a978d666e85a)
  INCLUDED         version_cleanup_settings.json  (sha256 c17e9142e485)
  INCLUDED         VersionCleanup_Design_v3.md  (sha256 e6d1eb38aba5)

[Principles]
  INCLUDED         Principles_Decisions_v4.md  (sha256 2c31c26b5c66)
  INCLUDED         Principles_Design_v4.md  (sha256 4bd5797d3d2e)

[Standards]
  INCLUDED         _index.md  (sha256 3bd4678a60c0)
  INCLUDED         Standards_Authoring_Standard_v1.md  (sha256 6acd42ed3ba0)
  INCLUDED         Standards_Decisions_v1.md  (sha256 fb153d3db6bc)
  INCLUDED         Standards_Design_v1.md  (sha256 60cebe0ab9f1)
  INCLUDED         Standards_Working_v1.md  (sha256 9677537477ab)

[Working Practices]
  INCLUDED         _index.md  (sha256 f1d40d14c547)
  INCLUDED         WP_Capture_Working_v1.md  (sha256 54171d4dea8b)
  INCLUDED         WP_ContentDelivery_Working_v1.md  (sha256 6b858ff04f50)
  INCLUDED         WP_WorkManagement_Working_v1.md  (sha256 59a0bba2401c)

[Working Practices\FileOps]
  INCLUDED         WP_FileOps_Working_v1.md  (sha256 f2ffcdd7c76f)

[_binder]
  DELETED          AIDE_Documentation_Binder_v16.md
  WRITTEN          AIDE_Documentation_Binder_v17.md  (48 files, 442231 bytes)

[_rebuild]
  INCLUDED         AIDE_Component_PurposeLines_v2.md  (sha256 b1836489f28b)
  INCLUDED         AIDE_Rebuild_Guide_v1.md  (sha256 01ceb45e507b)
  INCLUDED         AIDE_Rebuild_Overview_v1.md  (sha256 5a65c44f5991)
  INCLUDED         AIDE_Rebuild_SettledDecisions_v1.md  (sha256 33593102e982)
  INCLUDED         ProjectDesign_Decisions_Pending_v1.md  (sha256 647aacf4c1ad)
  INCLUDED         ProjectDesign_Design_Pending_v1.md  (sha256 587bc4c6165f)
  INCLUDED         ProjectDesign_StandardInputs_Pending_v1.md  (sha256 710b74bb0958)
  INCLUDED         ProjectDesign_WorkRegister_Pending_v1.md  (sha256 638ebbfb6eef)
  SKIPPED          AIDE_DesignApproach_WIP_v1.md: matches exclude_files pattern "*_WIP_*"
  SKIPPED          AIDE_Rebuild_WIP_v24.md: matches exclude_files pattern "*_WIP_*"

------------------------------------------------------------------------
Result: 48 included, 2 skipped, 1 written, 1 deleted
========================================================================

========================================================================
binder builder   2026-09-11 00:28:47   LIVE
binder:   AIDE_Documentation
root:     C:\Users\david\dev\repos\DigitalBusiness-AIDE\Documentation
settings: C:\Users\david\dev\repos\DigitalBusiness-AIDE\Documentation\_aide\utilities\binder-builder\binder_builder_AIDE_Documentation_settings.json
include:  ~/_rebuild
folders collected from: 13
change detection: AIDE_Documentation_Binder_v17.md: 1 added, 1 removed (Standards/Standards_Authoring_Standard_v2.md, Standards/Standards_Authoring_Standard_v1.md) - rebuilding
------------------------------------------------------------------------

[Core]
  INCLUDED         _index.md  (sha256 8e58c5e0026b)
  INCLUDED         Core_AIDEMap.md  (sha256 e3b0c44298fc)
  INCLUDED         Core_AIDEMap.yaml  (sha256 a3f651bdb590)
  INCLUDED         Core_AIDEPrinciples_Decisions_v1.md  (sha256 655de3e64709)
  INCLUDED         Core_AIDEPrinciples_Design_v1.md  (sha256 60e20e8d0b9d)
  INCLUDED         Core_Brief_v1.md  (sha256 6c2e6280ea89)
  INCLUDED         Core_Design_Documentation_Working_v1.md  (sha256 b2999c523397)
  INCLUDED         Core_Structure_Decisions_v1.md  (sha256 2217f6768b89)
  INCLUDED         Core_Structure_Design_v1.md  (sha256 f464dc43de50)
  INCLUDED         Core_Tags_Working_v1.md  (sha256 ae6557378adf)
  INCLUDED         Core_Working_v1.md  (sha256 9808a331b339)

[Documentation Methodology]
  INCLUDED         _index.md  (sha256 dd54608243d5)
  INCLUDED         DocMeth_Decisions_v1.md  (sha256 b349e5ec403e)
  INCLUDED         DocMeth_Design_v1.md  (sha256 e747f8b0f5e2)
  INCLUDED         DocMeth_Working_v1.md  (sha256 1af58d615fd8)

[Infrastructure]
  INCLUDED         _index.md  (sha256 fb736219786c)
  INCLUDED         Infrastructure_CLI_Decisions_v1.md  (sha256 7a16726b5162)
  INCLUDED         Infrastructure_CLI_Design_v1.md  (sha256 12e05744ff4a)
  INCLUDED         Infrastructure_Working_v1.md  (sha256 1d7a11e25a57)

[Infrastructure\binder-builder]
  INCLUDED         binder_builder_Documentation_settings.json  (sha256 b9b89306305b)
  INCLUDED         BinderBuilder_Design_v10.md  (sha256 e6573d80384e)
  INCLUDED         README.md  (sha256 3ec5dab12e67)

[Infrastructure\file-update-package]
  INCLUDED         file_update_package_settings.json  (sha256 fce12837157e)
  INCLUDED         FileUpdatePackage_Design_v1.md  (sha256 11ad3a9f4c94)
  INCLUDED         README.md  (sha256 203b6f20f7ce)

[Infrastructure\version-cleanup]
  INCLUDED         README.md  (sha256 a978d666e85a)
  INCLUDED         version_cleanup_settings.json  (sha256 c17e9142e485)
  INCLUDED         VersionCleanup_Design_v3.md  (sha256 e6d1eb38aba5)

[Principles]
  INCLUDED         Principles_Decisions_v4.md  (sha256 2c31c26b5c66)
  INCLUDED         Principles_Design_v4.md  (sha256 4bd5797d3d2e)

[Standards]
  INCLUDED         _index.md  (sha256 3bd4678a60c0)
  INCLUDED         Standards_Authoring_Standard_v2.md  (sha256 efd5f36981a2)
  INCLUDED         Standards_Decisions_v1.md  (sha256 fb153d3db6bc)
  INCLUDED         Standards_Design_v1.md  (sha256 60cebe0ab9f1)
  INCLUDED         Standards_Working_v1.md  (sha256 9677537477ab)

[Working Practices]
  INCLUDED         _index.md  (sha256 f1d40d14c547)
  INCLUDED         WP_Capture_Working_v1.md  (sha256 54171d4dea8b)
  INCLUDED         WP_ContentDelivery_Working_v1.md  (sha256 6b858ff04f50)
  INCLUDED         WP_WorkManagement_Working_v1.md  (sha256 59a0bba2401c)

[Working Practices\FileOps]
  INCLUDED         WP_FileOps_Working_v1.md  (sha256 f2ffcdd7c76f)

[_binder]
  DELETED          AIDE_Documentation_Binder_v17.md
  WRITTEN          AIDE_Documentation_Binder_v18.md  (48 files, 442689 bytes)

[_rebuild]
  INCLUDED         AIDE_Component_PurposeLines_v2.md  (sha256 b1836489f28b)
  INCLUDED         AIDE_Rebuild_Guide_v1.md  (sha256 01ceb45e507b)
  INCLUDED         AIDE_Rebuild_Overview_v1.md  (sha256 5a65c44f5991)
  INCLUDED         AIDE_Rebuild_SettledDecisions_v1.md  (sha256 33593102e982)
  INCLUDED         ProjectDesign_Decisions_Pending_v1.md  (sha256 647aacf4c1ad)
  INCLUDED         ProjectDesign_Design_Pending_v1.md  (sha256 587bc4c6165f)
  INCLUDED         ProjectDesign_StandardInputs_Pending_v1.md  (sha256 710b74bb0958)
  INCLUDED         ProjectDesign_WorkRegister_Pending_v1.md  (sha256 638ebbfb6eef)
  SKIPPED          AIDE_DesignApproach_WIP_v1.md: matches exclude_files pattern "*_WIP_*"
  SKIPPED          AIDE_Rebuild_WIP_v24.md: matches exclude_files pattern "*_WIP_*"

------------------------------------------------------------------------
Result: 48 included, 2 skipped, 1 written, 1 deleted
========================================================================

========================================================================
binder builder   2026-09-11 00:39:08   LIVE
binder:   AIDE_Documentation
root:     C:\Users\david\dev\repos\DigitalBusiness-AIDE\Documentation
settings: C:\Users\david\dev\repos\DigitalBusiness-AIDE\Documentation\_aide\utilities\binder-builder\binder_builder_AIDE_Documentation_settings.json
include:  ~/_rebuild
folders collected from: 13
change detection: AIDE_Documentation_Binder_v18.md: 1 added (Project Design/ProjectDesign_Standard_v1.md) - rebuilding
------------------------------------------------------------------------

[Core]
  INCLUDED         _index.md  (sha256 8e58c5e0026b)
  INCLUDED         Core_AIDEMap.md  (sha256 e3b0c44298fc)
  INCLUDED         Core_AIDEMap.yaml  (sha256 a3f651bdb590)
  INCLUDED         Core_AIDEPrinciples_Decisions_v1.md  (sha256 655de3e64709)
  INCLUDED         Core_AIDEPrinciples_Design_v1.md  (sha256 60e20e8d0b9d)
  INCLUDED         Core_Brief_v1.md  (sha256 6c2e6280ea89)
  INCLUDED         Core_Design_Documentation_Working_v1.md  (sha256 b2999c523397)
  INCLUDED         Core_Structure_Decisions_v1.md  (sha256 2217f6768b89)
  INCLUDED         Core_Structure_Design_v1.md  (sha256 f464dc43de50)
  INCLUDED         Core_Tags_Working_v1.md  (sha256 ae6557378adf)
  INCLUDED         Core_Working_v1.md  (sha256 9808a331b339)

[Documentation Methodology]
  INCLUDED         _index.md  (sha256 dd54608243d5)
  INCLUDED         DocMeth_Decisions_v1.md  (sha256 b349e5ec403e)
  INCLUDED         DocMeth_Design_v1.md  (sha256 e747f8b0f5e2)
  INCLUDED         DocMeth_Working_v1.md  (sha256 1af58d615fd8)

[Infrastructure]
  INCLUDED         _index.md  (sha256 fb736219786c)
  INCLUDED         Infrastructure_CLI_Decisions_v1.md  (sha256 7a16726b5162)
  INCLUDED         Infrastructure_CLI_Design_v1.md  (sha256 12e05744ff4a)
  INCLUDED         Infrastructure_Working_v1.md  (sha256 1d7a11e25a57)

[Infrastructure\binder-builder]
  INCLUDED         binder_builder_Documentation_settings.json  (sha256 b9b89306305b)
  INCLUDED         BinderBuilder_Design_v10.md  (sha256 e6573d80384e)
  INCLUDED         README.md  (sha256 3ec5dab12e67)

[Infrastructure\file-update-package]
  INCLUDED         file_update_package_settings.json  (sha256 fce12837157e)
  INCLUDED         FileUpdatePackage_Design_v1.md  (sha256 11ad3a9f4c94)
  INCLUDED         README.md  (sha256 203b6f20f7ce)

[Infrastructure\version-cleanup]
  INCLUDED         README.md  (sha256 a978d666e85a)
  INCLUDED         version_cleanup_settings.json  (sha256 c17e9142e485)
  INCLUDED         VersionCleanup_Design_v3.md  (sha256 e6d1eb38aba5)

[Principles]
  INCLUDED         Principles_Decisions_v4.md  (sha256 2c31c26b5c66)
  INCLUDED         Principles_Design_v4.md  (sha256 4bd5797d3d2e)

[Project Design]
  INCLUDED         ProjectDesign_Standard_v1.md  (sha256 453aaeb09fb9)

[Standards]
  INCLUDED         _index.md  (sha256 3bd4678a60c0)
  INCLUDED         Standards_Authoring_Standard_v2.md  (sha256 efd5f36981a2)
  INCLUDED         Standards_Decisions_v1.md  (sha256 fb153d3db6bc)
  INCLUDED         Standards_Design_v1.md  (sha256 60cebe0ab9f1)
  INCLUDED         Standards_Working_v1.md  (sha256 9677537477ab)

[Working Practices]
  INCLUDED         _index.md  (sha256 f1d40d14c547)
  INCLUDED         WP_Capture_Working_v1.md  (sha256 54171d4dea8b)
  INCLUDED         WP_ContentDelivery_Working_v1.md  (sha256 6b858ff04f50)
  INCLUDED         WP_WorkManagement_Working_v1.md  (sha256 59a0bba2401c)

[Working Practices\FileOps]
  INCLUDED         WP_FileOps_Working_v1.md  (sha256 f2ffcdd7c76f)

[_binder]
  DELETED          AIDE_Documentation_Binder_v18.md
  WRITTEN          AIDE_Documentation_Binder_v19.md  (49 files, 456460 bytes)

[_rebuild]
  INCLUDED         AIDE_Component_PurposeLines_v2.md  (sha256 b1836489f28b)
  INCLUDED         AIDE_Rebuild_Guide_v1.md  (sha256 01ceb45e507b)
  INCLUDED         AIDE_Rebuild_Overview_v1.md  (sha256 5a65c44f5991)
  INCLUDED         AIDE_Rebuild_SettledDecisions_v1.md  (sha256 33593102e982)
  INCLUDED         ProjectDesign_Decisions_Pending_v1.md  (sha256 647aacf4c1ad)
  INCLUDED         ProjectDesign_Design_Pending_v1.md  (sha256 587bc4c6165f)
  INCLUDED         ProjectDesign_StandardInputs_Pending_v1.md  (sha256 710b74bb0958)
  INCLUDED         ProjectDesign_WorkRegister_Pending_v1.md  (sha256 638ebbfb6eef)
  SKIPPED          AIDE_DesignApproach_WIP_v1.md: matches exclude_files pattern "*_WIP_*"
  SKIPPED          AIDE_Rebuild_WIP_v24.md: matches exclude_files pattern "*_WIP_*"

------------------------------------------------------------------------
Result: 49 included, 2 skipped, 1 written, 1 deleted
========================================================================

========================================================================
binder builder   2026-09-11 08:17:54   LIVE
binder:   AIDE_Documentation
root:     C:\Users\david\dev\repos\DigitalBusiness-AIDE\Documentation
settings: C:\Users\david\dev\repos\DigitalBusiness-AIDE\Documentation\_aide\utilities\binder-builder\binder_builder_AIDE_Documentation_settings.json
include:  ~/_rebuild
folders collected from: 13
change detection: AIDE_Documentation_Binder_v19.md: 3 added (Project Design/ProjectDesign_Decisions_v1.md, Project Design/ProjectDesign_Design_v1.md, Project Design/_index.md) - rebuilding
------------------------------------------------------------------------

[Core]
  INCLUDED         _index.md  (sha256 8e58c5e0026b)
  INCLUDED         Core_AIDEMap.md  (sha256 e3b0c44298fc)
  INCLUDED         Core_AIDEMap.yaml  (sha256 a3f651bdb590)
  INCLUDED         Core_AIDEPrinciples_Decisions_v1.md  (sha256 655de3e64709)
  INCLUDED         Core_AIDEPrinciples_Design_v1.md  (sha256 60e20e8d0b9d)
  INCLUDED         Core_Brief_v1.md  (sha256 6c2e6280ea89)
  INCLUDED         Core_Design_Documentation_Working_v1.md  (sha256 b2999c523397)
  INCLUDED         Core_Structure_Decisions_v1.md  (sha256 2217f6768b89)
  INCLUDED         Core_Structure_Design_v1.md  (sha256 f464dc43de50)
  INCLUDED         Core_Tags_Working_v1.md  (sha256 ae6557378adf)
  INCLUDED         Core_Working_v1.md  (sha256 9808a331b339)

[Documentation Methodology]
  INCLUDED         _index.md  (sha256 dd54608243d5)
  INCLUDED         DocMeth_Decisions_v1.md  (sha256 b349e5ec403e)
  INCLUDED         DocMeth_Design_v1.md  (sha256 e747f8b0f5e2)
  INCLUDED         DocMeth_Working_v1.md  (sha256 1af58d615fd8)

[Infrastructure]
  INCLUDED         _index.md  (sha256 fb736219786c)
  INCLUDED         Infrastructure_CLI_Decisions_v1.md  (sha256 7a16726b5162)
  INCLUDED         Infrastructure_CLI_Design_v1.md  (sha256 12e05744ff4a)
  INCLUDED         Infrastructure_Working_v1.md  (sha256 1d7a11e25a57)

[Infrastructure\binder-builder]
  INCLUDED         binder_builder_Documentation_settings.json  (sha256 b9b89306305b)
  INCLUDED         BinderBuilder_Design_v10.md  (sha256 e6573d80384e)
  INCLUDED         README.md  (sha256 3ec5dab12e67)

[Infrastructure\file-update-package]
  INCLUDED         file_update_package_settings.json  (sha256 fce12837157e)
  INCLUDED         FileUpdatePackage_Design_v1.md  (sha256 11ad3a9f4c94)
  INCLUDED         README.md  (sha256 203b6f20f7ce)

[Infrastructure\version-cleanup]
  INCLUDED         README.md  (sha256 a978d666e85a)
  INCLUDED         version_cleanup_settings.json  (sha256 c17e9142e485)
  INCLUDED         VersionCleanup_Design_v3.md  (sha256 e6d1eb38aba5)

[Principles]
  INCLUDED         Principles_Decisions_v4.md  (sha256 2c31c26b5c66)
  INCLUDED         Principles_Design_v4.md  (sha256 4bd5797d3d2e)

[Project Design]
  INCLUDED         _index.md  (sha256 59f631d856df)
  INCLUDED         ProjectDesign_Decisions_v1.md  (sha256 0fc2d790dc5f)
  INCLUDED         ProjectDesign_Design_v1.md  (sha256 c4a80e5fa894)
  INCLUDED         ProjectDesign_Standard_v1.md  (sha256 453aaeb09fb9)

[Standards]
  INCLUDED         _index.md  (sha256 3bd4678a60c0)
  INCLUDED         Standards_Authoring_Standard_v2.md  (sha256 efd5f36981a2)
  INCLUDED         Standards_Decisions_v1.md  (sha256 fb153d3db6bc)
  INCLUDED         Standards_Design_v1.md  (sha256 60cebe0ab9f1)
  INCLUDED         Standards_Working_v1.md  (sha256 9677537477ab)

[Working Practices]
  INCLUDED         _index.md  (sha256 f1d40d14c547)
  INCLUDED         WP_Capture_Working_v1.md  (sha256 54171d4dea8b)
  INCLUDED         WP_ContentDelivery_Working_v1.md  (sha256 6b858ff04f50)
  INCLUDED         WP_WorkManagement_Working_v1.md  (sha256 59a0bba2401c)

[Working Practices\FileOps]
  INCLUDED         WP_FileOps_Working_v1.md  (sha256 f2ffcdd7c76f)

[_binder]
  DELETED          AIDE_Documentation_Binder_v19.md
  WRITTEN          AIDE_Documentation_Binder_v20.md  (52 files, 497301 bytes)

[_rebuild]
  INCLUDED         AIDE_Component_PurposeLines_v2.md  (sha256 b1836489f28b)
  INCLUDED         AIDE_Rebuild_Guide_v1.md  (sha256 01ceb45e507b)
  INCLUDED         AIDE_Rebuild_Overview_v1.md  (sha256 5a65c44f5991)
  INCLUDED         AIDE_Rebuild_SettledDecisions_v1.md  (sha256 33593102e982)
  INCLUDED         ProjectDesign_Decisions_Pending_v1.md  (sha256 647aacf4c1ad)
  INCLUDED         ProjectDesign_Design_Pending_v1.md  (sha256 587bc4c6165f)
  INCLUDED         ProjectDesign_StandardInputs_Pending_v1.md  (sha256 710b74bb0958)
  INCLUDED         ProjectDesign_WorkRegister_Pending_v1.md  (sha256 638ebbfb6eef)
  SKIPPED          AIDE_DesignApproach_WIP_v1.md: matches exclude_files pattern "*_WIP_*"
  SKIPPED          AIDE_Rebuild_WIP_v24.md: matches exclude_files pattern "*_WIP_*"

------------------------------------------------------------------------
Result: 52 included, 2 skipped, 1 written, 1 deleted
========================================================================

========================================================================
binder builder   2026-09-11 08:29:49   LIVE
binder:   AIDE_Documentation
root:     C:\Users\david\dev\repos\DigitalBusiness-AIDE\Documentation
settings: C:\Users\david\dev\repos\DigitalBusiness-AIDE\Documentation\_aide\utilities\binder-builder\binder_builder_AIDE_Documentation_settings.json
include:  ~/_rebuild
folders collected from: 14
change detection: AIDE_Documentation_Binder_v20.md: 2 added (Tools/Tools_Decisions_v1.md, Tools/Tools_Design_v1.md) - rebuilding
------------------------------------------------------------------------

[Core]
  INCLUDED         _index.md  (sha256 8e58c5e0026b)
  INCLUDED         Core_AIDEMap.md  (sha256 e3b0c44298fc)
  INCLUDED         Core_AIDEMap.yaml  (sha256 a3f651bdb590)
  INCLUDED         Core_AIDEPrinciples_Decisions_v1.md  (sha256 655de3e64709)
  INCLUDED         Core_AIDEPrinciples_Design_v1.md  (sha256 60e20e8d0b9d)
  INCLUDED         Core_Brief_v1.md  (sha256 6c2e6280ea89)
  INCLUDED         Core_Design_Documentation_Working_v1.md  (sha256 b2999c523397)
  INCLUDED         Core_Structure_Decisions_v1.md  (sha256 2217f6768b89)
  INCLUDED         Core_Structure_Design_v1.md  (sha256 f464dc43de50)
  INCLUDED         Core_Tags_Working_v1.md  (sha256 ae6557378adf)
  INCLUDED         Core_Working_v1.md  (sha256 9808a331b339)

[Documentation Methodology]
  INCLUDED         _index.md  (sha256 dd54608243d5)
  INCLUDED         DocMeth_Decisions_v1.md  (sha256 b349e5ec403e)
  INCLUDED         DocMeth_Design_v1.md  (sha256 e747f8b0f5e2)
  INCLUDED         DocMeth_Working_v1.md  (sha256 1af58d615fd8)

[Infrastructure]
  INCLUDED         _index.md  (sha256 fb736219786c)
  INCLUDED         Infrastructure_CLI_Decisions_v1.md  (sha256 7a16726b5162)
  INCLUDED         Infrastructure_CLI_Design_v1.md  (sha256 12e05744ff4a)
  INCLUDED         Infrastructure_Working_v1.md  (sha256 1d7a11e25a57)

[Infrastructure\binder-builder]
  INCLUDED         binder_builder_Documentation_settings.json  (sha256 b9b89306305b)
  INCLUDED         BinderBuilder_Design_v10.md  (sha256 e6573d80384e)
  INCLUDED         README.md  (sha256 3ec5dab12e67)

[Infrastructure\file-update-package]
  INCLUDED         file_update_package_settings.json  (sha256 fce12837157e)
  INCLUDED         FileUpdatePackage_Design_v1.md  (sha256 11ad3a9f4c94)
  INCLUDED         README.md  (sha256 203b6f20f7ce)

[Infrastructure\version-cleanup]
  INCLUDED         README.md  (sha256 a978d666e85a)
  INCLUDED         version_cleanup_settings.json  (sha256 c17e9142e485)
  INCLUDED         VersionCleanup_Design_v3.md  (sha256 e6d1eb38aba5)

[Principles]
  INCLUDED         Principles_Decisions_v4.md  (sha256 2c31c26b5c66)
  INCLUDED         Principles_Design_v4.md  (sha256 4bd5797d3d2e)

[Project Design]
  INCLUDED         _index.md  (sha256 59f631d856df)
  INCLUDED         ProjectDesign_Decisions_v1.md  (sha256 0fc2d790dc5f)
  INCLUDED         ProjectDesign_Design_v1.md  (sha256 c4a80e5fa894)
  INCLUDED         ProjectDesign_Standard_v1.md  (sha256 453aaeb09fb9)

[Standards]
  INCLUDED         _index.md  (sha256 3bd4678a60c0)
  INCLUDED         Standards_Authoring_Standard_v2.md  (sha256 efd5f36981a2)
  INCLUDED         Standards_Decisions_v1.md  (sha256 fb153d3db6bc)
  INCLUDED         Standards_Design_v1.md  (sha256 60cebe0ab9f1)
  INCLUDED         Standards_Working_v1.md  (sha256 9677537477ab)

[Tools]
  INCLUDED         Tools_Decisions_v1.md  (sha256 266576979e50)
  INCLUDED         Tools_Design_v1.md  (sha256 d6c8195c6fb9)

[Working Practices]
  INCLUDED         _index.md  (sha256 f1d40d14c547)
  INCLUDED         WP_Capture_Working_v1.md  (sha256 54171d4dea8b)
  INCLUDED         WP_ContentDelivery_Working_v1.md  (sha256 6b858ff04f50)
  INCLUDED         WP_WorkManagement_Working_v1.md  (sha256 59a0bba2401c)

[Working Practices\FileOps]
  INCLUDED         WP_FileOps_Working_v1.md  (sha256 f2ffcdd7c76f)

[_binder]
  DELETED          AIDE_Documentation_Binder_v20.md
  WRITTEN          AIDE_Documentation_Binder_v21.md  (54 files, 512587 bytes)

[_rebuild]
  INCLUDED         AIDE_Component_PurposeLines_v2.md  (sha256 b1836489f28b)
  INCLUDED         AIDE_Rebuild_Guide_v1.md  (sha256 01ceb45e507b)
  INCLUDED         AIDE_Rebuild_Overview_v1.md  (sha256 5a65c44f5991)
  INCLUDED         AIDE_Rebuild_SettledDecisions_v1.md  (sha256 33593102e982)
  INCLUDED         ProjectDesign_Decisions_Pending_v1.md  (sha256 647aacf4c1ad)
  INCLUDED         ProjectDesign_Design_Pending_v1.md  (sha256 587bc4c6165f)
  INCLUDED         ProjectDesign_StandardInputs_Pending_v1.md  (sha256 710b74bb0958)
  INCLUDED         ProjectDesign_WorkRegister_Pending_v1.md  (sha256 638ebbfb6eef)
  SKIPPED          AIDE_DesignApproach_WIP_v1.md: matches exclude_files pattern "*_WIP_*"
  SKIPPED          AIDE_Rebuild_WIP_v24.md: matches exclude_files pattern "*_WIP_*"

------------------------------------------------------------------------
Result: 54 included, 2 skipped, 1 written, 1 deleted
========================================================================

========================================================================
binder builder   2026-09-11 08:40:47   LIVE
binder:   AIDE_Documentation
root:     C:\Users\david\dev\repos\DigitalBusiness-AIDE\Documentation
settings: C:\Users\david\dev\repos\DigitalBusiness-AIDE\Documentation\_aide\utilities\binder-builder\binder_builder_AIDE_Documentation_settings.json
include:  ~/_rebuild
folders collected from: 14
change detection: AIDE_Documentation_Binder_v21.md: 1 added, 1 changed (Project Design/ProjectDesign_Standard_v2.md, Project Design/_index.md) - rebuilding
------------------------------------------------------------------------

[Core]
  INCLUDED         _index.md  (sha256 8e58c5e0026b)
  INCLUDED         Core_AIDEMap.md  (sha256 e3b0c44298fc)
  INCLUDED         Core_AIDEMap.yaml  (sha256 a3f651bdb590)
  INCLUDED         Core_AIDEPrinciples_Decisions_v1.md  (sha256 655de3e64709)
  INCLUDED         Core_AIDEPrinciples_Design_v1.md  (sha256 60e20e8d0b9d)
  INCLUDED         Core_Brief_v1.md  (sha256 6c2e6280ea89)
  INCLUDED         Core_Design_Documentation_Working_v1.md  (sha256 b2999c523397)
  INCLUDED         Core_Structure_Decisions_v1.md  (sha256 2217f6768b89)
  INCLUDED         Core_Structure_Design_v1.md  (sha256 f464dc43de50)
  INCLUDED         Core_Tags_Working_v1.md  (sha256 ae6557378adf)
  INCLUDED         Core_Working_v1.md  (sha256 9808a331b339)

[Documentation Methodology]
  INCLUDED         _index.md  (sha256 dd54608243d5)
  INCLUDED         DocMeth_Decisions_v1.md  (sha256 b349e5ec403e)
  INCLUDED         DocMeth_Design_v1.md  (sha256 e747f8b0f5e2)
  INCLUDED         DocMeth_Working_v1.md  (sha256 1af58d615fd8)

[Infrastructure]
  INCLUDED         _index.md  (sha256 fb736219786c)
  INCLUDED         Infrastructure_CLI_Decisions_v1.md  (sha256 7a16726b5162)
  INCLUDED         Infrastructure_CLI_Design_v1.md  (sha256 12e05744ff4a)
  INCLUDED         Infrastructure_Working_v1.md  (sha256 1d7a11e25a57)

[Infrastructure\binder-builder]
  INCLUDED         binder_builder_Documentation_settings.json  (sha256 b9b89306305b)
  INCLUDED         BinderBuilder_Design_v10.md  (sha256 e6573d80384e)
  INCLUDED         README.md  (sha256 3ec5dab12e67)

[Infrastructure\file-update-package]
  INCLUDED         file_update_package_settings.json  (sha256 fce12837157e)
  INCLUDED         FileUpdatePackage_Design_v1.md  (sha256 11ad3a9f4c94)
  INCLUDED         README.md  (sha256 203b6f20f7ce)

[Infrastructure\version-cleanup]
  INCLUDED         README.md  (sha256 a978d666e85a)
  INCLUDED         version_cleanup_settings.json  (sha256 c17e9142e485)
  INCLUDED         VersionCleanup_Design_v3.md  (sha256 e6d1eb38aba5)

[Principles]
  INCLUDED         Principles_Decisions_v4.md  (sha256 2c31c26b5c66)
  INCLUDED         Principles_Design_v4.md  (sha256 4bd5797d3d2e)

[Project Design]
  INCLUDED         _index.md  (sha256 3002bcf578cc)
  INCLUDED         ProjectDesign_Decisions_v1.md  (sha256 0fc2d790dc5f)
  INCLUDED         ProjectDesign_Design_v1.md  (sha256 c4a80e5fa894)
  INCLUDED         ProjectDesign_Standard_v1.md  (sha256 453aaeb09fb9)
  INCLUDED         ProjectDesign_Standard_v2.md  (sha256 36d4c7c83bdd)

[Standards]
  INCLUDED         _index.md  (sha256 3bd4678a60c0)
  INCLUDED         Standards_Authoring_Standard_v2.md  (sha256 efd5f36981a2)
  INCLUDED         Standards_Decisions_v1.md  (sha256 fb153d3db6bc)
  INCLUDED         Standards_Design_v1.md  (sha256 60cebe0ab9f1)
  INCLUDED         Standards_Working_v1.md  (sha256 9677537477ab)

[Tools]
  INCLUDED         Tools_Decisions_v1.md  (sha256 266576979e50)
  INCLUDED         Tools_Design_v1.md  (sha256 d6c8195c6fb9)

[Working Practices]
  INCLUDED         _index.md  (sha256 f1d40d14c547)
  INCLUDED         WP_Capture_Working_v1.md  (sha256 54171d4dea8b)
  INCLUDED         WP_ContentDelivery_Working_v1.md  (sha256 6b858ff04f50)
  INCLUDED         WP_WorkManagement_Working_v1.md  (sha256 59a0bba2401c)

[Working Practices\FileOps]
  INCLUDED         WP_FileOps_Working_v1.md  (sha256 f2ffcdd7c76f)

[_binder]
  DELETED          AIDE_Documentation_Binder_v21.md
  WRITTEN          AIDE_Documentation_Binder_v22.md  (55 files, 526559 bytes)

[_rebuild]
  INCLUDED         AIDE_Component_PurposeLines_v2.md  (sha256 b1836489f28b)
  INCLUDED         AIDE_Rebuild_Guide_v1.md  (sha256 01ceb45e507b)
  INCLUDED         AIDE_Rebuild_Overview_v1.md  (sha256 5a65c44f5991)
  INCLUDED         AIDE_Rebuild_SettledDecisions_v1.md  (sha256 33593102e982)
  INCLUDED         ProjectDesign_Decisions_Pending_v1.md  (sha256 647aacf4c1ad)
  INCLUDED         ProjectDesign_Design_Pending_v1.md  (sha256 587bc4c6165f)
  INCLUDED         ProjectDesign_StandardInputs_Pending_v1.md  (sha256 710b74bb0958)
  INCLUDED         ProjectDesign_WorkRegister_Pending_v1.md  (sha256 638ebbfb6eef)
  SKIPPED          AIDE_DesignApproach_WIP_v1.md: matches exclude_files pattern "*_WIP_*"
  SKIPPED          AIDE_Rebuild_WIP_v24.md: matches exclude_files pattern "*_WIP_*"

------------------------------------------------------------------------
Result: 55 included, 2 skipped, 1 written, 1 deleted
========================================================================

========================================================================
binder builder   2026-09-11 08:41:27   LIVE
binder:   AIDE_Documentation
root:     C:\Users\david\dev\repos\DigitalBusiness-AIDE\Documentation
settings: C:\Users\david\dev\repos\DigitalBusiness-AIDE\Documentation\_aide\utilities\binder-builder\binder_builder_AIDE_Documentation_settings.json
include:  ~/_rebuild
folders collected from: 14
change detection: AIDE_Documentation_Binder_v22.md: 1 added (Tools/Tools_Authoring_Standard_v1.md) - rebuilding
------------------------------------------------------------------------

[Core]
  INCLUDED         _index.md  (sha256 8e58c5e0026b)
  INCLUDED         Core_AIDEMap.md  (sha256 e3b0c44298fc)
  INCLUDED         Core_AIDEMap.yaml  (sha256 a3f651bdb590)
  INCLUDED         Core_AIDEPrinciples_Decisions_v1.md  (sha256 655de3e64709)
  INCLUDED         Core_AIDEPrinciples_Design_v1.md  (sha256 60e20e8d0b9d)
  INCLUDED         Core_Brief_v1.md  (sha256 6c2e6280ea89)
  INCLUDED         Core_Design_Documentation_Working_v1.md  (sha256 b2999c523397)
  INCLUDED         Core_Structure_Decisions_v1.md  (sha256 2217f6768b89)
  INCLUDED         Core_Structure_Design_v1.md  (sha256 f464dc43de50)
  INCLUDED         Core_Tags_Working_v1.md  (sha256 ae6557378adf)
  INCLUDED         Core_Working_v1.md  (sha256 9808a331b339)

[Documentation Methodology]
  INCLUDED         _index.md  (sha256 dd54608243d5)
  INCLUDED         DocMeth_Decisions_v1.md  (sha256 b349e5ec403e)
  INCLUDED         DocMeth_Design_v1.md  (sha256 e747f8b0f5e2)
  INCLUDED         DocMeth_Working_v1.md  (sha256 1af58d615fd8)

[Infrastructure]
  INCLUDED         _index.md  (sha256 fb736219786c)
  INCLUDED         Infrastructure_CLI_Decisions_v1.md  (sha256 7a16726b5162)
  INCLUDED         Infrastructure_CLI_Design_v1.md  (sha256 12e05744ff4a)
  INCLUDED         Infrastructure_Working_v1.md  (sha256 1d7a11e25a57)

[Infrastructure\binder-builder]
  INCLUDED         binder_builder_Documentation_settings.json  (sha256 b9b89306305b)
  INCLUDED         BinderBuilder_Design_v10.md  (sha256 e6573d80384e)
  INCLUDED         README.md  (sha256 3ec5dab12e67)

[Infrastructure\file-update-package]
  INCLUDED         file_update_package_settings.json  (sha256 fce12837157e)
  INCLUDED         FileUpdatePackage_Design_v1.md  (sha256 11ad3a9f4c94)
  INCLUDED         README.md  (sha256 203b6f20f7ce)

[Infrastructure\version-cleanup]
  INCLUDED         README.md  (sha256 a978d666e85a)
  INCLUDED         version_cleanup_settings.json  (sha256 c17e9142e485)
  INCLUDED         VersionCleanup_Design_v3.md  (sha256 e6d1eb38aba5)

[Principles]
  INCLUDED         Principles_Decisions_v4.md  (sha256 2c31c26b5c66)
  INCLUDED         Principles_Design_v4.md  (sha256 4bd5797d3d2e)

[Project Design]
  INCLUDED         _index.md  (sha256 3002bcf578cc)
  INCLUDED         ProjectDesign_Decisions_v1.md  (sha256 0fc2d790dc5f)
  INCLUDED         ProjectDesign_Design_v1.md  (sha256 c4a80e5fa894)
  INCLUDED         ProjectDesign_Standard_v1.md  (sha256 453aaeb09fb9)
  INCLUDED         ProjectDesign_Standard_v2.md  (sha256 36d4c7c83bdd)

[Standards]
  INCLUDED         _index.md  (sha256 3bd4678a60c0)
  INCLUDED         Standards_Authoring_Standard_v2.md  (sha256 efd5f36981a2)
  INCLUDED         Standards_Decisions_v1.md  (sha256 fb153d3db6bc)
  INCLUDED         Standards_Design_v1.md  (sha256 60cebe0ab9f1)
  INCLUDED         Standards_Working_v1.md  (sha256 9677537477ab)

[Tools]
  INCLUDED         Tools_Authoring_Standard_v1.md  (sha256 6fd5d1c56d22)
  INCLUDED         Tools_Decisions_v1.md  (sha256 266576979e50)
  INCLUDED         Tools_Design_v1.md  (sha256 d6c8195c6fb9)

[Working Practices]
  INCLUDED         _index.md  (sha256 f1d40d14c547)
  INCLUDED         WP_Capture_Working_v1.md  (sha256 54171d4dea8b)
  INCLUDED         WP_ContentDelivery_Working_v1.md  (sha256 6b858ff04f50)
  INCLUDED         WP_WorkManagement_Working_v1.md  (sha256 59a0bba2401c)

[Working Practices\FileOps]
  INCLUDED         WP_FileOps_Working_v1.md  (sha256 f2ffcdd7c76f)

[_binder]
  DELETED          AIDE_Documentation_Binder_v22.md
  WRITTEN          AIDE_Documentation_Binder_v23.md  (56 files, 532884 bytes)

[_rebuild]
  INCLUDED         AIDE_Component_PurposeLines_v2.md  (sha256 b1836489f28b)
  INCLUDED         AIDE_Rebuild_Guide_v1.md  (sha256 01ceb45e507b)
  INCLUDED         AIDE_Rebuild_Overview_v1.md  (sha256 5a65c44f5991)
  INCLUDED         AIDE_Rebuild_SettledDecisions_v1.md  (sha256 33593102e982)
  INCLUDED         ProjectDesign_Decisions_Pending_v1.md  (sha256 647aacf4c1ad)
  INCLUDED         ProjectDesign_Design_Pending_v1.md  (sha256 587bc4c6165f)
  INCLUDED         ProjectDesign_StandardInputs_Pending_v1.md  (sha256 710b74bb0958)
  INCLUDED         ProjectDesign_WorkRegister_Pending_v1.md  (sha256 638ebbfb6eef)
  SKIPPED          AIDE_DesignApproach_WIP_v1.md: matches exclude_files pattern "*_WIP_*"
  SKIPPED          AIDE_Rebuild_WIP_v24.md: matches exclude_files pattern "*_WIP_*"

------------------------------------------------------------------------
Result: 56 included, 2 skipped, 1 written, 1 deleted
========================================================================

========================================================================
binder builder   2026-09-11 08:43:43   LIVE
binder:   AIDE_Documentation
root:     C:\Users\david\dev\repos\DigitalBusiness-AIDE\Documentation
settings: C:\Users\david\dev\repos\DigitalBusiness-AIDE\Documentation\_aide\utilities\binder-builder\binder_builder_AIDE_Documentation_settings.json
include:  ~/_rebuild
folders collected from: 14
change detection: AIDE_Documentation_Binder_v23.md: 56 file(s) in scope, all matching the manifest - binder not rebuilt
------------------------------------------------------------------------

[_binder]
  NO CHANGES       no changes detected since AIDE_Documentation_Binder_v23.md; binder not rebuilt

[_rebuild]
  SKIPPED          AIDE_DesignApproach_WIP_v1.md: matches exclude_files pattern "*_WIP_*"
  SKIPPED          AIDE_Rebuild_WIP_v24.md: matches exclude_files pattern "*_WIP_*"

------------------------------------------------------------------------
Result: 2 skipped, 1 no changes
========================================================================

========================================================================
binder builder   2026-09-11 09:42:54   LIVE
binder:   AIDE_Documentation
root:     C:\Users\david\dev\repos\DigitalBusiness-AIDE\Documentation
settings: C:\Users\david\dev\repos\DigitalBusiness-AIDE\Documentation\_aide\utilities\binder-builder\binder_builder_AIDE_Documentation_settings.json
include:  ~/_rebuild
folders collected from: 14
change detection: AIDE_Documentation_Binder_v23.md: 3 added, 3 removed (Standards/Standards_Authoring_Standard_v3.md, Standards/Standards_Decisions_v2.md, Standards/Standards_Design_v2.md, and 3 more) - rebuilding
------------------------------------------------------------------------

[Core]
  INCLUDED         _index.md  (sha256 8e58c5e0026b)
  INCLUDED         Core_AIDEMap.md  (sha256 e3b0c44298fc)
  INCLUDED         Core_AIDEMap.yaml  (sha256 a3f651bdb590)
  INCLUDED         Core_AIDEPrinciples_Decisions_v1.md  (sha256 655de3e64709)
  INCLUDED         Core_AIDEPrinciples_Design_v1.md  (sha256 60e20e8d0b9d)
  INCLUDED         Core_Brief_v1.md  (sha256 6c2e6280ea89)
  INCLUDED         Core_Design_Documentation_Working_v1.md  (sha256 b2999c523397)
  INCLUDED         Core_Structure_Decisions_v1.md  (sha256 2217f6768b89)
  INCLUDED         Core_Structure_Design_v1.md  (sha256 f464dc43de50)
  INCLUDED         Core_Tags_Working_v1.md  (sha256 ae6557378adf)
  INCLUDED         Core_Working_v1.md  (sha256 9808a331b339)

[Documentation Methodology]
  INCLUDED         _index.md  (sha256 dd54608243d5)
  INCLUDED         DocMeth_Decisions_v1.md  (sha256 b349e5ec403e)
  INCLUDED         DocMeth_Design_v1.md  (sha256 e747f8b0f5e2)
  INCLUDED         DocMeth_Working_v1.md  (sha256 1af58d615fd8)

[Infrastructure]
  INCLUDED         _index.md  (sha256 fb736219786c)
  INCLUDED         Infrastructure_CLI_Decisions_v1.md  (sha256 7a16726b5162)
  INCLUDED         Infrastructure_CLI_Design_v1.md  (sha256 12e05744ff4a)
  INCLUDED         Infrastructure_Working_v1.md  (sha256 1d7a11e25a57)

[Infrastructure\binder-builder]
  INCLUDED         binder_builder_Documentation_settings.json  (sha256 b9b89306305b)
  INCLUDED         BinderBuilder_Design_v10.md  (sha256 e6573d80384e)
  INCLUDED         README.md  (sha256 3ec5dab12e67)

[Infrastructure\file-update-package]
  INCLUDED         file_update_package_settings.json  (sha256 fce12837157e)
  INCLUDED         FileUpdatePackage_Design_v1.md  (sha256 11ad3a9f4c94)
  INCLUDED         README.md  (sha256 203b6f20f7ce)

[Infrastructure\version-cleanup]
  INCLUDED         README.md  (sha256 a978d666e85a)
  INCLUDED         version_cleanup_settings.json  (sha256 c17e9142e485)
  INCLUDED         VersionCleanup_Design_v3.md  (sha256 e6d1eb38aba5)

[Principles]
  INCLUDED         Principles_Decisions_v4.md  (sha256 2c31c26b5c66)
  INCLUDED         Principles_Design_v4.md  (sha256 4bd5797d3d2e)

[Project Design]
  INCLUDED         _index.md  (sha256 3002bcf578cc)
  INCLUDED         ProjectDesign_Decisions_v1.md  (sha256 0fc2d790dc5f)
  INCLUDED         ProjectDesign_Design_v1.md  (sha256 c4a80e5fa894)
  INCLUDED         ProjectDesign_Standard_v1.md  (sha256 453aaeb09fb9)
  INCLUDED         ProjectDesign_Standard_v2.md  (sha256 36d4c7c83bdd)

[Standards]
  INCLUDED         _index.md  (sha256 3bd4678a60c0)
  INCLUDED         Standards_Authoring_Standard_v3.md  (sha256 e9332446485a)
  INCLUDED         Standards_Decisions_v2.md  (sha256 c0286118492c)
  INCLUDED         Standards_Design_v2.md  (sha256 cfedb41ac36c)
  INCLUDED         Standards_Working_v1.md  (sha256 9677537477ab)

[Tools]
  INCLUDED         Tools_Authoring_Standard_v1.md  (sha256 6fd5d1c56d22)
  INCLUDED         Tools_Decisions_v1.md  (sha256 266576979e50)
  INCLUDED         Tools_Design_v1.md  (sha256 d6c8195c6fb9)

[Working Practices]
  INCLUDED         _index.md  (sha256 f1d40d14c547)
  INCLUDED         WP_Capture_Working_v1.md  (sha256 54171d4dea8b)
  INCLUDED         WP_ContentDelivery_Working_v1.md  (sha256 6b858ff04f50)
  INCLUDED         WP_WorkManagement_Working_v1.md  (sha256 59a0bba2401c)

[Working Practices\FileOps]
  INCLUDED         WP_FileOps_Working_v1.md  (sha256 f2ffcdd7c76f)

[_binder]
  DELETED          AIDE_Documentation_Binder_v23.md
  WRITTEN          AIDE_Documentation_Binder_v24.md  (56 files, 544282 bytes)

[_rebuild]
  INCLUDED         AIDE_Component_PurposeLines_v2.md  (sha256 b1836489f28b)
  INCLUDED         AIDE_Rebuild_Guide_v1.md  (sha256 01ceb45e507b)
  INCLUDED         AIDE_Rebuild_Overview_v1.md  (sha256 5a65c44f5991)
  INCLUDED         AIDE_Rebuild_SettledDecisions_v1.md  (sha256 33593102e982)
  INCLUDED         ProjectDesign_Decisions_Pending_v1.md  (sha256 647aacf4c1ad)
  INCLUDED         ProjectDesign_Design_Pending_v1.md  (sha256 587bc4c6165f)
  INCLUDED         ProjectDesign_StandardInputs_Pending_v1.md  (sha256 710b74bb0958)
  INCLUDED         ProjectDesign_WorkRegister_Pending_v1.md  (sha256 638ebbfb6eef)
  SKIPPED          AIDE_DesignApproach_WIP_v1.md: matches exclude_files pattern "*_WIP_*"
  SKIPPED          AIDE_Rebuild_WIP_v24.md: matches exclude_files pattern "*_WIP_*"

------------------------------------------------------------------------
Result: 56 included, 2 skipped, 1 written, 1 deleted
========================================================================

========================================================================
binder builder   2026-09-11 09:45:44   LIVE
binder:   AIDE_Documentation
root:     C:\Users\david\dev\repos\DigitalBusiness-AIDE\Documentation
settings: C:\Users\david\dev\repos\DigitalBusiness-AIDE\Documentation\_aide\utilities\binder-builder\binder_builder_AIDE_Documentation_settings.json
include:  ~/_rebuild
folders collected from: 14
change detection: AIDE_Documentation_Binder_v24.md: 1 added (Standards/Standards_Consumption_Standard_v1.md) - rebuilding
------------------------------------------------------------------------

[Core]
  INCLUDED         _index.md  (sha256 8e58c5e0026b)
  INCLUDED         Core_AIDEMap.md  (sha256 e3b0c44298fc)
  INCLUDED         Core_AIDEMap.yaml  (sha256 a3f651bdb590)
  INCLUDED         Core_AIDEPrinciples_Decisions_v1.md  (sha256 655de3e64709)
  INCLUDED         Core_AIDEPrinciples_Design_v1.md  (sha256 60e20e8d0b9d)
  INCLUDED         Core_Brief_v1.md  (sha256 6c2e6280ea89)
  INCLUDED         Core_Design_Documentation_Working_v1.md  (sha256 b2999c523397)
  INCLUDED         Core_Structure_Decisions_v1.md  (sha256 2217f6768b89)
  INCLUDED         Core_Structure_Design_v1.md  (sha256 f464dc43de50)
  INCLUDED         Core_Tags_Working_v1.md  (sha256 ae6557378adf)
  INCLUDED         Core_Working_v1.md  (sha256 9808a331b339)

[Documentation Methodology]
  INCLUDED         _index.md  (sha256 dd54608243d5)
  INCLUDED         DocMeth_Decisions_v1.md  (sha256 b349e5ec403e)
  INCLUDED         DocMeth_Design_v1.md  (sha256 e747f8b0f5e2)
  INCLUDED         DocMeth_Working_v1.md  (sha256 1af58d615fd8)

[Infrastructure]
  INCLUDED         _index.md  (sha256 fb736219786c)
  INCLUDED         Infrastructure_CLI_Decisions_v1.md  (sha256 7a16726b5162)
  INCLUDED         Infrastructure_CLI_Design_v1.md  (sha256 12e05744ff4a)
  INCLUDED         Infrastructure_Working_v1.md  (sha256 1d7a11e25a57)

[Infrastructure\binder-builder]
  INCLUDED         binder_builder_Documentation_settings.json  (sha256 b9b89306305b)
  INCLUDED         BinderBuilder_Design_v10.md  (sha256 e6573d80384e)
  INCLUDED         README.md  (sha256 3ec5dab12e67)

[Infrastructure\file-update-package]
  INCLUDED         file_update_package_settings.json  (sha256 fce12837157e)
  INCLUDED         FileUpdatePackage_Design_v1.md  (sha256 11ad3a9f4c94)
  INCLUDED         README.md  (sha256 203b6f20f7ce)

[Infrastructure\version-cleanup]
  INCLUDED         README.md  (sha256 a978d666e85a)
  INCLUDED         version_cleanup_settings.json  (sha256 c17e9142e485)
  INCLUDED         VersionCleanup_Design_v3.md  (sha256 e6d1eb38aba5)

[Principles]
  INCLUDED         Principles_Decisions_v4.md  (sha256 2c31c26b5c66)
  INCLUDED         Principles_Design_v4.md  (sha256 4bd5797d3d2e)

[Project Design]
  INCLUDED         _index.md  (sha256 3002bcf578cc)
  INCLUDED         ProjectDesign_Decisions_v1.md  (sha256 0fc2d790dc5f)
  INCLUDED         ProjectDesign_Design_v1.md  (sha256 c4a80e5fa894)
  INCLUDED         ProjectDesign_Standard_v1.md  (sha256 453aaeb09fb9)
  INCLUDED         ProjectDesign_Standard_v2.md  (sha256 36d4c7c83bdd)

[Standards]
  INCLUDED         _index.md  (sha256 3bd4678a60c0)
  INCLUDED         Standards_Authoring_Standard_v3.md  (sha256 e9332446485a)
  INCLUDED         Standards_Consumption_Standard_v1.md  (sha256 50aebbf3c4d9)
  INCLUDED         Standards_Decisions_v2.md  (sha256 c0286118492c)
  INCLUDED         Standards_Design_v2.md  (sha256 cfedb41ac36c)
  INCLUDED         Standards_Working_v1.md  (sha256 9677537477ab)

[Tools]
  INCLUDED         Tools_Authoring_Standard_v1.md  (sha256 6fd5d1c56d22)
  INCLUDED         Tools_Decisions_v1.md  (sha256 266576979e50)
  INCLUDED         Tools_Design_v1.md  (sha256 d6c8195c6fb9)

[Working Practices]
  INCLUDED         _index.md  (sha256 f1d40d14c547)
  INCLUDED         WP_Capture_Working_v1.md  (sha256 54171d4dea8b)
  INCLUDED         WP_ContentDelivery_Working_v1.md  (sha256 6b858ff04f50)
  INCLUDED         WP_WorkManagement_Working_v1.md  (sha256 59a0bba2401c)

[Working Practices\FileOps]
  INCLUDED         WP_FileOps_Working_v1.md  (sha256 f2ffcdd7c76f)

[_binder]
  DELETED          AIDE_Documentation_Binder_v24.md
  WRITTEN          AIDE_Documentation_Binder_v25.md  (57 files, 546856 bytes)

[_rebuild]
  INCLUDED         AIDE_Component_PurposeLines_v2.md  (sha256 b1836489f28b)
  INCLUDED         AIDE_Rebuild_Guide_v1.md  (sha256 01ceb45e507b)
  INCLUDED         AIDE_Rebuild_Overview_v1.md  (sha256 5a65c44f5991)
  INCLUDED         AIDE_Rebuild_SettledDecisions_v1.md  (sha256 33593102e982)
  INCLUDED         ProjectDesign_Decisions_Pending_v1.md  (sha256 647aacf4c1ad)
  INCLUDED         ProjectDesign_Design_Pending_v1.md  (sha256 587bc4c6165f)
  INCLUDED         ProjectDesign_StandardInputs_Pending_v1.md  (sha256 710b74bb0958)
  INCLUDED         ProjectDesign_WorkRegister_Pending_v1.md  (sha256 638ebbfb6eef)
  SKIPPED          AIDE_DesignApproach_WIP_v1.md: matches exclude_files pattern "*_WIP_*"
  SKIPPED          AIDE_Rebuild_WIP_v24.md: matches exclude_files pattern "*_WIP_*"

------------------------------------------------------------------------
Result: 57 included, 2 skipped, 1 written, 1 deleted
========================================================================

========================================================================
binder builder   2026-09-11 10:02:20   LIVE
binder:   AIDE_Documentation
root:     C:\Users\david\dev\repos\DigitalBusiness-AIDE\Documentation
settings: C:\Users\david\dev\repos\DigitalBusiness-AIDE\Documentation\_aide\utilities\binder-builder\binder_builder_AIDE_Documentation_settings.json
include:  ~/_rebuild
folders collected from: 14
change detection: AIDE_Documentation_Binder_v25.md: 2 added, 2 removed (Tools/Tools_Authoring_Standard_v2.md, Tools/Tools_Decisions_v2.md, Tools/Tools_Authoring_Standard_v1.md, and 1 more) - rebuilding
------------------------------------------------------------------------

[Core]
  INCLUDED         _index.md  (sha256 8e58c5e0026b)
  INCLUDED         Core_AIDEMap.md  (sha256 e3b0c44298fc)
  INCLUDED         Core_AIDEMap.yaml  (sha256 a3f651bdb590)
  INCLUDED         Core_AIDEPrinciples_Decisions_v1.md  (sha256 655de3e64709)
  INCLUDED         Core_AIDEPrinciples_Design_v1.md  (sha256 60e20e8d0b9d)
  INCLUDED         Core_Brief_v1.md  (sha256 6c2e6280ea89)
  INCLUDED         Core_Design_Documentation_Working_v1.md  (sha256 b2999c523397)
  INCLUDED         Core_Structure_Decisions_v1.md  (sha256 2217f6768b89)
  INCLUDED         Core_Structure_Design_v1.md  (sha256 f464dc43de50)
  INCLUDED         Core_Tags_Working_v1.md  (sha256 ae6557378adf)
  INCLUDED         Core_Working_v1.md  (sha256 9808a331b339)

[Documentation Methodology]
  INCLUDED         _index.md  (sha256 dd54608243d5)
  INCLUDED         DocMeth_Decisions_v1.md  (sha256 b349e5ec403e)
  INCLUDED         DocMeth_Design_v1.md  (sha256 e747f8b0f5e2)
  INCLUDED         DocMeth_Working_v1.md  (sha256 1af58d615fd8)

[Infrastructure]
  INCLUDED         _index.md  (sha256 fb736219786c)
  INCLUDED         Infrastructure_CLI_Decisions_v1.md  (sha256 7a16726b5162)
  INCLUDED         Infrastructure_CLI_Design_v1.md  (sha256 12e05744ff4a)
  INCLUDED         Infrastructure_Working_v1.md  (sha256 1d7a11e25a57)

[Infrastructure\binder-builder]
  INCLUDED         binder_builder_Documentation_settings.json  (sha256 b9b89306305b)
  INCLUDED         BinderBuilder_Design_v10.md  (sha256 e6573d80384e)
  INCLUDED         README.md  (sha256 3ec5dab12e67)

[Infrastructure\file-update-package]
  INCLUDED         file_update_package_settings.json  (sha256 fce12837157e)
  INCLUDED         FileUpdatePackage_Design_v1.md  (sha256 11ad3a9f4c94)
  INCLUDED         README.md  (sha256 203b6f20f7ce)

[Infrastructure\version-cleanup]
  INCLUDED         README.md  (sha256 a978d666e85a)
  INCLUDED         version_cleanup_settings.json  (sha256 c17e9142e485)
  INCLUDED         VersionCleanup_Design_v3.md  (sha256 e6d1eb38aba5)

[Principles]
  INCLUDED         Principles_Decisions_v4.md  (sha256 2c31c26b5c66)
  INCLUDED         Principles_Design_v4.md  (sha256 4bd5797d3d2e)

[Project Design]
  INCLUDED         _index.md  (sha256 3002bcf578cc)
  INCLUDED         ProjectDesign_Decisions_v1.md  (sha256 0fc2d790dc5f)
  INCLUDED         ProjectDesign_Design_v1.md  (sha256 c4a80e5fa894)
  INCLUDED         ProjectDesign_Standard_v1.md  (sha256 453aaeb09fb9)
  INCLUDED         ProjectDesign_Standard_v2.md  (sha256 36d4c7c83bdd)

[Standards]
  INCLUDED         _index.md  (sha256 3bd4678a60c0)
  INCLUDED         Standards_Authoring_Standard_v3.md  (sha256 e9332446485a)
  INCLUDED         Standards_Consumption_Standard_v1.md  (sha256 50aebbf3c4d9)
  INCLUDED         Standards_Decisions_v2.md  (sha256 c0286118492c)
  INCLUDED         Standards_Design_v2.md  (sha256 cfedb41ac36c)
  INCLUDED         Standards_Working_v1.md  (sha256 9677537477ab)

[Tools]
  INCLUDED         Tools_Authoring_Standard_v2.md  (sha256 25c6e2d07f46)
  INCLUDED         Tools_Decisions_v2.md  (sha256 cc18a9ea41c1)
  INCLUDED         Tools_Design_v1.md  (sha256 d6c8195c6fb9)

[Working Practices]
  INCLUDED         _index.md  (sha256 f1d40d14c547)
  INCLUDED         WP_Capture_Working_v1.md  (sha256 54171d4dea8b)
  INCLUDED         WP_ContentDelivery_Working_v1.md  (sha256 6b858ff04f50)
  INCLUDED         WP_WorkManagement_Working_v1.md  (sha256 59a0bba2401c)

[Working Practices\FileOps]
  INCLUDED         WP_FileOps_Working_v1.md  (sha256 f2ffcdd7c76f)

[_binder]
  DELETED          AIDE_Documentation_Binder_v25.md
  WRITTEN          AIDE_Documentation_Binder_v26.md  (57 files, 550097 bytes)

[_rebuild]
  INCLUDED         AIDE_Component_PurposeLines_v2.md  (sha256 b1836489f28b)
  INCLUDED         AIDE_Rebuild_Guide_v1.md  (sha256 01ceb45e507b)
  INCLUDED         AIDE_Rebuild_Overview_v1.md  (sha256 5a65c44f5991)
  INCLUDED         AIDE_Rebuild_SettledDecisions_v1.md  (sha256 33593102e982)
  INCLUDED         ProjectDesign_Decisions_Pending_v1.md  (sha256 647aacf4c1ad)
  INCLUDED         ProjectDesign_Design_Pending_v1.md  (sha256 587bc4c6165f)
  INCLUDED         ProjectDesign_StandardInputs_Pending_v1.md  (sha256 710b74bb0958)
  INCLUDED         ProjectDesign_WorkRegister_Pending_v1.md  (sha256 638ebbfb6eef)
  SKIPPED          AIDE_DesignApproach_WIP_v1.md: matches exclude_files pattern "*_WIP_*"
  SKIPPED          AIDE_Rebuild_WIP_v24.md: matches exclude_files pattern "*_WIP_*"

------------------------------------------------------------------------
Result: 57 included, 2 skipped, 1 written, 1 deleted
========================================================================

========================================================================
binder builder   2026-09-11 10:05:45   LIVE
binder:   AIDE_Documentation
root:     C:\Users\david\dev\repos\DigitalBusiness-AIDE\Documentation
settings: C:\Users\david\dev\repos\DigitalBusiness-AIDE\Documentation\_aide\utilities\binder-builder\binder_builder_AIDE_Documentation_settings.json
include:  ~/_rebuild
folders collected from: 14
change detection: AIDE_Documentation_Binder_v26.md: 2 added, 2 removed (Standards/Standards_Authoring_Standard_v4.md, Standards/Standards_Consumption_Standard_v2.md, Standards/Standards_Authoring_Standard_v3.md, and 1 more) - rebuilding
------------------------------------------------------------------------

[Core]
  INCLUDED         _index.md  (sha256 8e58c5e0026b)
  INCLUDED         Core_AIDEMap.md  (sha256 e3b0c44298fc)
  INCLUDED         Core_AIDEMap.yaml  (sha256 a3f651bdb590)
  INCLUDED         Core_AIDEPrinciples_Decisions_v1.md  (sha256 655de3e64709)
  INCLUDED         Core_AIDEPrinciples_Design_v1.md  (sha256 60e20e8d0b9d)
  INCLUDED         Core_Brief_v1.md  (sha256 6c2e6280ea89)
  INCLUDED         Core_Design_Documentation_Working_v1.md  (sha256 b2999c523397)
  INCLUDED         Core_Structure_Decisions_v1.md  (sha256 2217f6768b89)
  INCLUDED         Core_Structure_Design_v1.md  (sha256 f464dc43de50)
  INCLUDED         Core_Tags_Working_v1.md  (sha256 ae6557378adf)
  INCLUDED         Core_Working_v1.md  (sha256 9808a331b339)

[Documentation Methodology]
  INCLUDED         _index.md  (sha256 dd54608243d5)
  INCLUDED         DocMeth_Decisions_v1.md  (sha256 b349e5ec403e)
  INCLUDED         DocMeth_Design_v1.md  (sha256 e747f8b0f5e2)
  INCLUDED         DocMeth_Working_v1.md  (sha256 1af58d615fd8)

[Infrastructure]
  INCLUDED         _index.md  (sha256 fb736219786c)
  INCLUDED         Infrastructure_CLI_Decisions_v1.md  (sha256 7a16726b5162)
  INCLUDED         Infrastructure_CLI_Design_v1.md  (sha256 12e05744ff4a)
  INCLUDED         Infrastructure_Working_v1.md  (sha256 1d7a11e25a57)

[Infrastructure\binder-builder]
  INCLUDED         binder_builder_Documentation_settings.json  (sha256 b9b89306305b)
  INCLUDED         BinderBuilder_Design_v10.md  (sha256 e6573d80384e)
  INCLUDED         README.md  (sha256 3ec5dab12e67)

[Infrastructure\file-update-package]
  INCLUDED         file_update_package_settings.json  (sha256 fce12837157e)
  INCLUDED         FileUpdatePackage_Design_v1.md  (sha256 11ad3a9f4c94)
  INCLUDED         README.md  (sha256 203b6f20f7ce)

[Infrastructure\version-cleanup]
  INCLUDED         README.md  (sha256 a978d666e85a)
  INCLUDED         version_cleanup_settings.json  (sha256 c17e9142e485)
  INCLUDED         VersionCleanup_Design_v3.md  (sha256 e6d1eb38aba5)

[Principles]
  INCLUDED         Principles_Decisions_v4.md  (sha256 2c31c26b5c66)
  INCLUDED         Principles_Design_v4.md  (sha256 4bd5797d3d2e)

[Project Design]
  INCLUDED         _index.md  (sha256 3002bcf578cc)
  INCLUDED         ProjectDesign_Decisions_v1.md  (sha256 0fc2d790dc5f)
  INCLUDED         ProjectDesign_Design_v1.md  (sha256 c4a80e5fa894)
  INCLUDED         ProjectDesign_Standard_v1.md  (sha256 453aaeb09fb9)
  INCLUDED         ProjectDesign_Standard_v2.md  (sha256 36d4c7c83bdd)

[Standards]
  INCLUDED         _index.md  (sha256 3bd4678a60c0)
  INCLUDED         Standards_Authoring_Standard_v4.md  (sha256 09fa02159c9f)
  INCLUDED         Standards_Consumption_Standard_v2.md  (sha256 f473734c8974)
  INCLUDED         Standards_Decisions_v2.md  (sha256 c0286118492c)
  INCLUDED         Standards_Design_v2.md  (sha256 cfedb41ac36c)
  INCLUDED         Standards_Working_v1.md  (sha256 9677537477ab)

[Tools]
  INCLUDED         Tools_Authoring_Standard_v2.md  (sha256 25c6e2d07f46)
  INCLUDED         Tools_Decisions_v2.md  (sha256 cc18a9ea41c1)
  INCLUDED         Tools_Design_v1.md  (sha256 d6c8195c6fb9)

[Working Practices]
  INCLUDED         _index.md  (sha256 f1d40d14c547)
  INCLUDED         WP_Capture_Working_v1.md  (sha256 54171d4dea8b)
  INCLUDED         WP_ContentDelivery_Working_v1.md  (sha256 6b858ff04f50)
  INCLUDED         WP_WorkManagement_Working_v1.md  (sha256 59a0bba2401c)

[Working Practices\FileOps]
  INCLUDED         WP_FileOps_Working_v1.md  (sha256 f2ffcdd7c76f)

[_binder]
  DELETED          AIDE_Documentation_Binder_v26.md
  WRITTEN          AIDE_Documentation_Binder_v27.md  (57 files, 550127 bytes)

[_rebuild]
  INCLUDED         AIDE_Component_PurposeLines_v2.md  (sha256 b1836489f28b)
  INCLUDED         AIDE_Rebuild_Guide_v1.md  (sha256 01ceb45e507b)
  INCLUDED         AIDE_Rebuild_Overview_v1.md  (sha256 5a65c44f5991)
  INCLUDED         AIDE_Rebuild_SettledDecisions_v1.md  (sha256 33593102e982)
  INCLUDED         ProjectDesign_Decisions_Pending_v1.md  (sha256 647aacf4c1ad)
  INCLUDED         ProjectDesign_Design_Pending_v1.md  (sha256 587bc4c6165f)
  INCLUDED         ProjectDesign_StandardInputs_Pending_v1.md  (sha256 710b74bb0958)
  INCLUDED         ProjectDesign_WorkRegister_Pending_v1.md  (sha256 638ebbfb6eef)
  SKIPPED          AIDE_DesignApproach_WIP_v1.md: matches exclude_files pattern "*_WIP_*"
  SKIPPED          AIDE_Rebuild_WIP_v24.md: matches exclude_files pattern "*_WIP_*"

------------------------------------------------------------------------
Result: 57 included, 2 skipped, 1 written, 1 deleted
========================================================================

========================================================================
binder builder   2026-09-11 10:18:52   LIVE
binder:   AIDE_Documentation
root:     C:\Users\david\dev\repos\DigitalBusiness-AIDE\Documentation
settings: C:\Users\david\dev\repos\DigitalBusiness-AIDE\Documentation\_aide\utilities\binder-builder\binder_builder_AIDE_Documentation_settings.json
include:  ~/_rebuild
folders collected from: 14
change detection: AIDE_Documentation_Binder_v27.md: 3 added, 3 removed (Tools/Tools_Authoring_Standard_v3.md, Tools/Tools_Decisions_v3.md, Tools/Tools_Design_v2.md, and 3 more) - rebuilding
------------------------------------------------------------------------

[Core]
  INCLUDED         _index.md  (sha256 8e58c5e0026b)
  INCLUDED         Core_AIDEMap.md  (sha256 e3b0c44298fc)
  INCLUDED         Core_AIDEMap.yaml  (sha256 a3f651bdb590)
  INCLUDED         Core_AIDEPrinciples_Decisions_v1.md  (sha256 655de3e64709)
  INCLUDED         Core_AIDEPrinciples_Design_v1.md  (sha256 60e20e8d0b9d)
  INCLUDED         Core_Brief_v1.md  (sha256 6c2e6280ea89)
  INCLUDED         Core_Design_Documentation_Working_v1.md  (sha256 b2999c523397)
  INCLUDED         Core_Structure_Decisions_v1.md  (sha256 2217f6768b89)
  INCLUDED         Core_Structure_Design_v1.md  (sha256 f464dc43de50)
  INCLUDED         Core_Tags_Working_v1.md  (sha256 ae6557378adf)
  INCLUDED         Core_Working_v1.md  (sha256 9808a331b339)

[Documentation Methodology]
  INCLUDED         _index.md  (sha256 dd54608243d5)
  INCLUDED         DocMeth_Decisions_v1.md  (sha256 b349e5ec403e)
  INCLUDED         DocMeth_Design_v1.md  (sha256 e747f8b0f5e2)
  INCLUDED         DocMeth_Working_v1.md  (sha256 1af58d615fd8)

[Infrastructure]
  INCLUDED         _index.md  (sha256 fb736219786c)
  INCLUDED         Infrastructure_CLI_Decisions_v1.md  (sha256 7a16726b5162)
  INCLUDED         Infrastructure_CLI_Design_v1.md  (sha256 12e05744ff4a)
  INCLUDED         Infrastructure_Working_v1.md  (sha256 1d7a11e25a57)

[Infrastructure\binder-builder]
  INCLUDED         binder_builder_Documentation_settings.json  (sha256 b9b89306305b)
  INCLUDED         BinderBuilder_Design_v10.md  (sha256 e6573d80384e)
  INCLUDED         README.md  (sha256 3ec5dab12e67)

[Infrastructure\file-update-package]
  INCLUDED         file_update_package_settings.json  (sha256 fce12837157e)
  INCLUDED         FileUpdatePackage_Design_v1.md  (sha256 11ad3a9f4c94)
  INCLUDED         README.md  (sha256 203b6f20f7ce)

[Infrastructure\version-cleanup]
  INCLUDED         README.md  (sha256 a978d666e85a)
  INCLUDED         version_cleanup_settings.json  (sha256 c17e9142e485)
  INCLUDED         VersionCleanup_Design_v3.md  (sha256 e6d1eb38aba5)

[Principles]
  INCLUDED         Principles_Decisions_v4.md  (sha256 2c31c26b5c66)
  INCLUDED         Principles_Design_v4.md  (sha256 4bd5797d3d2e)

[Project Design]
  INCLUDED         _index.md  (sha256 3002bcf578cc)
  INCLUDED         ProjectDesign_Decisions_v1.md  (sha256 0fc2d790dc5f)
  INCLUDED         ProjectDesign_Design_v1.md  (sha256 c4a80e5fa894)
  INCLUDED         ProjectDesign_Standard_v1.md  (sha256 453aaeb09fb9)
  INCLUDED         ProjectDesign_Standard_v2.md  (sha256 36d4c7c83bdd)

[Standards]
  INCLUDED         _index.md  (sha256 3bd4678a60c0)
  INCLUDED         Standards_Authoring_Standard_v4.md  (sha256 09fa02159c9f)
  INCLUDED         Standards_Consumption_Standard_v2.md  (sha256 f473734c8974)
  INCLUDED         Standards_Decisions_v2.md  (sha256 c0286118492c)
  INCLUDED         Standards_Design_v2.md  (sha256 cfedb41ac36c)
  INCLUDED         Standards_Working_v1.md  (sha256 9677537477ab)

[Tools]
  INCLUDED         Tools_Authoring_Standard_v3.md  (sha256 e054fc395fef)
  INCLUDED         Tools_Decisions_v3.md  (sha256 25730265fb04)
  INCLUDED         Tools_Design_v2.md  (sha256 6891ee689b81)

[Working Practices]
  INCLUDED         _index.md  (sha256 f1d40d14c547)
  INCLUDED         WP_Capture_Working_v1.md  (sha256 54171d4dea8b)
  INCLUDED         WP_ContentDelivery_Working_v1.md  (sha256 6b858ff04f50)
  INCLUDED         WP_WorkManagement_Working_v1.md  (sha256 59a0bba2401c)

[Working Practices\FileOps]
  INCLUDED         WP_FileOps_Working_v1.md  (sha256 f2ffcdd7c76f)

[_binder]
  DELETED          AIDE_Documentation_Binder_v27.md
  WRITTEN          AIDE_Documentation_Binder_v28.md  (57 files, 554495 bytes)

[_rebuild]
  INCLUDED         AIDE_Component_PurposeLines_v2.md  (sha256 b1836489f28b)
  INCLUDED         AIDE_Rebuild_Guide_v1.md  (sha256 01ceb45e507b)
  INCLUDED         AIDE_Rebuild_Overview_v1.md  (sha256 5a65c44f5991)
  INCLUDED         AIDE_Rebuild_SettledDecisions_v1.md  (sha256 33593102e982)
  INCLUDED         ProjectDesign_Decisions_Pending_v1.md  (sha256 647aacf4c1ad)
  INCLUDED         ProjectDesign_Design_Pending_v1.md  (sha256 587bc4c6165f)
  INCLUDED         ProjectDesign_StandardInputs_Pending_v1.md  (sha256 710b74bb0958)
  INCLUDED         ProjectDesign_WorkRegister_Pending_v1.md  (sha256 638ebbfb6eef)
  SKIPPED          AIDE_DesignApproach_WIP_v1.md: matches exclude_files pattern "*_WIP_*"
  SKIPPED          AIDE_Rebuild_WIP_v24.md: matches exclude_files pattern "*_WIP_*"

------------------------------------------------------------------------
Result: 57 included, 2 skipped, 1 written, 1 deleted
========================================================================

========================================================================
binder builder   2026-09-11 10:30:04   LIVE
binder:   AIDE_Documentation
root:     C:\Users\david\dev\repos\DigitalBusiness-AIDE\Documentation
settings: C:\Users\david\dev\repos\DigitalBusiness-AIDE\Documentation\_aide\utilities\binder-builder\binder_builder_AIDE_Documentation_settings.json
include:  ~/_rebuild
folders collected from: 14
change detection: AIDE_Documentation_Binder_v28.md: 3 added, 3 removed (Tools/Tools_Authoring_Standard_v4.md, Tools/Tools_Decisions_v4.md, Tools/Tools_Design_v3.md, and 3 more) - rebuilding
------------------------------------------------------------------------

[Core]
  INCLUDED         _index.md  (sha256 8e58c5e0026b)
  INCLUDED         Core_AIDEMap.md  (sha256 e3b0c44298fc)
  INCLUDED         Core_AIDEMap.yaml  (sha256 a3f651bdb590)
  INCLUDED         Core_AIDEPrinciples_Decisions_v1.md  (sha256 655de3e64709)
  INCLUDED         Core_AIDEPrinciples_Design_v1.md  (sha256 60e20e8d0b9d)
  INCLUDED         Core_Brief_v1.md  (sha256 6c2e6280ea89)
  INCLUDED         Core_Design_Documentation_Working_v1.md  (sha256 b2999c523397)
  INCLUDED         Core_Structure_Decisions_v1.md  (sha256 2217f6768b89)
  INCLUDED         Core_Structure_Design_v1.md  (sha256 f464dc43de50)
  INCLUDED         Core_Tags_Working_v1.md  (sha256 ae6557378adf)
  INCLUDED         Core_Working_v1.md  (sha256 9808a331b339)

[Documentation Methodology]
  INCLUDED         _index.md  (sha256 dd54608243d5)
  INCLUDED         DocMeth_Decisions_v1.md  (sha256 b349e5ec403e)
  INCLUDED         DocMeth_Design_v1.md  (sha256 e747f8b0f5e2)
  INCLUDED         DocMeth_Working_v1.md  (sha256 1af58d615fd8)

[Infrastructure]
  INCLUDED         _index.md  (sha256 fb736219786c)
  INCLUDED         Infrastructure_CLI_Decisions_v1.md  (sha256 7a16726b5162)
  INCLUDED         Infrastructure_CLI_Design_v1.md  (sha256 12e05744ff4a)
  INCLUDED         Infrastructure_Working_v1.md  (sha256 1d7a11e25a57)

[Infrastructure\binder-builder]
  INCLUDED         binder_builder_Documentation_settings.json  (sha256 b9b89306305b)
  INCLUDED         BinderBuilder_Design_v10.md  (sha256 e6573d80384e)
  INCLUDED         README.md  (sha256 3ec5dab12e67)

[Infrastructure\file-update-package]
  INCLUDED         file_update_package_settings.json  (sha256 fce12837157e)
  INCLUDED         FileUpdatePackage_Design_v1.md  (sha256 11ad3a9f4c94)
  INCLUDED         README.md  (sha256 203b6f20f7ce)

[Infrastructure\version-cleanup]
  INCLUDED         README.md  (sha256 a978d666e85a)
  INCLUDED         version_cleanup_settings.json  (sha256 c17e9142e485)
  INCLUDED         VersionCleanup_Design_v3.md  (sha256 e6d1eb38aba5)

[Principles]
  INCLUDED         Principles_Decisions_v4.md  (sha256 2c31c26b5c66)
  INCLUDED         Principles_Design_v4.md  (sha256 4bd5797d3d2e)

[Project Design]
  INCLUDED         _index.md  (sha256 3002bcf578cc)
  INCLUDED         ProjectDesign_Decisions_v1.md  (sha256 0fc2d790dc5f)
  INCLUDED         ProjectDesign_Design_v1.md  (sha256 c4a80e5fa894)
  INCLUDED         ProjectDesign_Standard_v1.md  (sha256 453aaeb09fb9)
  INCLUDED         ProjectDesign_Standard_v2.md  (sha256 36d4c7c83bdd)

[Standards]
  INCLUDED         _index.md  (sha256 3bd4678a60c0)
  INCLUDED         Standards_Authoring_Standard_v4.md  (sha256 09fa02159c9f)
  INCLUDED         Standards_Consumption_Standard_v2.md  (sha256 f473734c8974)
  INCLUDED         Standards_Decisions_v2.md  (sha256 c0286118492c)
  INCLUDED         Standards_Design_v2.md  (sha256 cfedb41ac36c)
  INCLUDED         Standards_Working_v1.md  (sha256 9677537477ab)

[Tools]
  INCLUDED         Tools_Authoring_Standard_v4.md  (sha256 c8d9e5ceca39)
  INCLUDED         Tools_Decisions_v4.md  (sha256 8ce74a49af55)
  INCLUDED         Tools_Design_v3.md  (sha256 70dee72bc66c)

[Working Practices]
  INCLUDED         _index.md  (sha256 f1d40d14c547)
  INCLUDED         WP_Capture_Working_v1.md  (sha256 54171d4dea8b)
  INCLUDED         WP_ContentDelivery_Working_v1.md  (sha256 6b858ff04f50)
  INCLUDED         WP_WorkManagement_Working_v1.md  (sha256 59a0bba2401c)

[Working Practices\FileOps]
  INCLUDED         WP_FileOps_Working_v1.md  (sha256 f2ffcdd7c76f)

[_binder]
  DELETED          AIDE_Documentation_Binder_v28.md
  WRITTEN          AIDE_Documentation_Binder_v29.md  (57 files, 556006 bytes)

[_rebuild]
  INCLUDED         AIDE_Component_PurposeLines_v2.md  (sha256 b1836489f28b)
  INCLUDED         AIDE_Rebuild_Guide_v1.md  (sha256 01ceb45e507b)
  INCLUDED         AIDE_Rebuild_Overview_v1.md  (sha256 5a65c44f5991)
  INCLUDED         AIDE_Rebuild_SettledDecisions_v1.md  (sha256 33593102e982)
  INCLUDED         ProjectDesign_Decisions_Pending_v1.md  (sha256 647aacf4c1ad)
  INCLUDED         ProjectDesign_Design_Pending_v1.md  (sha256 587bc4c6165f)
  INCLUDED         ProjectDesign_StandardInputs_Pending_v1.md  (sha256 710b74bb0958)
  INCLUDED         ProjectDesign_WorkRegister_Pending_v1.md  (sha256 638ebbfb6eef)
  SKIPPED          AIDE_DesignApproach_WIP_v1.md: matches exclude_files pattern "*_WIP_*"
  SKIPPED          AIDE_Rebuild_WIP_v24.md: matches exclude_files pattern "*_WIP_*"

------------------------------------------------------------------------
Result: 57 included, 2 skipped, 1 written, 1 deleted
========================================================================

========================================================================
binder builder   2026-09-11 10:35:33   LIVE
binder:   AIDE_Documentation
root:     C:\Users\david\dev\repos\DigitalBusiness-AIDE\Documentation
settings: C:\Users\david\dev\repos\DigitalBusiness-AIDE\Documentation\_aide\utilities\binder-builder\binder_builder_AIDE_Documentation_settings.json
include:  ~/_rebuild
folders collected from: 14
change detection: AIDE_Documentation_Binder_v29.md: 2 added, 1 removed (Standards/Standards_Authoring_Standard_v5.md, Tools/_index.md, Standards/Standards_Authoring_Standard_v4.md) - rebuilding
------------------------------------------------------------------------

[Core]
  INCLUDED         _index.md  (sha256 8e58c5e0026b)
  INCLUDED         Core_AIDEMap.md  (sha256 e3b0c44298fc)
  INCLUDED         Core_AIDEMap.yaml  (sha256 a3f651bdb590)
  INCLUDED         Core_AIDEPrinciples_Decisions_v1.md  (sha256 655de3e64709)
  INCLUDED         Core_AIDEPrinciples_Design_v1.md  (sha256 60e20e8d0b9d)
  INCLUDED         Core_Brief_v1.md  (sha256 6c2e6280ea89)
  INCLUDED         Core_Design_Documentation_Working_v1.md  (sha256 b2999c523397)
  INCLUDED         Core_Structure_Decisions_v1.md  (sha256 2217f6768b89)
  INCLUDED         Core_Structure_Design_v1.md  (sha256 f464dc43de50)
  INCLUDED         Core_Tags_Working_v1.md  (sha256 ae6557378adf)
  INCLUDED         Core_Working_v1.md  (sha256 9808a331b339)

[Documentation Methodology]
  INCLUDED         _index.md  (sha256 dd54608243d5)
  INCLUDED         DocMeth_Decisions_v1.md  (sha256 b349e5ec403e)
  INCLUDED         DocMeth_Design_v1.md  (sha256 e747f8b0f5e2)
  INCLUDED         DocMeth_Working_v1.md  (sha256 1af58d615fd8)

[Infrastructure]
  INCLUDED         _index.md  (sha256 fb736219786c)
  INCLUDED         Infrastructure_CLI_Decisions_v1.md  (sha256 7a16726b5162)
  INCLUDED         Infrastructure_CLI_Design_v1.md  (sha256 12e05744ff4a)
  INCLUDED         Infrastructure_Working_v1.md  (sha256 1d7a11e25a57)

[Infrastructure\binder-builder]
  INCLUDED         binder_builder_Documentation_settings.json  (sha256 b9b89306305b)
  INCLUDED         BinderBuilder_Design_v10.md  (sha256 e6573d80384e)
  INCLUDED         README.md  (sha256 3ec5dab12e67)

[Infrastructure\file-update-package]
  INCLUDED         file_update_package_settings.json  (sha256 fce12837157e)
  INCLUDED         FileUpdatePackage_Design_v1.md  (sha256 11ad3a9f4c94)
  INCLUDED         README.md  (sha256 203b6f20f7ce)

[Infrastructure\version-cleanup]
  INCLUDED         README.md  (sha256 a978d666e85a)
  INCLUDED         version_cleanup_settings.json  (sha256 c17e9142e485)
  INCLUDED         VersionCleanup_Design_v3.md  (sha256 e6d1eb38aba5)

[Principles]
  INCLUDED         Principles_Decisions_v4.md  (sha256 2c31c26b5c66)
  INCLUDED         Principles_Design_v4.md  (sha256 4bd5797d3d2e)

[Project Design]
  INCLUDED         _index.md  (sha256 3002bcf578cc)
  INCLUDED         ProjectDesign_Decisions_v1.md  (sha256 0fc2d790dc5f)
  INCLUDED         ProjectDesign_Design_v1.md  (sha256 c4a80e5fa894)
  INCLUDED         ProjectDesign_Standard_v1.md  (sha256 453aaeb09fb9)
  INCLUDED         ProjectDesign_Standard_v2.md  (sha256 36d4c7c83bdd)

[Standards]
  INCLUDED         _index.md  (sha256 3bd4678a60c0)
  INCLUDED         Standards_Authoring_Standard_v5.md  (sha256 af5113f73be9)
  INCLUDED         Standards_Consumption_Standard_v2.md  (sha256 f473734c8974)
  INCLUDED         Standards_Decisions_v2.md  (sha256 c0286118492c)
  INCLUDED         Standards_Design_v2.md  (sha256 cfedb41ac36c)
  INCLUDED         Standards_Working_v1.md  (sha256 9677537477ab)

[Tools]
  INCLUDED         _index.md  (sha256 7bb05b130edc)
  INCLUDED         Tools_Authoring_Standard_v4.md  (sha256 c8d9e5ceca39)
  INCLUDED         Tools_Decisions_v4.md  (sha256 8ce74a49af55)
  INCLUDED         Tools_Design_v3.md  (sha256 70dee72bc66c)

[Working Practices]
  INCLUDED         _index.md  (sha256 f1d40d14c547)
  INCLUDED         WP_Capture_Working_v1.md  (sha256 54171d4dea8b)
  INCLUDED         WP_ContentDelivery_Working_v1.md  (sha256 6b858ff04f50)
  INCLUDED         WP_WorkManagement_Working_v1.md  (sha256 59a0bba2401c)

[Working Practices\FileOps]
  INCLUDED         WP_FileOps_Working_v1.md  (sha256 f2ffcdd7c76f)

[_binder]
  DELETED          AIDE_Documentation_Binder_v29.md
  WRITTEN          AIDE_Documentation_Binder_v30.md  (58 files, 557192 bytes)

[_rebuild]
  INCLUDED         AIDE_Component_PurposeLines_v2.md  (sha256 b1836489f28b)
  INCLUDED         AIDE_Rebuild_Guide_v1.md  (sha256 01ceb45e507b)
  INCLUDED         AIDE_Rebuild_Overview_v1.md  (sha256 5a65c44f5991)
  INCLUDED         AIDE_Rebuild_SettledDecisions_v1.md  (sha256 33593102e982)
  INCLUDED         ProjectDesign_Decisions_Pending_v1.md  (sha256 647aacf4c1ad)
  INCLUDED         ProjectDesign_Design_Pending_v1.md  (sha256 587bc4c6165f)
  INCLUDED         ProjectDesign_StandardInputs_Pending_v1.md  (sha256 710b74bb0958)
  INCLUDED         ProjectDesign_WorkRegister_Pending_v1.md  (sha256 638ebbfb6eef)
  SKIPPED          AIDE_DesignApproach_WIP_v1.md: matches exclude_files pattern "*_WIP_*"
  SKIPPED          AIDE_Rebuild_WIP_v24.md: matches exclude_files pattern "*_WIP_*"

------------------------------------------------------------------------
Result: 58 included, 2 skipped, 1 written, 1 deleted
========================================================================

========================================================================
binder builder   2026-09-11 11:08:56   LIVE
binder:   AIDE_Documentation
root:     C:\Users\david\dev\repos\DigitalBusiness-AIDE\Documentation
settings: C:\Users\david\dev\repos\DigitalBusiness-AIDE\Documentation\_aide\utilities\binder-builder\binder_builder_AIDE_Documentation_settings.json
include:  ~/_rebuild
folders collected from: 14
change detection: AIDE_Documentation_Binder_v30.md: 58 file(s) in scope, all matching the manifest - binder not rebuilt
------------------------------------------------------------------------

[_binder]
  NO CHANGES       no changes detected since AIDE_Documentation_Binder_v30.md; binder not rebuilt

[_rebuild]
  SKIPPED          AIDE_DesignApproach_WIP_v1.md: matches exclude_files pattern "*_WIP_*"
  SKIPPED          AIDE_Rebuild_WIP_v24.md: matches exclude_files pattern "*_WIP_*"

------------------------------------------------------------------------
Result: 2 skipped, 1 no changes
========================================================================

========================================================================
binder builder   2026-09-11 11:21:34   LIVE
binder:   AIDE_Documentation
root:     C:\Users\david\dev\repos\DigitalBusiness-AIDE\Documentation
settings: C:\Users\david\dev\repos\DigitalBusiness-AIDE\Documentation\_aide\utilities\binder-builder\binder_builder_AIDE_Documentation_settings.json
include:  ~/_rebuild
folders collected from: 14
change detection: AIDE_Documentation_Binder_v30.md: 3 added, 4 removed (Documentation Methodology/DocMeth_Decisions_v2.md, Documentation Methodology/DocMeth_Design_v2.md, Documentation Methodology/DocMeth_Working_v2.md, and 4 more) - rebuilding
------------------------------------------------------------------------

[Core]
  INCLUDED         _index.md  (sha256 8e58c5e0026b)
  INCLUDED         Core_AIDEMap.md  (sha256 e3b0c44298fc)
  INCLUDED         Core_AIDEMap.yaml  (sha256 a3f651bdb590)
  INCLUDED         Core_AIDEPrinciples_Decisions_v1.md  (sha256 655de3e64709)
  INCLUDED         Core_AIDEPrinciples_Design_v1.md  (sha256 60e20e8d0b9d)
  INCLUDED         Core_Brief_v1.md  (sha256 6c2e6280ea89)
  INCLUDED         Core_Design_Documentation_Working_v1.md  (sha256 b2999c523397)
  INCLUDED         Core_Structure_Decisions_v1.md  (sha256 2217f6768b89)
  INCLUDED         Core_Structure_Design_v1.md  (sha256 f464dc43de50)
  INCLUDED         Core_Tags_Working_v1.md  (sha256 ae6557378adf)
  INCLUDED         Core_Working_v1.md  (sha256 9808a331b339)

[Documentation Methodology]
  INCLUDED         _index.md  (sha256 dd54608243d5)
  INCLUDED         DocMeth_Decisions_v2.md  (sha256 ed5b655e5102)
  INCLUDED         DocMeth_Design_v2.md  (sha256 2a65933d8b2c)
  INCLUDED         DocMeth_Working_v2.md  (sha256 fc11dd77bac2)

[Infrastructure]
  INCLUDED         _index.md  (sha256 fb736219786c)
  INCLUDED         Infrastructure_CLI_Decisions_v1.md  (sha256 7a16726b5162)
  INCLUDED         Infrastructure_CLI_Design_v1.md  (sha256 12e05744ff4a)
  INCLUDED         Infrastructure_Working_v1.md  (sha256 1d7a11e25a57)

[Infrastructure\binder-builder]
  INCLUDED         binder_builder_Documentation_settings.json  (sha256 b9b89306305b)
  INCLUDED         BinderBuilder_Design_v10.md  (sha256 e6573d80384e)
  INCLUDED         README.md  (sha256 3ec5dab12e67)

[Infrastructure\file-update-package]
  INCLUDED         file_update_package_settings.json  (sha256 fce12837157e)
  INCLUDED         FileUpdatePackage_Design_v1.md  (sha256 11ad3a9f4c94)
  INCLUDED         README.md  (sha256 203b6f20f7ce)

[Infrastructure\version-cleanup]
  INCLUDED         README.md  (sha256 a978d666e85a)
  INCLUDED         version_cleanup_settings.json  (sha256 c17e9142e485)
  INCLUDED         VersionCleanup_Design_v3.md  (sha256 e6d1eb38aba5)

[Principles]
  INCLUDED         Principles_Decisions_v4.md  (sha256 2c31c26b5c66)
  INCLUDED         Principles_Design_v4.md  (sha256 4bd5797d3d2e)

[Project Design]
  INCLUDED         _index.md  (sha256 3002bcf578cc)
  INCLUDED         ProjectDesign_Decisions_v1.md  (sha256 0fc2d790dc5f)
  INCLUDED         ProjectDesign_Design_v1.md  (sha256 c4a80e5fa894)
  INCLUDED         ProjectDesign_Standard_v2.md  (sha256 36d4c7c83bdd)

[Standards]
  INCLUDED         _index.md  (sha256 3bd4678a60c0)
  INCLUDED         Standards_Authoring_Standard_v5.md  (sha256 af5113f73be9)
  INCLUDED         Standards_Consumption_Standard_v2.md  (sha256 f473734c8974)
  INCLUDED         Standards_Decisions_v2.md  (sha256 c0286118492c)
  INCLUDED         Standards_Design_v2.md  (sha256 cfedb41ac36c)
  INCLUDED         Standards_Working_v1.md  (sha256 9677537477ab)

[Tools]
  INCLUDED         _index.md  (sha256 7bb05b130edc)
  INCLUDED         Tools_Authoring_Standard_v4.md  (sha256 c8d9e5ceca39)
  INCLUDED         Tools_Decisions_v4.md  (sha256 8ce74a49af55)
  INCLUDED         Tools_Design_v3.md  (sha256 70dee72bc66c)

[Working Practices]
  INCLUDED         _index.md  (sha256 f1d40d14c547)
  INCLUDED         WP_Capture_Working_v1.md  (sha256 54171d4dea8b)
  INCLUDED         WP_ContentDelivery_Working_v1.md  (sha256 6b858ff04f50)
  INCLUDED         WP_WorkManagement_Working_v1.md  (sha256 59a0bba2401c)

[Working Practices\FileOps]
  INCLUDED         WP_FileOps_Working_v1.md  (sha256 f2ffcdd7c76f)

[_binder]
  DELETED          AIDE_Documentation_Binder_v30.md
  WRITTEN          AIDE_Documentation_Binder_v31.md  (57 files, 567620 bytes)

[_rebuild]
  INCLUDED         AIDE_Component_PurposeLines_v2.md  (sha256 b1836489f28b)
  INCLUDED         AIDE_Rebuild_Guide_v1.md  (sha256 01ceb45e507b)
  INCLUDED         AIDE_Rebuild_Overview_v1.md  (sha256 5a65c44f5991)
  INCLUDED         AIDE_Rebuild_SettledDecisions_v1.md  (sha256 33593102e982)
  INCLUDED         ProjectDesign_Decisions_Pending_v1.md  (sha256 647aacf4c1ad)
  INCLUDED         ProjectDesign_Design_Pending_v1.md  (sha256 587bc4c6165f)
  INCLUDED         ProjectDesign_StandardInputs_Pending_v1.md  (sha256 710b74bb0958)
  INCLUDED         ProjectDesign_WorkRegister_Pending_v1.md  (sha256 638ebbfb6eef)
  SKIPPED          AIDE_DesignApproach_WIP_v1.md: matches exclude_files pattern "*_WIP_*"
  SKIPPED          AIDE_Rebuild_WIP_v24.md: matches exclude_files pattern "*_WIP_*"

------------------------------------------------------------------------
Result: 57 included, 2 skipped, 1 written, 1 deleted
========================================================================

========================================================================
binder builder   2026-09-11 12:05:33   LIVE
binder:   AIDE_Documentation
root:     C:\Users\david\dev\repos\DigitalBusiness-AIDE\Documentation
settings: C:\Users\david\dev\repos\DigitalBusiness-AIDE\Documentation\_aide\utilities\binder-builder\binder_builder_AIDE_Documentation_settings.json
include:  ~/_rebuild
folders collected from: 14
change detection: AIDE_Documentation_Binder_v31.md: 3 added, 1 changed (Project Design/ProjectDesign_Decisions_v2.md, Project Design/ProjectDesign_Design_v2.md, Project Design/ProjectDesign_Standard_v3.md, and 1 more) - rebuilding
------------------------------------------------------------------------

[Core]
  INCLUDED         _index.md  (sha256 8e58c5e0026b)
  INCLUDED         Core_AIDEMap.md  (sha256 e3b0c44298fc)
  INCLUDED         Core_AIDEMap.yaml  (sha256 a3f651bdb590)
  INCLUDED         Core_AIDEPrinciples_Decisions_v1.md  (sha256 655de3e64709)
  INCLUDED         Core_AIDEPrinciples_Design_v1.md  (sha256 60e20e8d0b9d)
  INCLUDED         Core_Brief_v1.md  (sha256 6c2e6280ea89)
  INCLUDED         Core_Design_Documentation_Working_v1.md  (sha256 b2999c523397)
  INCLUDED         Core_Structure_Decisions_v1.md  (sha256 2217f6768b89)
  INCLUDED         Core_Structure_Design_v1.md  (sha256 f464dc43de50)
  INCLUDED         Core_Tags_Working_v1.md  (sha256 ae6557378adf)
  INCLUDED         Core_Working_v1.md  (sha256 9808a331b339)

[Documentation Methodology]
  INCLUDED         _index.md  (sha256 dd54608243d5)
  INCLUDED         DocMeth_Decisions_v2.md  (sha256 ed5b655e5102)
  INCLUDED         DocMeth_Design_v2.md  (sha256 2a65933d8b2c)
  INCLUDED         DocMeth_Working_v2.md  (sha256 fc11dd77bac2)

[Infrastructure]
  INCLUDED         _index.md  (sha256 fb736219786c)
  INCLUDED         Infrastructure_CLI_Decisions_v1.md  (sha256 7a16726b5162)
  INCLUDED         Infrastructure_CLI_Design_v1.md  (sha256 12e05744ff4a)
  INCLUDED         Infrastructure_Working_v1.md  (sha256 1d7a11e25a57)

[Infrastructure\binder-builder]
  INCLUDED         binder_builder_Documentation_settings.json  (sha256 b9b89306305b)
  INCLUDED         BinderBuilder_Design_v10.md  (sha256 e6573d80384e)
  INCLUDED         README.md  (sha256 3ec5dab12e67)

[Infrastructure\file-update-package]
  INCLUDED         file_update_package_settings.json  (sha256 fce12837157e)
  INCLUDED         FileUpdatePackage_Design_v1.md  (sha256 11ad3a9f4c94)
  INCLUDED         README.md  (sha256 203b6f20f7ce)

[Infrastructure\version-cleanup]
  INCLUDED         README.md  (sha256 a978d666e85a)
  INCLUDED         version_cleanup_settings.json  (sha256 c17e9142e485)
  INCLUDED         VersionCleanup_Design_v3.md  (sha256 e6d1eb38aba5)

[Principles]
  INCLUDED         Principles_Decisions_v4.md  (sha256 2c31c26b5c66)
  INCLUDED         Principles_Design_v4.md  (sha256 4bd5797d3d2e)

[Project Design]
  INCLUDED         _index.md  (sha256 a1d262969ad0)
  INCLUDED         ProjectDesign_Decisions_v1.md  (sha256 0fc2d790dc5f)
  INCLUDED         ProjectDesign_Decisions_v2.md  (sha256 0a07a453c42c)
  INCLUDED         ProjectDesign_Design_v1.md  (sha256 c4a80e5fa894)
  INCLUDED         ProjectDesign_Design_v2.md  (sha256 80a739c74e04)
  INCLUDED         ProjectDesign_Standard_v2.md  (sha256 36d4c7c83bdd)
  INCLUDED         ProjectDesign_Standard_v3.md  (sha256 fe55bbec4f27)

[Standards]
  INCLUDED         _index.md  (sha256 3bd4678a60c0)
  INCLUDED         Standards_Authoring_Standard_v5.md  (sha256 af5113f73be9)
  INCLUDED         Standards_Consumption_Standard_v2.md  (sha256 f473734c8974)
  INCLUDED         Standards_Decisions_v2.md  (sha256 c0286118492c)
  INCLUDED         Standards_Design_v2.md  (sha256 cfedb41ac36c)
  INCLUDED         Standards_Working_v1.md  (sha256 9677537477ab)

[Tools]
  INCLUDED         _index.md  (sha256 7bb05b130edc)
  INCLUDED         Tools_Authoring_Standard_v4.md  (sha256 c8d9e5ceca39)
  INCLUDED         Tools_Decisions_v4.md  (sha256 8ce74a49af55)
  INCLUDED         Tools_Design_v3.md  (sha256 70dee72bc66c)

[Working Practices]
  INCLUDED         _index.md  (sha256 f1d40d14c547)
  INCLUDED         WP_Capture_Working_v1.md  (sha256 54171d4dea8b)
  INCLUDED         WP_ContentDelivery_Working_v1.md  (sha256 6b858ff04f50)
  INCLUDED         WP_WorkManagement_Working_v1.md  (sha256 59a0bba2401c)

[Working Practices\FileOps]
  INCLUDED         WP_FileOps_Working_v1.md  (sha256 f2ffcdd7c76f)

[_binder]
  DELETED          AIDE_Documentation_Binder_v31.md
  WRITTEN          AIDE_Documentation_Binder_v32.md  (60 files, 625308 bytes)

[_rebuild]
  INCLUDED         AIDE_Component_PurposeLines_v2.md  (sha256 b1836489f28b)
  INCLUDED         AIDE_Rebuild_Guide_v1.md  (sha256 01ceb45e507b)
  INCLUDED         AIDE_Rebuild_Overview_v1.md  (sha256 5a65c44f5991)
  INCLUDED         AIDE_Rebuild_SettledDecisions_v1.md  (sha256 33593102e982)
  INCLUDED         ProjectDesign_Decisions_Pending_v1.md  (sha256 647aacf4c1ad)
  INCLUDED         ProjectDesign_Design_Pending_v1.md  (sha256 587bc4c6165f)
  INCLUDED         ProjectDesign_StandardInputs_Pending_v1.md  (sha256 710b74bb0958)
  INCLUDED         ProjectDesign_WorkRegister_Pending_v1.md  (sha256 638ebbfb6eef)
  SKIPPED          AIDE_DesignApproach_WIP_v1.md: matches exclude_files pattern "*_WIP_*"
  SKIPPED          AIDE_Rebuild_WIP_v24.md: matches exclude_files pattern "*_WIP_*"

------------------------------------------------------------------------
Result: 60 included, 2 skipped, 1 written, 1 deleted
========================================================================

========================================================================
binder builder   2026-09-11 12:06:56   LIVE
binder:   AIDE_Documentation
root:     C:\Users\david\dev\repos\DigitalBusiness-AIDE\Documentation
settings: C:\Users\david\dev\repos\DigitalBusiness-AIDE\Documentation\_aide\utilities\binder-builder\binder_builder_AIDE_Documentation_settings.json
include:  ~/_rebuild
folders collected from: 14
change detection: AIDE_Documentation_Binder_v32.md: 3 changed (Documentation Methodology/DocMeth_Decisions_v2.md, Documentation Methodology/DocMeth_Design_v2.md, Documentation Methodology/DocMeth_Working_v2.md) - rebuilding
------------------------------------------------------------------------

[Core]
  INCLUDED         _index.md  (sha256 8e58c5e0026b)
  INCLUDED         Core_AIDEMap.md  (sha256 e3b0c44298fc)
  INCLUDED         Core_AIDEMap.yaml  (sha256 a3f651bdb590)
  INCLUDED         Core_AIDEPrinciples_Decisions_v1.md  (sha256 655de3e64709)
  INCLUDED         Core_AIDEPrinciples_Design_v1.md  (sha256 60e20e8d0b9d)
  INCLUDED         Core_Brief_v1.md  (sha256 6c2e6280ea89)
  INCLUDED         Core_Design_Documentation_Working_v1.md  (sha256 b2999c523397)
  INCLUDED         Core_Structure_Decisions_v1.md  (sha256 2217f6768b89)
  INCLUDED         Core_Structure_Design_v1.md  (sha256 f464dc43de50)
  INCLUDED         Core_Tags_Working_v1.md  (sha256 ae6557378adf)
  INCLUDED         Core_Working_v1.md  (sha256 9808a331b339)

[Documentation Methodology]
  INCLUDED         _index.md  (sha256 dd54608243d5)
  INCLUDED         DocMeth_Decisions_v2.md  (sha256 5128284d365e)
  INCLUDED         DocMeth_Design_v2.md  (sha256 a8c79739060e)
  INCLUDED         DocMeth_Working_v2.md  (sha256 a19198f938b0)

[Infrastructure]
  INCLUDED         _index.md  (sha256 fb736219786c)
  INCLUDED         Infrastructure_CLI_Decisions_v1.md  (sha256 7a16726b5162)
  INCLUDED         Infrastructure_CLI_Design_v1.md  (sha256 12e05744ff4a)
  INCLUDED         Infrastructure_Working_v1.md  (sha256 1d7a11e25a57)

[Infrastructure\binder-builder]
  INCLUDED         binder_builder_Documentation_settings.json  (sha256 b9b89306305b)
  INCLUDED         BinderBuilder_Design_v10.md  (sha256 e6573d80384e)
  INCLUDED         README.md  (sha256 3ec5dab12e67)

[Infrastructure\file-update-package]
  INCLUDED         file_update_package_settings.json  (sha256 fce12837157e)
  INCLUDED         FileUpdatePackage_Design_v1.md  (sha256 11ad3a9f4c94)
  INCLUDED         README.md  (sha256 203b6f20f7ce)

[Infrastructure\version-cleanup]
  INCLUDED         README.md  (sha256 a978d666e85a)
  INCLUDED         version_cleanup_settings.json  (sha256 c17e9142e485)
  INCLUDED         VersionCleanup_Design_v3.md  (sha256 e6d1eb38aba5)

[Principles]
  INCLUDED         Principles_Decisions_v4.md  (sha256 2c31c26b5c66)
  INCLUDED         Principles_Design_v4.md  (sha256 4bd5797d3d2e)

[Project Design]
  INCLUDED         _index.md  (sha256 a1d262969ad0)
  INCLUDED         ProjectDesign_Decisions_v1.md  (sha256 0fc2d790dc5f)
  INCLUDED         ProjectDesign_Decisions_v2.md  (sha256 0a07a453c42c)
  INCLUDED         ProjectDesign_Design_v1.md  (sha256 c4a80e5fa894)
  INCLUDED         ProjectDesign_Design_v2.md  (sha256 80a739c74e04)
  INCLUDED         ProjectDesign_Standard_v2.md  (sha256 36d4c7c83bdd)
  INCLUDED         ProjectDesign_Standard_v3.md  (sha256 fe55bbec4f27)

[Standards]
  INCLUDED         _index.md  (sha256 3bd4678a60c0)
  INCLUDED         Standards_Authoring_Standard_v5.md  (sha256 af5113f73be9)
  INCLUDED         Standards_Consumption_Standard_v2.md  (sha256 f473734c8974)
  INCLUDED         Standards_Decisions_v2.md  (sha256 c0286118492c)
  INCLUDED         Standards_Design_v2.md  (sha256 cfedb41ac36c)
  INCLUDED         Standards_Working_v1.md  (sha256 9677537477ab)

[Tools]
  INCLUDED         _index.md  (sha256 7bb05b130edc)
  INCLUDED         Tools_Authoring_Standard_v4.md  (sha256 c8d9e5ceca39)
  INCLUDED         Tools_Decisions_v4.md  (sha256 8ce74a49af55)
  INCLUDED         Tools_Design_v3.md  (sha256 70dee72bc66c)

[Working Practices]
  INCLUDED         _index.md  (sha256 f1d40d14c547)
  INCLUDED         WP_Capture_Working_v1.md  (sha256 54171d4dea8b)
  INCLUDED         WP_ContentDelivery_Working_v1.md  (sha256 6b858ff04f50)
  INCLUDED         WP_WorkManagement_Working_v1.md  (sha256 59a0bba2401c)

[Working Practices\FileOps]
  INCLUDED         WP_FileOps_Working_v1.md  (sha256 f2ffcdd7c76f)

[_binder]
  DELETED          AIDE_Documentation_Binder_v32.md
  WRITTEN          AIDE_Documentation_Binder_v33.md  (60 files, 628643 bytes)

[_rebuild]
  INCLUDED         AIDE_Component_PurposeLines_v2.md  (sha256 b1836489f28b)
  INCLUDED         AIDE_Rebuild_Guide_v1.md  (sha256 01ceb45e507b)
  INCLUDED         AIDE_Rebuild_Overview_v1.md  (sha256 5a65c44f5991)
  INCLUDED         AIDE_Rebuild_SettledDecisions_v1.md  (sha256 33593102e982)
  INCLUDED         ProjectDesign_Decisions_Pending_v1.md  (sha256 647aacf4c1ad)
  INCLUDED         ProjectDesign_Design_Pending_v1.md  (sha256 587bc4c6165f)
  INCLUDED         ProjectDesign_StandardInputs_Pending_v1.md  (sha256 710b74bb0958)
  INCLUDED         ProjectDesign_WorkRegister_Pending_v1.md  (sha256 638ebbfb6eef)
  SKIPPED          AIDE_DesignApproach_WIP_v1.md: matches exclude_files pattern "*_WIP_*"
  SKIPPED          AIDE_Rebuild_WIP_v24.md: matches exclude_files pattern "*_WIP_*"

------------------------------------------------------------------------
Result: 60 included, 2 skipped, 1 written, 1 deleted
========================================================================

========================================================================
binder builder   2026-09-11 12:20:14   LIVE
binder:   AIDE_Documentation
root:     C:\Users\david\dev\repos\DigitalBusiness-AIDE\Documentation
settings: C:\Users\david\dev\repos\DigitalBusiness-AIDE\Documentation\_aide\utilities\binder-builder\binder_builder_AIDE_Documentation_settings.json
include:  ~/_rebuild
folders collected from: 14
change detection: AIDE_Documentation_Binder_v33.md: 4 added, 3 removed, 1 changed (Documentation Methodology/DocumentationMethodology_Decisions_v2.md, Documentation Methodology/DocumentationMethodology_Design_v2.md, Documentation Methodology/DocumentationMethodology_Standard_v1.md, and 5 more) - rebuilding
------------------------------------------------------------------------

[Core]
  INCLUDED         _index.md  (sha256 8e58c5e0026b)
  INCLUDED         Core_AIDEMap.md  (sha256 e3b0c44298fc)
  INCLUDED         Core_AIDEMap.yaml  (sha256 a3f651bdb590)
  INCLUDED         Core_AIDEPrinciples_Decisions_v1.md  (sha256 655de3e64709)
  INCLUDED         Core_AIDEPrinciples_Design_v1.md  (sha256 60e20e8d0b9d)
  INCLUDED         Core_Brief_v1.md  (sha256 6c2e6280ea89)
  INCLUDED         Core_Design_Documentation_Working_v1.md  (sha256 b2999c523397)
  INCLUDED         Core_Structure_Decisions_v1.md  (sha256 2217f6768b89)
  INCLUDED         Core_Structure_Design_v1.md  (sha256 f464dc43de50)
  INCLUDED         Core_Tags_Working_v1.md  (sha256 ae6557378adf)
  INCLUDED         Core_Working_v1.md  (sha256 9808a331b339)

[Documentation Methodology]
  INCLUDED         _index.md  (sha256 40a5ea377087)
  INCLUDED         DocumentationMethodology_Decisions_v2.md  (sha256 00e602b26d73)
  INCLUDED         DocumentationMethodology_Design_v2.md  (sha256 72fcfdcb92f7)
  INCLUDED         DocumentationMethodology_Standard_v1.md  (sha256 75ad507e6cc4)
  INCLUDED         DocumentationMethodology_Working_v2.md  (sha256 04f52437925c)

[Infrastructure]
  INCLUDED         _index.md  (sha256 fb736219786c)
  INCLUDED         Infrastructure_CLI_Decisions_v1.md  (sha256 7a16726b5162)
  INCLUDED         Infrastructure_CLI_Design_v1.md  (sha256 12e05744ff4a)
  INCLUDED         Infrastructure_Working_v1.md  (sha256 1d7a11e25a57)

[Infrastructure\binder-builder]
  INCLUDED         binder_builder_Documentation_settings.json  (sha256 b9b89306305b)
  INCLUDED         BinderBuilder_Design_v10.md  (sha256 e6573d80384e)
  INCLUDED         README.md  (sha256 3ec5dab12e67)

[Infrastructure\file-update-package]
  INCLUDED         file_update_package_settings.json  (sha256 fce12837157e)
  INCLUDED         FileUpdatePackage_Design_v1.md  (sha256 11ad3a9f4c94)
  INCLUDED         README.md  (sha256 203b6f20f7ce)

[Infrastructure\version-cleanup]
  INCLUDED         README.md  (sha256 a978d666e85a)
  INCLUDED         version_cleanup_settings.json  (sha256 c17e9142e485)
  INCLUDED         VersionCleanup_Design_v3.md  (sha256 e6d1eb38aba5)

[Principles]
  INCLUDED         Principles_Decisions_v4.md  (sha256 2c31c26b5c66)
  INCLUDED         Principles_Design_v4.md  (sha256 4bd5797d3d2e)

[Project Design]
  INCLUDED         _index.md  (sha256 a1d262969ad0)
  INCLUDED         ProjectDesign_Decisions_v1.md  (sha256 0fc2d790dc5f)
  INCLUDED         ProjectDesign_Decisions_v2.md  (sha256 0a07a453c42c)
  INCLUDED         ProjectDesign_Design_v1.md  (sha256 c4a80e5fa894)
  INCLUDED         ProjectDesign_Design_v2.md  (sha256 80a739c74e04)
  INCLUDED         ProjectDesign_Standard_v2.md  (sha256 36d4c7c83bdd)
  INCLUDED         ProjectDesign_Standard_v3.md  (sha256 fe55bbec4f27)

[Standards]
  INCLUDED         _index.md  (sha256 3bd4678a60c0)
  INCLUDED         Standards_Authoring_Standard_v5.md  (sha256 af5113f73be9)
  INCLUDED         Standards_Consumption_Standard_v2.md  (sha256 f473734c8974)
  INCLUDED         Standards_Decisions_v2.md  (sha256 c0286118492c)
  INCLUDED         Standards_Design_v2.md  (sha256 cfedb41ac36c)
  INCLUDED         Standards_Working_v1.md  (sha256 9677537477ab)

[Tools]
  INCLUDED         _index.md  (sha256 7bb05b130edc)
  INCLUDED         Tools_Authoring_Standard_v4.md  (sha256 c8d9e5ceca39)
  INCLUDED         Tools_Decisions_v4.md  (sha256 8ce74a49af55)
  INCLUDED         Tools_Design_v3.md  (sha256 70dee72bc66c)

[Working Practices]
  INCLUDED         _index.md  (sha256 f1d40d14c547)
  INCLUDED         WP_Capture_Working_v1.md  (sha256 54171d4dea8b)
  INCLUDED         WP_ContentDelivery_Working_v1.md  (sha256 6b858ff04f50)
  INCLUDED         WP_WorkManagement_Working_v1.md  (sha256 59a0bba2401c)

[Working Practices\FileOps]
  INCLUDED         WP_FileOps_Working_v1.md  (sha256 f2ffcdd7c76f)

[_binder]
  DELETED          AIDE_Documentation_Binder_v33.md
  WRITTEN          AIDE_Documentation_Binder_v34.md  (61 files, 638253 bytes)

[_rebuild]
  INCLUDED         AIDE_Component_PurposeLines_v2.md  (sha256 b1836489f28b)
  INCLUDED         AIDE_Rebuild_Guide_v1.md  (sha256 01ceb45e507b)
  INCLUDED         AIDE_Rebuild_Overview_v1.md  (sha256 5a65c44f5991)
  INCLUDED         AIDE_Rebuild_SettledDecisions_v1.md  (sha256 33593102e982)
  INCLUDED         ProjectDesign_Decisions_Pending_v1.md  (sha256 647aacf4c1ad)
  INCLUDED         ProjectDesign_Design_Pending_v1.md  (sha256 587bc4c6165f)
  INCLUDED         ProjectDesign_StandardInputs_Pending_v1.md  (sha256 710b74bb0958)
  INCLUDED         ProjectDesign_WorkRegister_Pending_v1.md  (sha256 638ebbfb6eef)
  SKIPPED          AIDE_DesignApproach_WIP_v1.md: matches exclude_files pattern "*_WIP_*"
  SKIPPED          AIDE_Rebuild_WIP_v24.md: matches exclude_files pattern "*_WIP_*"

------------------------------------------------------------------------
Result: 61 included, 2 skipped, 1 written, 1 deleted
========================================================================

========================================================================
binder builder   2026-09-11 13:10:50   LIVE
binder:   AIDE_Documentation
root:     C:\Users\david\dev\repos\DigitalBusiness-AIDE\Documentation
settings: C:\Users\david\dev\repos\DigitalBusiness-AIDE\Documentation\_aide\utilities\binder-builder\binder_builder_AIDE_Documentation_settings.json
include:  ~/_rebuild
folders collected from: 14
change detection: AIDE_Documentation_Binder_v34.md: 61 file(s) in scope, all matching the manifest - binder not rebuilt
------------------------------------------------------------------------

[.]
  SKIPPED          AIDE_Documentation_WIP_v1.md: matches exclude_files pattern "*_WIP_*"

[_binder]
  NO CHANGES       no changes detected since AIDE_Documentation_Binder_v34.md; binder not rebuilt

[_rebuild]
  SKIPPED          AIDE_DesignApproach_WIP_v1.md: matches exclude_files pattern "*_WIP_*"
  SKIPPED          AIDE_Rebuild_WIP_v24.md: matches exclude_files pattern "*_WIP_*"

------------------------------------------------------------------------
Result: 3 skipped, 1 no changes
========================================================================

========================================================================
binder builder   2026-09-11 20:29:45   LIVE
binder:   AIDE_Documentation
root:     C:\Users\david\dev\repos\DigitalBusiness-AIDE\Documentation
settings: C:\Users\david\dev\repos\DigitalBusiness-AIDE\Documentation\_aide\utilities\binder-builder\binder_builder_AIDE_Documentation_settings.json
include:  ~/_rebuild
folders collected from: 14
change detection: AIDE_Documentation_Binder_v34.md: 2 added (Documentation Methodology/DocMeth_Brief_v1.md, Documentation Methodology/DocMeth_Working_v3.md) - rebuilding
------------------------------------------------------------------------

[.]
  SKIPPED          AIDE_Documentation_WIP_v1.md: matches exclude_files pattern "*_WIP_*"

[Core]
  INCLUDED         _index.md  (sha256 8e58c5e0026b)
  INCLUDED         Core_AIDEMap.md  (sha256 e3b0c44298fc)
  INCLUDED         Core_AIDEMap.yaml  (sha256 a3f651bdb590)
  INCLUDED         Core_AIDEPrinciples_Decisions_v1.md  (sha256 655de3e64709)
  INCLUDED         Core_AIDEPrinciples_Design_v1.md  (sha256 60e20e8d0b9d)
  INCLUDED         Core_Brief_v1.md  (sha256 6c2e6280ea89)
  INCLUDED         Core_Design_Documentation_Working_v1.md  (sha256 b2999c523397)
  INCLUDED         Core_Structure_Decisions_v1.md  (sha256 2217f6768b89)
  INCLUDED         Core_Structure_Design_v1.md  (sha256 f464dc43de50)
  INCLUDED         Core_Tags_Working_v1.md  (sha256 ae6557378adf)
  INCLUDED         Core_Working_v1.md  (sha256 9808a331b339)

[Documentation Methodology]
  INCLUDED         _index.md  (sha256 40a5ea377087)
  INCLUDED         DocMeth_Brief_v1.md  (sha256 d5cbfd4959b3)
  INCLUDED         DocMeth_Working_v3.md  (sha256 5c2f5a389b03)
  INCLUDED         DocumentationMethodology_Decisions_v2.md  (sha256 00e602b26d73)
  INCLUDED         DocumentationMethodology_Design_v2.md  (sha256 72fcfdcb92f7)
  INCLUDED         DocumentationMethodology_Standard_v1.md  (sha256 75ad507e6cc4)
  INCLUDED         DocumentationMethodology_Working_v2.md  (sha256 04f52437925c)

[Infrastructure]
  INCLUDED         _index.md  (sha256 fb736219786c)
  INCLUDED         Infrastructure_CLI_Decisions_v1.md  (sha256 7a16726b5162)
  INCLUDED         Infrastructure_CLI_Design_v1.md  (sha256 12e05744ff4a)
  INCLUDED         Infrastructure_Working_v1.md  (sha256 1d7a11e25a57)

[Infrastructure\binder-builder]
  INCLUDED         binder_builder_Documentation_settings.json  (sha256 b9b89306305b)
  INCLUDED         BinderBuilder_Design_v10.md  (sha256 e6573d80384e)
  INCLUDED         README.md  (sha256 3ec5dab12e67)

[Infrastructure\file-update-package]
  INCLUDED         file_update_package_settings.json  (sha256 fce12837157e)
  INCLUDED         FileUpdatePackage_Design_v1.md  (sha256 11ad3a9f4c94)
  INCLUDED         README.md  (sha256 203b6f20f7ce)

[Infrastructure\version-cleanup]
  INCLUDED         README.md  (sha256 a978d666e85a)
  INCLUDED         version_cleanup_settings.json  (sha256 c17e9142e485)
  INCLUDED         VersionCleanup_Design_v3.md  (sha256 e6d1eb38aba5)

[Principles]
  INCLUDED         Principles_Decisions_v4.md  (sha256 2c31c26b5c66)
  INCLUDED         Principles_Design_v4.md  (sha256 4bd5797d3d2e)

[Project Design]
  INCLUDED         _index.md  (sha256 a1d262969ad0)
  INCLUDED         ProjectDesign_Decisions_v1.md  (sha256 0fc2d790dc5f)
  INCLUDED         ProjectDesign_Decisions_v2.md  (sha256 0a07a453c42c)
  INCLUDED         ProjectDesign_Design_v1.md  (sha256 c4a80e5fa894)
  INCLUDED         ProjectDesign_Design_v2.md  (sha256 80a739c74e04)
  INCLUDED         ProjectDesign_Standard_v2.md  (sha256 36d4c7c83bdd)
  INCLUDED         ProjectDesign_Standard_v3.md  (sha256 fe55bbec4f27)

[Standards]
  INCLUDED         _index.md  (sha256 3bd4678a60c0)
  INCLUDED         Standards_Authoring_Standard_v5.md  (sha256 af5113f73be9)
  INCLUDED         Standards_Consumption_Standard_v2.md  (sha256 f473734c8974)
  INCLUDED         Standards_Decisions_v2.md  (sha256 c0286118492c)
  INCLUDED         Standards_Design_v2.md  (sha256 cfedb41ac36c)
  INCLUDED         Standards_Working_v1.md  (sha256 9677537477ab)

[Tools]
  INCLUDED         _index.md  (sha256 7bb05b130edc)
  INCLUDED         Tools_Authoring_Standard_v4.md  (sha256 c8d9e5ceca39)
  INCLUDED         Tools_Decisions_v4.md  (sha256 8ce74a49af55)
  INCLUDED         Tools_Design_v3.md  (sha256 70dee72bc66c)

[Working Practices]
  INCLUDED         _index.md  (sha256 f1d40d14c547)
  INCLUDED         WP_Capture_Working_v1.md  (sha256 54171d4dea8b)
  INCLUDED         WP_ContentDelivery_Working_v1.md  (sha256 6b858ff04f50)
  INCLUDED         WP_WorkManagement_Working_v1.md  (sha256 59a0bba2401c)

[Working Practices\FileOps]
  INCLUDED         WP_FileOps_Working_v1.md  (sha256 f2ffcdd7c76f)

[_binder]
  DELETED          AIDE_Documentation_Binder_v34.md
  WRITTEN          AIDE_Documentation_Binder_v35.md  (63 files, 656225 bytes)

[_rebuild]
  INCLUDED         AIDE_Component_PurposeLines_v2.md  (sha256 b1836489f28b)
  INCLUDED         AIDE_Rebuild_Guide_v1.md  (sha256 01ceb45e507b)
  INCLUDED         AIDE_Rebuild_Overview_v1.md  (sha256 5a65c44f5991)
  INCLUDED         AIDE_Rebuild_SettledDecisions_v1.md  (sha256 33593102e982)
  INCLUDED         ProjectDesign_Decisions_Pending_v1.md  (sha256 647aacf4c1ad)
  INCLUDED         ProjectDesign_Design_Pending_v1.md  (sha256 587bc4c6165f)
  INCLUDED         ProjectDesign_StandardInputs_Pending_v1.md  (sha256 710b74bb0958)
  INCLUDED         ProjectDesign_WorkRegister_Pending_v1.md  (sha256 638ebbfb6eef)
  SKIPPED          AIDE_DesignApproach_WIP_v1.md: matches exclude_files pattern "*_WIP_*"
  SKIPPED          AIDE_Rebuild_WIP_v24.md: matches exclude_files pattern "*_WIP_*"

------------------------------------------------------------------------
Result: 63 included, 3 skipped, 1 written, 1 deleted
========================================================================

========================================================================
binder builder   2026-09-11 23:15:50   LIVE
binder:   AIDE_Documentation
root:     C:\Users\david\dev\repos\DigitalBusiness-AIDE\Documentation
settings: C:\Users\david\dev\repos\DigitalBusiness-AIDE\Documentation\_aide\utilities\binder-builder\binder_builder_AIDE_Documentation_settings.json
include:  ~/_rebuild
folders collected from: 14
change detection: AIDE_Documentation_Binder_v35.md: 63 file(s) in scope, all matching the manifest - binder not rebuilt
------------------------------------------------------------------------

[.]
  SKIPPED          AIDE_Documentation_WIP_v1.md: matches exclude_files pattern "*_WIP_*"

[_binder]
  NO CHANGES       no changes detected since AIDE_Documentation_Binder_v35.md; binder not rebuilt

[_rebuild]
  SKIPPED          AIDE_DesignApproach_WIP_v1.md: matches exclude_files pattern "*_WIP_*"
  SKIPPED          AIDE_Rebuild_WIP_v24.md: matches exclude_files pattern "*_WIP_*"

------------------------------------------------------------------------
Result: 3 skipped, 1 no changes
========================================================================

========================================================================
binder builder   2026-09-11 23:47:51   LIVE
binder:   AIDE_Documentation
root:     C:\Users\david\dev\repos\DigitalBusiness-AIDE\Documentation
settings: C:\Users\david\dev\repos\DigitalBusiness-AIDE\Documentation\_aide\utilities\binder-builder\binder_builder_AIDE_Documentation_settings.json
include:  ~/_rebuild
folders collected from: 14
change detection: AIDE_Documentation_Binder_v35.md: 3 added, 1 removed, 1 changed (Documentation Methodology/DocMeth_Decisions_v3.md, Documentation Methodology/DocMeth_Design_v3.md, Documentation Methodology/DocMeth_Working_v5.md, and 2 more) - rebuilding
------------------------------------------------------------------------

[.]
  SKIPPED          AIDE_Documentation_WIP_v1.md: matches exclude_files pattern "*_WIP_*"

[Core]
  INCLUDED         _index.md  (sha256 8e58c5e0026b)
  INCLUDED         Core_AIDEMap.md  (sha256 e3b0c44298fc)
  INCLUDED         Core_AIDEMap.yaml  (sha256 a3f651bdb590)
  INCLUDED         Core_AIDEPrinciples_Decisions_v1.md  (sha256 655de3e64709)
  INCLUDED         Core_AIDEPrinciples_Design_v1.md  (sha256 60e20e8d0b9d)
  INCLUDED         Core_Brief_v1.md  (sha256 6c2e6280ea89)
  INCLUDED         Core_Design_Documentation_Working_v1.md  (sha256 b2999c523397)
  INCLUDED         Core_Structure_Decisions_v1.md  (sha256 2217f6768b89)
  INCLUDED         Core_Structure_Design_v1.md  (sha256 f464dc43de50)
  INCLUDED         Core_Tags_Working_v1.md  (sha256 ae6557378adf)
  INCLUDED         Core_Working_v1.md  (sha256 9808a331b339)

[Documentation Methodology]
  INCLUDED         _index.md  (sha256 5c90acb0dc69)
  INCLUDED         DocMeth_Brief_v1.md  (sha256 d5cbfd4959b3)
  INCLUDED         DocMeth_Decisions_v3.md  (sha256 2d852c73ff7e)
  INCLUDED         DocMeth_Design_v3.md  (sha256 655be09be3cb)
  INCLUDED         DocMeth_Working_v5.md  (sha256 0b80a52782d8)
  INCLUDED         DocumentationMethodology_Decisions_v2.md  (sha256 00e602b26d73)
  INCLUDED         DocumentationMethodology_Design_v2.md  (sha256 72fcfdcb92f7)
  INCLUDED         DocumentationMethodology_Standard_v1.md  (sha256 75ad507e6cc4)
  INCLUDED         DocumentationMethodology_Working_v2.md  (sha256 04f52437925c)

[Infrastructure]
  INCLUDED         _index.md  (sha256 fb736219786c)
  INCLUDED         Infrastructure_CLI_Decisions_v1.md  (sha256 7a16726b5162)
  INCLUDED         Infrastructure_CLI_Design_v1.md  (sha256 12e05744ff4a)
  INCLUDED         Infrastructure_Working_v1.md  (sha256 1d7a11e25a57)

[Infrastructure\binder-builder]
  INCLUDED         binder_builder_Documentation_settings.json  (sha256 b9b89306305b)
  INCLUDED         BinderBuilder_Design_v10.md  (sha256 e6573d80384e)
  INCLUDED         README.md  (sha256 3ec5dab12e67)

[Infrastructure\file-update-package]
  INCLUDED         file_update_package_settings.json  (sha256 fce12837157e)
  INCLUDED         FileUpdatePackage_Design_v1.md  (sha256 11ad3a9f4c94)
  INCLUDED         README.md  (sha256 203b6f20f7ce)

[Infrastructure\version-cleanup]
  INCLUDED         README.md  (sha256 a978d666e85a)
  INCLUDED         version_cleanup_settings.json  (sha256 c17e9142e485)
  INCLUDED         VersionCleanup_Design_v3.md  (sha256 e6d1eb38aba5)

[Principles]
  INCLUDED         Principles_Decisions_v4.md  (sha256 2c31c26b5c66)
  INCLUDED         Principles_Design_v4.md  (sha256 4bd5797d3d2e)

[Project Design]
  INCLUDED         _index.md  (sha256 a1d262969ad0)
  INCLUDED         ProjectDesign_Decisions_v1.md  (sha256 0fc2d790dc5f)
  INCLUDED         ProjectDesign_Decisions_v2.md  (sha256 0a07a453c42c)
  INCLUDED         ProjectDesign_Design_v1.md  (sha256 c4a80e5fa894)
  INCLUDED         ProjectDesign_Design_v2.md  (sha256 80a739c74e04)
  INCLUDED         ProjectDesign_Standard_v2.md  (sha256 36d4c7c83bdd)
  INCLUDED         ProjectDesign_Standard_v3.md  (sha256 fe55bbec4f27)

[Standards]
  INCLUDED         _index.md  (sha256 3bd4678a60c0)
  INCLUDED         Standards_Authoring_Standard_v5.md  (sha256 af5113f73be9)
  INCLUDED         Standards_Consumption_Standard_v2.md  (sha256 f473734c8974)
  INCLUDED         Standards_Decisions_v2.md  (sha256 c0286118492c)
  INCLUDED         Standards_Design_v2.md  (sha256 cfedb41ac36c)
  INCLUDED         Standards_Working_v1.md  (sha256 9677537477ab)

[Tools]
  INCLUDED         _index.md  (sha256 7bb05b130edc)
  INCLUDED         Tools_Authoring_Standard_v4.md  (sha256 c8d9e5ceca39)
  INCLUDED         Tools_Decisions_v4.md  (sha256 8ce74a49af55)
  INCLUDED         Tools_Design_v3.md  (sha256 70dee72bc66c)

[Working Practices]
  INCLUDED         _index.md  (sha256 f1d40d14c547)
  INCLUDED         WP_Capture_Working_v1.md  (sha256 54171d4dea8b)
  INCLUDED         WP_ContentDelivery_Working_v1.md  (sha256 6b858ff04f50)
  INCLUDED         WP_WorkManagement_Working_v1.md  (sha256 59a0bba2401c)

[Working Practices\FileOps]
  INCLUDED         WP_FileOps_Working_v1.md  (sha256 f2ffcdd7c76f)

[_binder]
  DELETED          AIDE_Documentation_Binder_v35.md
  WRITTEN          AIDE_Documentation_Binder_v36.md  (65 files, 681984 bytes)

[_rebuild]
  INCLUDED         AIDE_Component_PurposeLines_v2.md  (sha256 b1836489f28b)
  INCLUDED         AIDE_Rebuild_Guide_v1.md  (sha256 01ceb45e507b)
  INCLUDED         AIDE_Rebuild_Overview_v1.md  (sha256 5a65c44f5991)
  INCLUDED         AIDE_Rebuild_SettledDecisions_v1.md  (sha256 33593102e982)
  INCLUDED         ProjectDesign_Decisions_Pending_v1.md  (sha256 647aacf4c1ad)
  INCLUDED         ProjectDesign_Design_Pending_v1.md  (sha256 587bc4c6165f)
  INCLUDED         ProjectDesign_StandardInputs_Pending_v1.md  (sha256 710b74bb0958)
  INCLUDED         ProjectDesign_WorkRegister_Pending_v1.md  (sha256 638ebbfb6eef)
  SKIPPED          AIDE_DesignApproach_WIP_v1.md: matches exclude_files pattern "*_WIP_*"
  SKIPPED          AIDE_Rebuild_WIP_v24.md: matches exclude_files pattern "*_WIP_*"

------------------------------------------------------------------------
Result: 65 included, 3 skipped, 1 written, 1 deleted
========================================================================

========================================================================
binder builder   2026-09-12 00:17:23   LIVE
binder:   AIDE_Documentation
root:     C:\Users\david\dev\repos\DigitalBusiness-AIDE\Documentation
settings: C:\Users\david\dev\repos\DigitalBusiness-AIDE\Documentation\_aide\utilities\binder-builder\binder_builder_AIDE_Documentation_settings.json
include:  ~/_rebuild
folders collected from: 14
change detection: AIDE_Documentation_Binder_v36.md: 3 added, 4 removed, 1 changed (Documentation Methodology/DocumentationMethodology_Authoring_Standard_v1.md, Documentation Methodology/DocumentationMethodology_Definitions_Standard_v1.md, Documentation Methodology/DocumentationMethodology_Schema_Standard_v1.md, and 5 more) - rebuilding
------------------------------------------------------------------------

[.]
  SKIPPED          AIDE_Documentation_WIP_v1.md: matches exclude_files pattern "*_WIP_*"

[Core]
  INCLUDED         _index.md  (sha256 8e58c5e0026b)
  INCLUDED         Core_AIDEMap.md  (sha256 e3b0c44298fc)
  INCLUDED         Core_AIDEMap.yaml  (sha256 a3f651bdb590)
  INCLUDED         Core_AIDEPrinciples_Decisions_v1.md  (sha256 655de3e64709)
  INCLUDED         Core_AIDEPrinciples_Design_v1.md  (sha256 60e20e8d0b9d)
  INCLUDED         Core_Brief_v1.md  (sha256 6c2e6280ea89)
  INCLUDED         Core_Design_Documentation_Working_v1.md  (sha256 b2999c523397)
  INCLUDED         Core_Structure_Decisions_v1.md  (sha256 2217f6768b89)
  INCLUDED         Core_Structure_Design_v1.md  (sha256 f464dc43de50)
  INCLUDED         Core_Tags_Working_v1.md  (sha256 ae6557378adf)
  INCLUDED         Core_Working_v1.md  (sha256 9808a331b339)

[Documentation Methodology]
  INCLUDED         _index.md  (sha256 9096c70b154c)
  INCLUDED         DocMeth_Brief_v1.md  (sha256 d5cbfd4959b3)
  INCLUDED         DocMeth_Decisions_v3.md  (sha256 2d852c73ff7e)
  INCLUDED         DocMeth_Design_v3.md  (sha256 655be09be3cb)
  INCLUDED         DocMeth_Working_v5.md  (sha256 0b80a52782d8)
  INCLUDED         DocumentationMethodology_Authoring_Standard_v1.md  (sha256 a091cb05bb90)
  INCLUDED         DocumentationMethodology_Definitions_Standard_v1.md  (sha256 b01413af030c)
  INCLUDED         DocumentationMethodology_Schema_Standard_v1.md  (sha256 b1d6ef4a878a)

[Infrastructure]
  INCLUDED         _index.md  (sha256 fb736219786c)
  INCLUDED         Infrastructure_CLI_Decisions_v1.md  (sha256 7a16726b5162)
  INCLUDED         Infrastructure_CLI_Design_v1.md  (sha256 12e05744ff4a)
  INCLUDED         Infrastructure_Working_v1.md  (sha256 1d7a11e25a57)

[Infrastructure\binder-builder]
  INCLUDED         binder_builder_Documentation_settings.json  (sha256 b9b89306305b)
  INCLUDED         BinderBuilder_Design_v10.md  (sha256 e6573d80384e)
  INCLUDED         README.md  (sha256 3ec5dab12e67)

[Infrastructure\file-update-package]
  INCLUDED         file_update_package_settings.json  (sha256 fce12837157e)
  INCLUDED         FileUpdatePackage_Design_v1.md  (sha256 11ad3a9f4c94)
  INCLUDED         README.md  (sha256 203b6f20f7ce)

[Infrastructure\version-cleanup]
  INCLUDED         README.md  (sha256 a978d666e85a)
  INCLUDED         version_cleanup_settings.json  (sha256 c17e9142e485)
  INCLUDED         VersionCleanup_Design_v3.md  (sha256 e6d1eb38aba5)

[Principles]
  INCLUDED         Principles_Decisions_v4.md  (sha256 2c31c26b5c66)
  INCLUDED         Principles_Design_v4.md  (sha256 4bd5797d3d2e)

[Project Design]
  INCLUDED         _index.md  (sha256 a1d262969ad0)
  INCLUDED         ProjectDesign_Decisions_v1.md  (sha256 0fc2d790dc5f)
  INCLUDED         ProjectDesign_Decisions_v2.md  (sha256 0a07a453c42c)
  INCLUDED         ProjectDesign_Design_v1.md  (sha256 c4a80e5fa894)
  INCLUDED         ProjectDesign_Design_v2.md  (sha256 80a739c74e04)
  INCLUDED         ProjectDesign_Standard_v2.md  (sha256 36d4c7c83bdd)
  INCLUDED         ProjectDesign_Standard_v3.md  (sha256 fe55bbec4f27)

[Standards]
  INCLUDED         _index.md  (sha256 3bd4678a60c0)
  INCLUDED         Standards_Authoring_Standard_v5.md  (sha256 af5113f73be9)
  INCLUDED         Standards_Consumption_Standard_v2.md  (sha256 f473734c8974)
  INCLUDED         Standards_Decisions_v2.md  (sha256 c0286118492c)
  INCLUDED         Standards_Design_v2.md  (sha256 cfedb41ac36c)
  INCLUDED         Standards_Working_v1.md  (sha256 9677537477ab)

[Tools]
  INCLUDED         _index.md  (sha256 7bb05b130edc)
  INCLUDED         Tools_Authoring_Standard_v4.md  (sha256 c8d9e5ceca39)
  INCLUDED         Tools_Decisions_v4.md  (sha256 8ce74a49af55)
  INCLUDED         Tools_Design_v3.md  (sha256 70dee72bc66c)

[Working Practices]
  INCLUDED         _index.md  (sha256 f1d40d14c547)
  INCLUDED         WP_Capture_Working_v1.md  (sha256 54171d4dea8b)
  INCLUDED         WP_ContentDelivery_Working_v1.md  (sha256 6b858ff04f50)
  INCLUDED         WP_WorkManagement_Working_v1.md  (sha256 59a0bba2401c)

[Working Practices\FileOps]
  INCLUDED         WP_FileOps_Working_v1.md  (sha256 f2ffcdd7c76f)

[_binder]
  DELETED          AIDE_Documentation_Binder_v36.md
  WRITTEN          AIDE_Documentation_Binder_v37.md  (64 files, 660154 bytes)

[_rebuild]
  INCLUDED         AIDE_Component_PurposeLines_v2.md  (sha256 b1836489f28b)
  INCLUDED         AIDE_Rebuild_Guide_v1.md  (sha256 01ceb45e507b)
  INCLUDED         AIDE_Rebuild_Overview_v1.md  (sha256 5a65c44f5991)
  INCLUDED         AIDE_Rebuild_SettledDecisions_v1.md  (sha256 33593102e982)
  INCLUDED         ProjectDesign_Decisions_Pending_v1.md  (sha256 647aacf4c1ad)
  INCLUDED         ProjectDesign_Design_Pending_v1.md  (sha256 587bc4c6165f)
  INCLUDED         ProjectDesign_StandardInputs_Pending_v1.md  (sha256 710b74bb0958)
  INCLUDED         ProjectDesign_WorkRegister_Pending_v1.md  (sha256 638ebbfb6eef)
  SKIPPED          AIDE_DesignApproach_WIP_v1.md: matches exclude_files pattern "*_WIP_*"
  SKIPPED          AIDE_Rebuild_WIP_v24.md: matches exclude_files pattern "*_WIP_*"

------------------------------------------------------------------------
Result: 64 included, 3 skipped, 1 written, 1 deleted
========================================================================

========================================================================
binder builder   2026-09-12 10:22:50   LIVE
binder:   AIDE_Documentation
root:     C:\Users\david\dev\repos\DigitalBusiness-AIDE\Documentation
settings: C:\Users\david\dev\repos\DigitalBusiness-AIDE\Documentation\_aide\utilities\binder-builder\binder_builder_AIDE_Documentation_settings.json
include:  ~/_rebuild
folders collected from: 14
change detection: AIDE_Documentation_Binder_v37.md: 6 added, 6 removed, 1 changed (Documentation Methodology/DocMeth_Decisions_v4.md, Documentation Methodology/DocMeth_Design_v4.md, Documentation Methodology/DocMeth_Working_v6.md, and 10 more) - rebuilding
------------------------------------------------------------------------

[.]
  SKIPPED          AIDE_Documentation_WIP_v1.md: matches exclude_files pattern "*_WIP_*"

[Core]
  INCLUDED         _index.md  (sha256 8e58c5e0026b)
  INCLUDED         Core_AIDEMap.md  (sha256 e3b0c44298fc)
  INCLUDED         Core_AIDEMap.yaml  (sha256 a3f651bdb590)
  INCLUDED         Core_AIDEPrinciples_Decisions_v1.md  (sha256 655de3e64709)
  INCLUDED         Core_AIDEPrinciples_Design_v1.md  (sha256 60e20e8d0b9d)
  INCLUDED         Core_Brief_v1.md  (sha256 6c2e6280ea89)
  INCLUDED         Core_Design_Documentation_Working_v1.md  (sha256 b2999c523397)
  INCLUDED         Core_Structure_Decisions_v1.md  (sha256 2217f6768b89)
  INCLUDED         Core_Structure_Design_v1.md  (sha256 f464dc43de50)
  INCLUDED         Core_Tags_Working_v1.md  (sha256 ae6557378adf)
  INCLUDED         Core_Working_v1.md  (sha256 9808a331b339)

[Documentation Methodology]
  INCLUDED         _index.md  (sha256 024029c9d172)
  INCLUDED         DocMeth_Brief_v1.md  (sha256 d5cbfd4959b3)
  INCLUDED         DocMeth_Decisions_v4.md  (sha256 45a2b5449dc4)
  INCLUDED         DocMeth_Design_v4.md  (sha256 640c49326274)
  INCLUDED         DocMeth_Working_v6.md  (sha256 7f72aea08ce0)
  INCLUDED         DocumentationMethodology_Authoring_Standard_v2.md  (sha256 598fd44df507)
  INCLUDED         DocumentationMethodology_Definitions_Standard_v2.md  (sha256 63d8557f04ff)
  INCLUDED         DocumentationMethodology_Schema_Standard_v2.md  (sha256 0eb00630cd79)

[Infrastructure]
  INCLUDED         _index.md  (sha256 fb736219786c)
  INCLUDED         Infrastructure_CLI_Decisions_v1.md  (sha256 7a16726b5162)
  INCLUDED         Infrastructure_CLI_Design_v1.md  (sha256 12e05744ff4a)
  INCLUDED         Infrastructure_Working_v1.md  (sha256 1d7a11e25a57)

[Infrastructure\binder-builder]
  INCLUDED         binder_builder_Documentation_settings.json  (sha256 b9b89306305b)
  INCLUDED         BinderBuilder_Design_v10.md  (sha256 e6573d80384e)
  INCLUDED         README.md  (sha256 3ec5dab12e67)

[Infrastructure\file-update-package]
  INCLUDED         file_update_package_settings.json  (sha256 fce12837157e)
  INCLUDED         FileUpdatePackage_Design_v1.md  (sha256 11ad3a9f4c94)
  INCLUDED         README.md  (sha256 203b6f20f7ce)

[Infrastructure\version-cleanup]
  INCLUDED         README.md  (sha256 a978d666e85a)
  INCLUDED         version_cleanup_settings.json  (sha256 c17e9142e485)
  INCLUDED         VersionCleanup_Design_v3.md  (sha256 e6d1eb38aba5)

[Principles]
  INCLUDED         Principles_Decisions_v4.md  (sha256 2c31c26b5c66)
  INCLUDED         Principles_Design_v4.md  (sha256 4bd5797d3d2e)

[Project Design]
  INCLUDED         _index.md  (sha256 a1d262969ad0)
  INCLUDED         ProjectDesign_Decisions_v1.md  (sha256 0fc2d790dc5f)
  INCLUDED         ProjectDesign_Decisions_v2.md  (sha256 0a07a453c42c)
  INCLUDED         ProjectDesign_Design_v1.md  (sha256 c4a80e5fa894)
  INCLUDED         ProjectDesign_Design_v2.md  (sha256 80a739c74e04)
  INCLUDED         ProjectDesign_Standard_v2.md  (sha256 36d4c7c83bdd)
  INCLUDED         ProjectDesign_Standard_v3.md  (sha256 fe55bbec4f27)

[Standards]
  INCLUDED         _index.md  (sha256 3bd4678a60c0)
  INCLUDED         Standards_Authoring_Standard_v5.md  (sha256 af5113f73be9)
  INCLUDED         Standards_Consumption_Standard_v2.md  (sha256 f473734c8974)
  INCLUDED         Standards_Decisions_v2.md  (sha256 c0286118492c)
  INCLUDED         Standards_Design_v2.md  (sha256 cfedb41ac36c)
  INCLUDED         Standards_Working_v1.md  (sha256 9677537477ab)

[Tools]
  INCLUDED         _index.md  (sha256 7bb05b130edc)
  INCLUDED         Tools_Authoring_Standard_v4.md  (sha256 c8d9e5ceca39)
  INCLUDED         Tools_Decisions_v4.md  (sha256 8ce74a49af55)
  INCLUDED         Tools_Design_v3.md  (sha256 70dee72bc66c)

[Working Practices]
  INCLUDED         _index.md  (sha256 f1d40d14c547)
  INCLUDED         WP_Capture_Working_v1.md  (sha256 54171d4dea8b)
  INCLUDED         WP_ContentDelivery_Working_v1.md  (sha256 6b858ff04f50)
  INCLUDED         WP_WorkManagement_Working_v1.md  (sha256 59a0bba2401c)

[Working Practices\FileOps]
  INCLUDED         WP_FileOps_Working_v1.md  (sha256 f2ffcdd7c76f)

[_binder]
  DELETED          AIDE_Documentation_Binder_v37.md
  WRITTEN          AIDE_Documentation_Binder_v38.md  (64 files, 662628 bytes)

[_rebuild]
  INCLUDED         AIDE_Component_PurposeLines_v2.md  (sha256 b1836489f28b)
  INCLUDED         AIDE_Rebuild_Guide_v1.md  (sha256 01ceb45e507b)
  INCLUDED         AIDE_Rebuild_Overview_v1.md  (sha256 5a65c44f5991)
  INCLUDED         AIDE_Rebuild_SettledDecisions_v1.md  (sha256 33593102e982)
  INCLUDED         ProjectDesign_Decisions_Pending_v1.md  (sha256 647aacf4c1ad)
  INCLUDED         ProjectDesign_Design_Pending_v1.md  (sha256 587bc4c6165f)
  INCLUDED         ProjectDesign_StandardInputs_Pending_v1.md  (sha256 710b74bb0958)
  INCLUDED         ProjectDesign_WorkRegister_Pending_v1.md  (sha256 638ebbfb6eef)
  SKIPPED          AIDE_DesignApproach_WIP_v1.md: matches exclude_files pattern "*_WIP_*"
  SKIPPED          AIDE_Rebuild_WIP_v24.md: matches exclude_files pattern "*_WIP_*"

------------------------------------------------------------------------
Result: 64 included, 3 skipped, 1 written, 1 deleted
========================================================================

========================================================================
binder builder   2026-09-12 10:30:40   LIVE
binder:   AIDE_Documentation
root:     C:\Users\david\dev\repos\DigitalBusiness-AIDE\Documentation
settings: C:\Users\david\dev\repos\DigitalBusiness-AIDE\Documentation\_aide\utilities\binder-builder\binder_builder_AIDE_Documentation_settings.json
include:  ~/_rebuild
folders collected from: 14
change detection: AIDE_Documentation_Binder_v38.md: 64 file(s) in scope, all matching the manifest - binder not rebuilt
------------------------------------------------------------------------

[.]
  SKIPPED          AIDE_Documentation_WIP_v1.md: matches exclude_files pattern "*_WIP_*"

[_binder]
  NO CHANGES       no changes detected since AIDE_Documentation_Binder_v38.md; binder not rebuilt

[_rebuild]
  SKIPPED          AIDE_DesignApproach_WIP_v1.md: matches exclude_files pattern "*_WIP_*"
  SKIPPED          AIDE_Rebuild_WIP_v24.md: matches exclude_files pattern "*_WIP_*"

------------------------------------------------------------------------
Result: 3 skipped, 1 no changes
========================================================================

========================================================================
binder builder   2026-09-12 10:33:03   LIVE
binder:   AIDE_Documentation
root:     C:\Users\david\dev\repos\DigitalBusiness-AIDE\Documentation
settings: C:\Users\david\dev\repos\DigitalBusiness-AIDE\Documentation\_aide\utilities\binder-builder\binder_builder_AIDE_Documentation_settings.json
include:  ~/_rebuild
folders collected from: 14
change detection: AIDE_Documentation_Binder_v38.md: 64 file(s) in scope, all matching the manifest - binder not rebuilt
------------------------------------------------------------------------

[.]
  SKIPPED          AIDE_Documentation_WIP_v1.md: matches exclude_files pattern "*_WIP_*"

[_binder]
  NO CHANGES       no changes detected since AIDE_Documentation_Binder_v38.md; binder not rebuilt

[_rebuild]
  SKIPPED          AIDE_DesignApproach_WIP_v1.md: matches exclude_files pattern "*_WIP_*"
  SKIPPED          AIDE_Rebuild_WIP_v24.md: matches exclude_files pattern "*_WIP_*"

------------------------------------------------------------------------
Result: 3 skipped, 1 no changes
========================================================================

========================================================================
binder builder   2026-09-12 10:35:43   LIVE
binder:   AIDE_Documentation
root:     C:\Users\david\dev\repos\DigitalBusiness-AIDE\Documentation
settings: C:\Users\david\dev\repos\DigitalBusiness-AIDE\Documentation\_aide\utilities\binder-builder\binder_builder_AIDE_Documentation_settings.json
include:  ~/_rebuild
folders collected from: 14
change detection: AIDE_Documentation_Binder_v38.md: 64 file(s) in scope, all matching the manifest - binder not rebuilt
------------------------------------------------------------------------

[.]
  SKIPPED          AIDE_Documentation_WIP_v1.md: matches exclude_files pattern "*_WIP_*"

[_binder]
  NO CHANGES       no changes detected since AIDE_Documentation_Binder_v38.md; binder not rebuilt

[_rebuild]
  SKIPPED          AIDE_DesignApproach_WIP_v1.md: matches exclude_files pattern "*_WIP_*"
  SKIPPED          AIDE_Rebuild_WIP_v24.md: matches exclude_files pattern "*_WIP_*"

------------------------------------------------------------------------
Result: 3 skipped, 1 no changes
========================================================================

========================================================================
binder builder   2026-09-12 10:37:41   LIVE
binder:   AIDE_Documentation
root:     C:\Users\david\dev\repos\DigitalBusiness-AIDE\Documentation
settings: C:\Users\david\dev\repos\DigitalBusiness-AIDE\Documentation\_aide\utilities\binder-builder\binder_builder_AIDE_Documentation_settings.json
include:  ~/_rebuild
folders collected from: 14
change detection: AIDE_Documentation_Binder_v38.md: 64 file(s) in scope, all matching the manifest - binder not rebuilt
------------------------------------------------------------------------

[.]
  SKIPPED          AIDE_Documentation_WIP_v1.md: matches exclude_files pattern "*_WIP_*"

[_binder]
  NO CHANGES       no changes detected since AIDE_Documentation_Binder_v38.md; binder not rebuilt

[_rebuild]
  SKIPPED          AIDE_DesignApproach_WIP_v1.md: matches exclude_files pattern "*_WIP_*"
  SKIPPED          AIDE_Rebuild_WIP_v24.md: matches exclude_files pattern "*_WIP_*"

------------------------------------------------------------------------
Result: 3 skipped, 1 no changes
========================================================================

========================================================================
binder builder   2026-09-12 10:52:28   LIVE
binder:   AIDE_Documentation
root:     C:\Users\david\dev\repos\DigitalBusiness-AIDE\Documentation
settings: C:\Users\david\dev\repos\DigitalBusiness-AIDE\Documentation\_aide\utilities\binder-builder\binder_builder_AIDE_Documentation_settings.json
include:  ~/_rebuild
folders collected from: 14
change detection: AIDE_Documentation_Binder_v38.md: 6 added, 6 removed, 1 changed (Documentation Methodology/DocMeth_Decisions_v5.md, Documentation Methodology/DocMeth_Design_v5.md, Documentation Methodology/DocMeth_Working_v7.md, and 10 more) - rebuilding
------------------------------------------------------------------------

[.]
  SKIPPED          AIDE_Documentation_WIP_v2.md: matches exclude_files pattern "*_WIP_*"

[Core]
  INCLUDED         _index.md  (sha256 8e58c5e0026b)
  INCLUDED         Core_AIDEMap.md  (sha256 e3b0c44298fc)
  INCLUDED         Core_AIDEMap.yaml  (sha256 a3f651bdb590)
  INCLUDED         Core_AIDEPrinciples_Decisions_v1.md  (sha256 655de3e64709)
  INCLUDED         Core_AIDEPrinciples_Design_v1.md  (sha256 60e20e8d0b9d)
  INCLUDED         Core_Brief_v1.md  (sha256 6c2e6280ea89)
  INCLUDED         Core_Design_Documentation_Working_v1.md  (sha256 b2999c523397)
  INCLUDED         Core_Structure_Decisions_v1.md  (sha256 2217f6768b89)
  INCLUDED         Core_Structure_Design_v1.md  (sha256 f464dc43de50)
  INCLUDED         Core_Tags_Working_v1.md  (sha256 ae6557378adf)
  INCLUDED         Core_Working_v1.md  (sha256 9808a331b339)

[Documentation Methodology]
  INCLUDED         _index.md  (sha256 9d6b39855520)
  INCLUDED         DocMeth_Brief_v1.md  (sha256 d5cbfd4959b3)
  INCLUDED         DocMeth_Decisions_v5.md  (sha256 b688fdd0d564)
  INCLUDED         DocMeth_Design_v5.md  (sha256 3e0775317b0c)
  INCLUDED         DocMeth_Working_v7.md  (sha256 b9c4531c2e9a)
  INCLUDED         DocumentationMethodology_Authoring_Standard_v3.md  (sha256 7043febeeb0b)
  INCLUDED         DocumentationMethodology_Definitions_Standard_v3.md  (sha256 a198576b909b)
  INCLUDED         DocumentationMethodology_Schema_Standard_v3.md  (sha256 36f41dcd069f)

[Infrastructure]
  INCLUDED         _index.md  (sha256 fb736219786c)
  INCLUDED         Infrastructure_CLI_Decisions_v1.md  (sha256 7a16726b5162)
  INCLUDED         Infrastructure_CLI_Design_v1.md  (sha256 12e05744ff4a)
  INCLUDED         Infrastructure_Working_v1.md  (sha256 1d7a11e25a57)

[Infrastructure\binder-builder]
  INCLUDED         binder_builder_Documentation_settings.json  (sha256 b9b89306305b)
  INCLUDED         BinderBuilder_Design_v10.md  (sha256 e6573d80384e)
  INCLUDED         README.md  (sha256 3ec5dab12e67)

[Infrastructure\file-update-package]
  INCLUDED         file_update_package_settings.json  (sha256 fce12837157e)
  INCLUDED         FileUpdatePackage_Design_v1.md  (sha256 11ad3a9f4c94)
  INCLUDED         README.md  (sha256 203b6f20f7ce)

[Infrastructure\version-cleanup]
  INCLUDED         README.md  (sha256 a978d666e85a)
  INCLUDED         version_cleanup_settings.json  (sha256 c17e9142e485)
  INCLUDED         VersionCleanup_Design_v3.md  (sha256 e6d1eb38aba5)

[Principles]
  INCLUDED         Principles_Decisions_v4.md  (sha256 2c31c26b5c66)
  INCLUDED         Principles_Design_v4.md  (sha256 4bd5797d3d2e)

[Project Design]
  INCLUDED         _index.md  (sha256 a1d262969ad0)
  INCLUDED         ProjectDesign_Decisions_v1.md  (sha256 0fc2d790dc5f)
  INCLUDED         ProjectDesign_Decisions_v2.md  (sha256 0a07a453c42c)
  INCLUDED         ProjectDesign_Design_v1.md  (sha256 c4a80e5fa894)
  INCLUDED         ProjectDesign_Design_v2.md  (sha256 80a739c74e04)
  INCLUDED         ProjectDesign_Standard_v2.md  (sha256 36d4c7c83bdd)
  INCLUDED         ProjectDesign_Standard_v3.md  (sha256 fe55bbec4f27)

[Standards]
  INCLUDED         _index.md  (sha256 3bd4678a60c0)
  INCLUDED         Standards_Authoring_Standard_v5.md  (sha256 af5113f73be9)
  INCLUDED         Standards_Consumption_Standard_v2.md  (sha256 f473734c8974)
  INCLUDED         Standards_Decisions_v2.md  (sha256 c0286118492c)
  INCLUDED         Standards_Design_v2.md  (sha256 cfedb41ac36c)
  INCLUDED         Standards_Working_v1.md  (sha256 9677537477ab)

[Tools]
  INCLUDED         _index.md  (sha256 7bb05b130edc)
  INCLUDED         Tools_Authoring_Standard_v4.md  (sha256 c8d9e5ceca39)
  INCLUDED         Tools_Decisions_v4.md  (sha256 8ce74a49af55)
  INCLUDED         Tools_Design_v3.md  (sha256 70dee72bc66c)

[Working Practices]
  INCLUDED         _index.md  (sha256 f1d40d14c547)
  INCLUDED         WP_Capture_Working_v1.md  (sha256 54171d4dea8b)
  INCLUDED         WP_ContentDelivery_Working_v1.md  (sha256 6b858ff04f50)
  INCLUDED         WP_WorkManagement_Working_v1.md  (sha256 59a0bba2401c)

[Working Practices\FileOps]
  INCLUDED         WP_FileOps_Working_v1.md  (sha256 f2ffcdd7c76f)

[_binder]
  DELETED          AIDE_Documentation_Binder_v38.md
  WRITTEN          AIDE_Documentation_Binder_v39.md  (64 files, 664617 bytes)

[_rebuild]
  INCLUDED         AIDE_Component_PurposeLines_v2.md  (sha256 b1836489f28b)
  INCLUDED         AIDE_Rebuild_Guide_v1.md  (sha256 01ceb45e507b)
  INCLUDED         AIDE_Rebuild_Overview_v1.md  (sha256 5a65c44f5991)
  INCLUDED         AIDE_Rebuild_SettledDecisions_v1.md  (sha256 33593102e982)
  INCLUDED         ProjectDesign_Decisions_Pending_v1.md  (sha256 647aacf4c1ad)
  INCLUDED         ProjectDesign_Design_Pending_v1.md  (sha256 587bc4c6165f)
  INCLUDED         ProjectDesign_StandardInputs_Pending_v1.md  (sha256 710b74bb0958)
  INCLUDED         ProjectDesign_WorkRegister_Pending_v1.md  (sha256 638ebbfb6eef)
  SKIPPED          AIDE_DesignApproach_WIP_v1.md: matches exclude_files pattern "*_WIP_*"
  SKIPPED          AIDE_Rebuild_WIP_v24.md: matches exclude_files pattern "*_WIP_*"

------------------------------------------------------------------------
Result: 64 included, 3 skipped, 1 written, 1 deleted
========================================================================

========================================================================
binder builder   2026-09-12 11:07:37   LIVE
binder:   AIDE_Documentation
root:     C:\Users\david\dev\repos\DigitalBusiness-AIDE\Documentation
settings: C:\Users\david\dev\repos\DigitalBusiness-AIDE\Documentation\_aide\utilities\binder-builder\binder_builder_AIDE_Documentation_settings.json
include:  ~/_rebuild
folders collected from: 14
change detection: AIDE_Documentation_Binder_v39.md: 6 added, 6 removed, 1 changed (Documentation Methodology/DocMeth_Decisions_v6.md, Documentation Methodology/DocMeth_Design_v6.md, Documentation Methodology/DocMeth_Working_v8.md, and 10 more) - rebuilding
------------------------------------------------------------------------

[.]
  SKIPPED          AIDE_Documentation_WIP_v2.md: matches exclude_files pattern "*_WIP_*"

[Core]
  INCLUDED         _index.md  (sha256 8e58c5e0026b)
  INCLUDED         Core_AIDEMap.md  (sha256 e3b0c44298fc)
  INCLUDED         Core_AIDEMap.yaml  (sha256 a3f651bdb590)
  INCLUDED         Core_AIDEPrinciples_Decisions_v1.md  (sha256 655de3e64709)
  INCLUDED         Core_AIDEPrinciples_Design_v1.md  (sha256 60e20e8d0b9d)
  INCLUDED         Core_Brief_v1.md  (sha256 6c2e6280ea89)
  INCLUDED         Core_Design_Documentation_Working_v1.md  (sha256 b2999c523397)
  INCLUDED         Core_Structure_Decisions_v1.md  (sha256 2217f6768b89)
  INCLUDED         Core_Structure_Design_v1.md  (sha256 f464dc43de50)
  INCLUDED         Core_Tags_Working_v1.md  (sha256 ae6557378adf)
  INCLUDED         Core_Working_v1.md  (sha256 9808a331b339)

[Documentation Methodology]
  INCLUDED         _index.md  (sha256 c3441fd9e4b4)
  INCLUDED         DocMeth_Brief_v1.md  (sha256 d5cbfd4959b3)
  INCLUDED         DocMeth_Decisions_v6.md  (sha256 afdde8cdac01)
  INCLUDED         DocMeth_Design_v6.md  (sha256 41e9a991f8a4)
  INCLUDED         DocMeth_Working_v8.md  (sha256 67e8f12e2335)
  INCLUDED         DocumentationMethodology_Authoring_Standard_v4.md  (sha256 2d3dcf8315d6)
  INCLUDED         DocumentationMethodology_Definitions_Standard_v4.md  (sha256 1574ac791789)
  INCLUDED         DocumentationMethodology_Schema_Standard_v4.md  (sha256 cbbe68b3d763)

[Infrastructure]
  INCLUDED         _index.md  (sha256 fb736219786c)
  INCLUDED         Infrastructure_CLI_Decisions_v1.md  (sha256 7a16726b5162)
  INCLUDED         Infrastructure_CLI_Design_v1.md  (sha256 12e05744ff4a)
  INCLUDED         Infrastructure_Working_v1.md  (sha256 1d7a11e25a57)

[Infrastructure\binder-builder]
  INCLUDED         binder_builder_Documentation_settings.json  (sha256 b9b89306305b)
  INCLUDED         BinderBuilder_Design_v10.md  (sha256 e6573d80384e)
  INCLUDED         README.md  (sha256 3ec5dab12e67)

[Infrastructure\file-update-package]
  INCLUDED         file_update_package_settings.json  (sha256 fce12837157e)
  INCLUDED         FileUpdatePackage_Design_v1.md  (sha256 11ad3a9f4c94)
  INCLUDED         README.md  (sha256 203b6f20f7ce)

[Infrastructure\version-cleanup]
  INCLUDED         README.md  (sha256 a978d666e85a)
  INCLUDED         version_cleanup_settings.json  (sha256 c17e9142e485)
  INCLUDED         VersionCleanup_Design_v3.md  (sha256 e6d1eb38aba5)

[Principles]
  INCLUDED         Principles_Decisions_v4.md  (sha256 2c31c26b5c66)
  INCLUDED         Principles_Design_v4.md  (sha256 4bd5797d3d2e)

[Project Design]
  INCLUDED         _index.md  (sha256 a1d262969ad0)
  INCLUDED         ProjectDesign_Decisions_v1.md  (sha256 0fc2d790dc5f)
  INCLUDED         ProjectDesign_Decisions_v2.md  (sha256 0a07a453c42c)
  INCLUDED         ProjectDesign_Design_v1.md  (sha256 c4a80e5fa894)
  INCLUDED         ProjectDesign_Design_v2.md  (sha256 80a739c74e04)
  INCLUDED         ProjectDesign_Standard_v2.md  (sha256 36d4c7c83bdd)
  INCLUDED         ProjectDesign_Standard_v3.md  (sha256 fe55bbec4f27)

[Standards]
  INCLUDED         _index.md  (sha256 3bd4678a60c0)
  INCLUDED         Standards_Authoring_Standard_v5.md  (sha256 af5113f73be9)
  INCLUDED         Standards_Consumption_Standard_v2.md  (sha256 f473734c8974)
  INCLUDED         Standards_Decisions_v2.md  (sha256 c0286118492c)
  INCLUDED         Standards_Design_v2.md  (sha256 cfedb41ac36c)
  INCLUDED         Standards_Working_v1.md  (sha256 9677537477ab)

[Tools]
  INCLUDED         _index.md  (sha256 7bb05b130edc)
  INCLUDED         Tools_Authoring_Standard_v4.md  (sha256 c8d9e5ceca39)
  INCLUDED         Tools_Decisions_v4.md  (sha256 8ce74a49af55)
  INCLUDED         Tools_Design_v3.md  (sha256 70dee72bc66c)

[Working Practices]
  INCLUDED         _index.md  (sha256 f1d40d14c547)
  INCLUDED         WP_Capture_Working_v1.md  (sha256 54171d4dea8b)
  INCLUDED         WP_ContentDelivery_Working_v1.md  (sha256 6b858ff04f50)
  INCLUDED         WP_WorkManagement_Working_v1.md  (sha256 59a0bba2401c)

[Working Practices\FileOps]
  INCLUDED         WP_FileOps_Working_v1.md  (sha256 f2ffcdd7c76f)

[_binder]
  DELETED          AIDE_Documentation_Binder_v39.md
  WRITTEN          AIDE_Documentation_Binder_v40.md  (64 files, 665591 bytes)

[_rebuild]
  INCLUDED         AIDE_Component_PurposeLines_v2.md  (sha256 b1836489f28b)
  INCLUDED         AIDE_Rebuild_Guide_v1.md  (sha256 01ceb45e507b)
  INCLUDED         AIDE_Rebuild_Overview_v1.md  (sha256 5a65c44f5991)
  INCLUDED         AIDE_Rebuild_SettledDecisions_v1.md  (sha256 33593102e982)
  INCLUDED         ProjectDesign_Decisions_Pending_v1.md  (sha256 647aacf4c1ad)
  INCLUDED         ProjectDesign_Design_Pending_v1.md  (sha256 587bc4c6165f)
  INCLUDED         ProjectDesign_StandardInputs_Pending_v1.md  (sha256 710b74bb0958)
  INCLUDED         ProjectDesign_WorkRegister_Pending_v1.md  (sha256 638ebbfb6eef)
  SKIPPED          AIDE_DesignApproach_WIP_v1.md: matches exclude_files pattern "*_WIP_*"
  SKIPPED          AIDE_Rebuild_WIP_v24.md: matches exclude_files pattern "*_WIP_*"

------------------------------------------------------------------------
Result: 64 included, 3 skipped, 1 written, 1 deleted
========================================================================

========================================================================
binder builder   2026-09-12 11:09:00   LIVE
binder:   AIDE_Documentation
root:     C:\Users\david\dev\repos\DigitalBusiness-AIDE\Documentation
settings: C:\Users\david\dev\repos\DigitalBusiness-AIDE\Documentation\_aide\utilities\binder-builder\binder_builder_AIDE_Documentation_settings.json
include:  ~/_rebuild
folders collected from: 14
change detection: AIDE_Documentation_Binder_v40.md: 64 file(s) in scope, all matching the manifest - binder not rebuilt
------------------------------------------------------------------------

[.]
  SKIPPED          AIDE_Documentation_WIP_v2.md: matches exclude_files pattern "*_WIP_*"

[_binder]
  NO CHANGES       no changes detected since AIDE_Documentation_Binder_v40.md; binder not rebuilt

[_rebuild]
  SKIPPED          AIDE_DesignApproach_WIP_v1.md: matches exclude_files pattern "*_WIP_*"
  SKIPPED          AIDE_Rebuild_WIP_v24.md: matches exclude_files pattern "*_WIP_*"

------------------------------------------------------------------------
Result: 3 skipped, 1 no changes
========================================================================

========================================================================
binder builder   2026-09-12 11:16:32   LIVE
binder:   AIDE_Documentation
root:     C:\Users\david\dev\repos\DigitalBusiness-AIDE\Documentation
settings: C:\Users\david\dev\repos\DigitalBusiness-AIDE\Documentation\_aide\utilities\binder-builder\binder_builder_AIDE_Documentation_settings.json
include:  ~/_rebuild
folders collected from: 14
change detection: AIDE_Documentation_Binder_v40.md: 3 removed, 7 changed (Project Design/ProjectDesign_Decisions_v1.md, Project Design/ProjectDesign_Design_v1.md, Project Design/ProjectDesign_Standard_v2.md, and 7 more) - rebuilding
------------------------------------------------------------------------

[.]
  SKIPPED          AIDE_Documentation_WIP_v3.md: matches exclude_files pattern "*_WIP_*"

[Core]
  INCLUDED         _index.md  (sha256 8e58c5e0026b)
  INCLUDED         Core_AIDEMap.md  (sha256 e3b0c44298fc)
  INCLUDED         Core_AIDEMap.yaml  (sha256 a3f651bdb590)
  INCLUDED         Core_AIDEPrinciples_Decisions_v1.md  (sha256 655de3e64709)
  INCLUDED         Core_AIDEPrinciples_Design_v1.md  (sha256 60e20e8d0b9d)
  INCLUDED         Core_Brief_v1.md  (sha256 6c2e6280ea89)
  INCLUDED         Core_Design_Documentation_Working_v1.md  (sha256 b2999c523397)
  INCLUDED         Core_Structure_Decisions_v1.md  (sha256 2217f6768b89)
  INCLUDED         Core_Structure_Design_v1.md  (sha256 f464dc43de50)
  INCLUDED         Core_Tags_Working_v1.md  (sha256 ae6557378adf)
  INCLUDED         Core_Working_v1.md  (sha256 9808a331b339)

[Documentation Methodology]
  INCLUDED         _index.md  (sha256 c3441fd9e4b4)
  INCLUDED         DocMeth_Brief_v1.md  (sha256 60c5cf3f5d79)
  INCLUDED         DocMeth_Decisions_v6.md  (sha256 fc41e619a847)
  INCLUDED         DocMeth_Design_v6.md  (sha256 8b5d6a24a5d7)
  INCLUDED         DocMeth_Working_v8.md  (sha256 b94c28da8ad2)
  INCLUDED         DocumentationMethodology_Authoring_Standard_v4.md  (sha256 ad5b83e204c6)
  INCLUDED         DocumentationMethodology_Definitions_Standard_v4.md  (sha256 e54b680c61c9)
  INCLUDED         DocumentationMethodology_Schema_Standard_v4.md  (sha256 d52b14c0b531)

[Infrastructure]
  INCLUDED         _index.md  (sha256 fb736219786c)
  INCLUDED         Infrastructure_CLI_Decisions_v1.md  (sha256 7a16726b5162)
  INCLUDED         Infrastructure_CLI_Design_v1.md  (sha256 12e05744ff4a)
  INCLUDED         Infrastructure_Working_v1.md  (sha256 1d7a11e25a57)

[Infrastructure\binder-builder]
  INCLUDED         binder_builder_Documentation_settings.json  (sha256 b9b89306305b)
  INCLUDED         BinderBuilder_Design_v10.md  (sha256 e6573d80384e)
  INCLUDED         README.md  (sha256 3ec5dab12e67)

[Infrastructure\file-update-package]
  INCLUDED         file_update_package_settings.json  (sha256 fce12837157e)
  INCLUDED         FileUpdatePackage_Design_v1.md  (sha256 11ad3a9f4c94)
  INCLUDED         README.md  (sha256 203b6f20f7ce)

[Infrastructure\version-cleanup]
  INCLUDED         README.md  (sha256 a978d666e85a)
  INCLUDED         version_cleanup_settings.json  (sha256 c17e9142e485)
  INCLUDED         VersionCleanup_Design_v3.md  (sha256 e6d1eb38aba5)

[Principles]
  INCLUDED         Principles_Decisions_v4.md  (sha256 2c31c26b5c66)
  INCLUDED         Principles_Design_v4.md  (sha256 4bd5797d3d2e)

[Project Design]
  INCLUDED         _index.md  (sha256 a1d262969ad0)
  INCLUDED         ProjectDesign_Decisions_v2.md  (sha256 0a07a453c42c)
  INCLUDED         ProjectDesign_Design_v2.md  (sha256 80a739c74e04)
  INCLUDED         ProjectDesign_Standard_v3.md  (sha256 fe55bbec4f27)

[Standards]
  INCLUDED         _index.md  (sha256 3bd4678a60c0)
  INCLUDED         Standards_Authoring_Standard_v5.md  (sha256 af5113f73be9)
  INCLUDED         Standards_Consumption_Standard_v2.md  (sha256 f473734c8974)
  INCLUDED         Standards_Decisions_v2.md  (sha256 c0286118492c)
  INCLUDED         Standards_Design_v2.md  (sha256 cfedb41ac36c)
  INCLUDED         Standards_Working_v1.md  (sha256 9677537477ab)

[Tools]
  INCLUDED         _index.md  (sha256 7bb05b130edc)
  INCLUDED         Tools_Authoring_Standard_v4.md  (sha256 c8d9e5ceca39)
  INCLUDED         Tools_Decisions_v4.md  (sha256 8ce74a49af55)
  INCLUDED         Tools_Design_v3.md  (sha256 70dee72bc66c)

[Working Practices]
  INCLUDED         _index.md  (sha256 f1d40d14c547)
  INCLUDED         WP_Capture_Working_v1.md  (sha256 54171d4dea8b)
  INCLUDED         WP_ContentDelivery_Working_v1.md  (sha256 6b858ff04f50)
  INCLUDED         WP_WorkManagement_Working_v1.md  (sha256 59a0bba2401c)

[Working Practices\FileOps]
  INCLUDED         WP_FileOps_Working_v1.md  (sha256 f2ffcdd7c76f)

[_binder]
  DELETED          AIDE_Documentation_Binder_v40.md
  WRITTEN          AIDE_Documentation_Binder_v41.md  (61 files, 611738 bytes)

[_rebuild]
  INCLUDED         AIDE_Component_PurposeLines_v2.md  (sha256 b1836489f28b)
  INCLUDED         AIDE_Rebuild_Guide_v1.md  (sha256 01ceb45e507b)
  INCLUDED         AIDE_Rebuild_Overview_v1.md  (sha256 5a65c44f5991)
  INCLUDED         AIDE_Rebuild_SettledDecisions_v1.md  (sha256 33593102e982)
  INCLUDED         ProjectDesign_Decisions_Pending_v1.md  (sha256 647aacf4c1ad)
  INCLUDED         ProjectDesign_Design_Pending_v1.md  (sha256 587bc4c6165f)
  INCLUDED         ProjectDesign_StandardInputs_Pending_v1.md  (sha256 710b74bb0958)
  INCLUDED         ProjectDesign_WorkRegister_Pending_v1.md  (sha256 638ebbfb6eef)
  SKIPPED          AIDE_DesignApproach_WIP_v1.md: matches exclude_files pattern "*_WIP_*"
  SKIPPED          AIDE_Rebuild_WIP_v24.md: matches exclude_files pattern "*_WIP_*"

------------------------------------------------------------------------
Result: 61 included, 3 skipped, 1 written, 1 deleted
========================================================================

========================================================================
binder builder   2026-09-13 21:15:58   LIVE
binder:   AIDE_Documentation
root:     C:\Users\david\dev\repos\DigitalBusiness-AIDE\Documentation
settings: C:\Users\david\dev\repos\DigitalBusiness-AIDE\Documentation\_aide\utilities\binder-builder\binder_builder_AIDE_Documentation_settings.json
include:  ~/_rebuild
folders collected from: 14
change detection: AIDE_Documentation_Binder_v41.md: 2 added, 9 changed (Core/Core_Schema_Standard_v1.md, Project Design/ProjectDesign_Schema_Standard_v1.md, Core/_index.md, and 8 more) - rebuilding
------------------------------------------------------------------------

[.]
  SKIPPED          AIDE_Documentation_WIP_v3.md: matches exclude_files pattern "*_WIP_*"

[Core]
  INCLUDED         _index.md  (sha256 d177f77812eb)
  INCLUDED         Core_AIDEMap.md  (sha256 e3b0c44298fc)
  INCLUDED         Core_AIDEMap.yaml  (sha256 a3f651bdb590)
  INCLUDED         Core_AIDEPrinciples_Decisions_v1.md  (sha256 655de3e64709)
  INCLUDED         Core_AIDEPrinciples_Design_v1.md  (sha256 60e20e8d0b9d)
  INCLUDED         Core_Brief_v1.md  (sha256 6c2e6280ea89)
  INCLUDED         Core_Design_Documentation_Working_v1.md  (sha256 b2999c523397)
  INCLUDED         Core_Schema_Standard_v1.md  (sha256 dc4ee250329f)
  INCLUDED         Core_Structure_Decisions_v1.md  (sha256 2217f6768b89)
  INCLUDED         Core_Structure_Design_v1.md  (sha256 f464dc43de50)
  INCLUDED         Core_Tags_Working_v1.md  (sha256 ae6557378adf)
  INCLUDED         Core_Working_v1.md  (sha256 9808a331b339)

[Documentation Methodology]
  INCLUDED         _index.md  (sha256 c3441fd9e4b4)
  INCLUDED         DocMeth_Brief_v1.md  (sha256 60c5cf3f5d79)
  INCLUDED         DocMeth_Decisions_v6.md  (sha256 fc41e619a847)
  INCLUDED         DocMeth_Design_v6.md  (sha256 8b5d6a24a5d7)
  INCLUDED         DocMeth_Working_v8.md  (sha256 b94c28da8ad2)
  INCLUDED         DocumentationMethodology_Authoring_Standard_v4.md  (sha256 01a5782287dc)
  INCLUDED         DocumentationMethodology_Definitions_Standard_v4.md  (sha256 0afdaff9b7cb)
  INCLUDED         DocumentationMethodology_Schema_Standard_v4.md  (sha256 0d355d93a24a)

[Infrastructure]
  INCLUDED         _index.md  (sha256 fb736219786c)
  INCLUDED         Infrastructure_CLI_Decisions_v1.md  (sha256 7a16726b5162)
  INCLUDED         Infrastructure_CLI_Design_v1.md  (sha256 12e05744ff4a)
  INCLUDED         Infrastructure_Working_v1.md  (sha256 1d7a11e25a57)

[Infrastructure\binder-builder]
  INCLUDED         binder_builder_Documentation_settings.json  (sha256 b9b89306305b)
  INCLUDED         BinderBuilder_Design_v10.md  (sha256 e6573d80384e)
  INCLUDED         README.md  (sha256 3ec5dab12e67)

[Infrastructure\file-update-package]
  INCLUDED         file_update_package_settings.json  (sha256 fce12837157e)
  INCLUDED         FileUpdatePackage_Design_v1.md  (sha256 11ad3a9f4c94)
  INCLUDED         README.md  (sha256 203b6f20f7ce)

[Infrastructure\version-cleanup]
  INCLUDED         README.md  (sha256 a978d666e85a)
  INCLUDED         version_cleanup_settings.json  (sha256 c17e9142e485)
  INCLUDED         VersionCleanup_Design_v3.md  (sha256 e6d1eb38aba5)

[Principles]
  INCLUDED         Principles_Decisions_v4.md  (sha256 2c31c26b5c66)
  INCLUDED         Principles_Design_v4.md  (sha256 4bd5797d3d2e)

[Project Design]
  INCLUDED         _index.md  (sha256 589d24282970)
  INCLUDED         ProjectDesign_Decisions_v2.md  (sha256 0a07a453c42c)
  INCLUDED         ProjectDesign_Design_v2.md  (sha256 80a739c74e04)
  INCLUDED         ProjectDesign_Schema_Standard_v1.md  (sha256 b3f80cfe062f)
  INCLUDED         ProjectDesign_Standard_v3.md  (sha256 fd5ac0fd7efc)

[Standards]
  INCLUDED         _index.md  (sha256 3bd4678a60c0)
  INCLUDED         Standards_Authoring_Standard_v5.md  (sha256 cb72bc7e0e85)
  INCLUDED         Standards_Consumption_Standard_v2.md  (sha256 b340d11315e3)
  INCLUDED         Standards_Decisions_v2.md  (sha256 c0286118492c)
  INCLUDED         Standards_Design_v2.md  (sha256 cfedb41ac36c)
  INCLUDED         Standards_Working_v1.md  (sha256 9677537477ab)

[Tools]
  INCLUDED         _index.md  (sha256 7bb05b130edc)
  INCLUDED         Tools_Authoring_Standard_v4.md  (sha256 497b9d3b918c)
  INCLUDED         Tools_Decisions_v4.md  (sha256 8ce74a49af55)
  INCLUDED         Tools_Design_v3.md  (sha256 70dee72bc66c)

[Working Practices]
  INCLUDED         _index.md  (sha256 f1d40d14c547)
  INCLUDED         WP_Capture_Working_v1.md  (sha256 54171d4dea8b)
  INCLUDED         WP_ContentDelivery_Working_v1.md  (sha256 6b858ff04f50)
  INCLUDED         WP_WorkManagement_Working_v1.md  (sha256 59a0bba2401c)

[Working Practices\FileOps]
  INCLUDED         WP_FileOps_Working_v1.md  (sha256 f2ffcdd7c76f)

[_binder]
  DELETED          AIDE_Documentation_Binder_v41.md
  WRITTEN          AIDE_Documentation_Binder_v42.md  (63 files, 622741 bytes)

[_rebuild]
  INCLUDED         AIDE_Component_PurposeLines_v2.md  (sha256 b1836489f28b)
  INCLUDED         AIDE_Rebuild_Guide_v1.md  (sha256 01ceb45e507b)
  INCLUDED         AIDE_Rebuild_Overview_v1.md  (sha256 5a65c44f5991)
  INCLUDED         AIDE_Rebuild_SettledDecisions_v1.md  (sha256 33593102e982)
  INCLUDED         ProjectDesign_Decisions_Pending_v1.md  (sha256 647aacf4c1ad)
  INCLUDED         ProjectDesign_Design_Pending_v1.md  (sha256 587bc4c6165f)
  INCLUDED         ProjectDesign_StandardInputs_Pending_v1.md  (sha256 710b74bb0958)
  INCLUDED         ProjectDesign_WorkRegister_Pending_v1.md  (sha256 638ebbfb6eef)
  SKIPPED          AIDE_DesignApproach_WIP_v1.md: matches exclude_files pattern "*_WIP_*"
  SKIPPED          AIDE_Rebuild_WIP_v24.md: matches exclude_files pattern "*_WIP_*"

------------------------------------------------------------------------
Result: 63 included, 3 skipped, 1 written, 1 deleted
========================================================================

========================================================================
binder builder   2026-09-14 16:54:27   LIVE
binder:   AIDE_Documentation
root:     C:\Users\david\dev\repos\DigitalBusiness-AIDE\Documentation
settings: C:\Users\david\dev\repos\DigitalBusiness-AIDE\Documentation\_aide\utilities\binder-builder\binder_builder_AIDE_Documentation_settings.json
include:  ~/_rebuild
folders collected from: 14
change detection: AIDE_Documentation_Binder_v42.md: 6 added (AIDE_Solution_Map.md, Core/Core_Charter_v1.md, Documentation Methodology/DocMeth_SchemaAuthoring_Standard_Draft.md, and 3 more) - rebuilding
------------------------------------------------------------------------

[.]
  INCLUDED         AIDE_Solution_Map.md  (sha256 3c2294f7ae2b)
  SKIPPED          AIDE_Documentation_WIP_v4.md: matches exclude_files pattern "*_WIP_*"

[Core]
  INCLUDED         _index.md  (sha256 d177f77812eb)
  INCLUDED         Core_AIDEMap.md  (sha256 e3b0c44298fc)
  INCLUDED         Core_AIDEMap.yaml  (sha256 a3f651bdb590)
  INCLUDED         Core_AIDEPrinciples_Decisions_v1.md  (sha256 655de3e64709)
  INCLUDED         Core_AIDEPrinciples_Design_v1.md  (sha256 60e20e8d0b9d)
  INCLUDED         Core_Brief_v1.md  (sha256 6c2e6280ea89)
  INCLUDED         Core_Charter_v1.md  (sha256 3e5f5332b783)
  INCLUDED         Core_Design_Documentation_Working_v1.md  (sha256 b2999c523397)
  INCLUDED         Core_Schema_Standard_v1.md  (sha256 dc4ee250329f)
  INCLUDED         Core_Structure_Decisions_v1.md  (sha256 2217f6768b89)
  INCLUDED         Core_Structure_Design_v1.md  (sha256 f464dc43de50)
  INCLUDED         Core_Tags_Working_v1.md  (sha256 ae6557378adf)
  INCLUDED         Core_Working_v1.md  (sha256 9808a331b339)

[Documentation Methodology]
  INCLUDED         _index.md  (sha256 c3441fd9e4b4)
  INCLUDED         DocMeth_Brief_v1.md  (sha256 60c5cf3f5d79)
  INCLUDED         DocMeth_Decisions_v6.md  (sha256 fc41e619a847)
  INCLUDED         DocMeth_Design_v6.md  (sha256 8b5d6a24a5d7)
  INCLUDED         DocMeth_SchemaAuthoring_Standard_Draft.md  (sha256 24a2532f370c)
  INCLUDED         DocMeth_SchemaDefinitions_Standard_Draft.md  (sha256 d8757a5dbcdf)
  INCLUDED         DocMeth_Standard_Draft.md  (sha256 5847d0b42534)
  INCLUDED         DocMeth_Working_v8.md  (sha256 b94c28da8ad2)
  INCLUDED         DocumentationMethodology_Authoring_Standard_v4.md  (sha256 01a5782287dc)
  INCLUDED         DocumentationMethodology_Definitions_Standard_v4.md  (sha256 0afdaff9b7cb)
  INCLUDED         DocumentationMethodology_Schema_Standard_v4.md  (sha256 0d355d93a24a)

[Infrastructure]
  INCLUDED         _index.md  (sha256 fb736219786c)
  INCLUDED         Infrastructure_CLI_Decisions_v1.md  (sha256 7a16726b5162)
  INCLUDED         Infrastructure_CLI_Design_v1.md  (sha256 12e05744ff4a)
  INCLUDED         Infrastructure_Working_v1.md  (sha256 1d7a11e25a57)

[Infrastructure\binder-builder]
  INCLUDED         binder_builder_Documentation_settings.json  (sha256 b9b89306305b)
  INCLUDED         BinderBuilder_Design_v10.md  (sha256 e6573d80384e)
  INCLUDED         README.md  (sha256 3ec5dab12e67)

[Infrastructure\file-update-package]
  INCLUDED         file_update_package_settings.json  (sha256 fce12837157e)
  INCLUDED         FileUpdatePackage_Design_v1.md  (sha256 11ad3a9f4c94)
  INCLUDED         README.md  (sha256 203b6f20f7ce)

[Infrastructure\version-cleanup]
  INCLUDED         README.md  (sha256 a978d666e85a)
  INCLUDED         version_cleanup_settings.json  (sha256 c17e9142e485)
  INCLUDED         VersionCleanup_Design_v3.md  (sha256 e6d1eb38aba5)

[Principles]
  INCLUDED         Principles_Decisions_v4.md  (sha256 2c31c26b5c66)
  INCLUDED         Principles_Design_v4.md  (sha256 4bd5797d3d2e)
  INCLUDED         Principles_Standard_v1.md  (sha256 3ffe60875e5c)

[Project Design]
  INCLUDED         _index.md  (sha256 589d24282970)
  INCLUDED         ProjectDesign_Decisions_v2.md  (sha256 0a07a453c42c)
  INCLUDED         ProjectDesign_Design_v2.md  (sha256 80a739c74e04)
  INCLUDED         ProjectDesign_Schema_Standard_v1.md  (sha256 b3f80cfe062f)
  INCLUDED         ProjectDesign_Standard_v3.md  (sha256 fd5ac0fd7efc)

[Standards]
  INCLUDED         _index.md  (sha256 3bd4678a60c0)
  INCLUDED         Standards_Authoring_Standard_v5.md  (sha256 cb72bc7e0e85)
  INCLUDED         Standards_Consumption_Standard_v2.md  (sha256 b340d11315e3)
  INCLUDED         Standards_Decisions_v2.md  (sha256 c0286118492c)
  INCLUDED         Standards_Design_v2.md  (sha256 cfedb41ac36c)
  INCLUDED         Standards_Working_v1.md  (sha256 9677537477ab)

[Tools]
  INCLUDED         _index.md  (sha256 7bb05b130edc)
  INCLUDED         Tools_Authoring_Standard_v4.md  (sha256 497b9d3b918c)
  INCLUDED         Tools_Decisions_v4.md  (sha256 8ce74a49af55)
  INCLUDED         Tools_Design_v3.md  (sha256 70dee72bc66c)

[Working Practices]
  INCLUDED         _index.md  (sha256 f1d40d14c547)
  INCLUDED         WP_Capture_Working_v1.md  (sha256 54171d4dea8b)
  INCLUDED         WP_ContentDelivery_Working_v1.md  (sha256 6b858ff04f50)
  INCLUDED         WP_WorkManagement_Working_v1.md  (sha256 59a0bba2401c)

[Working Practices\FileOps]
  INCLUDED         WP_FileOps_Working_v1.md  (sha256 f2ffcdd7c76f)

[_binder]
  DELETED          AIDE_Documentation_Binder_v42.md
  WRITTEN          AIDE_Documentation_Binder_v43.md  (69 files, 662698 bytes)

[_rebuild]
  INCLUDED         AIDE_Component_PurposeLines_v2.md  (sha256 b1836489f28b)
  INCLUDED         AIDE_Rebuild_Guide_v1.md  (sha256 01ceb45e507b)
  INCLUDED         AIDE_Rebuild_Overview_v1.md  (sha256 5a65c44f5991)
  INCLUDED         AIDE_Rebuild_SettledDecisions_v1.md  (sha256 33593102e982)
  INCLUDED         ProjectDesign_Decisions_Pending_v1.md  (sha256 647aacf4c1ad)
  INCLUDED         ProjectDesign_Design_Pending_v1.md  (sha256 587bc4c6165f)
  INCLUDED         ProjectDesign_StandardInputs_Pending_v1.md  (sha256 710b74bb0958)
  INCLUDED         ProjectDesign_WorkRegister_Pending_v1.md  (sha256 638ebbfb6eef)
  SKIPPED          AIDE_DesignApproach_WIP_v1.md: matches exclude_files pattern "*_WIP_*"
  SKIPPED          AIDE_Rebuild_WIP_v24.md: matches exclude_files pattern "*_WIP_*"

------------------------------------------------------------------------
Result: 69 included, 3 skipped, 1 written, 1 deleted
========================================================================

========================================================================
binder builder   2026-09-14 17:54:13   LIVE
binder:   AIDE_Documentation
root:     C:\Users\david\dev\repos\DigitalBusiness-AIDE\Documentation
settings: C:\Users\david\dev\repos\DigitalBusiness-AIDE\Documentation\_aide\utilities\binder-builder\binder_builder_AIDE_Documentation_settings.json
include:  ~/_rebuild
folders collected from: 14
change detection: AIDE_Documentation_Binder_v43.md: 5 added, 5 removed (Documentation Methodology/DocMeth_Decisions_v7.md, Documentation Methodology/DocMeth_Working_v9.md, Documentation Methodology/DocumentationMethodology_SchemaAuthoring_Standard_v1.md, and 7 more) - rebuilding
------------------------------------------------------------------------

[.]
  INCLUDED         AIDE_Solution_Map.md  (sha256 3c2294f7ae2b)
  SKIPPED          AIDE_Documentation_WIP_v4.md: matches exclude_files pattern "*_WIP_*"

[Core]
  INCLUDED         _index.md  (sha256 d177f77812eb)
  INCLUDED         Core_AIDEMap.md  (sha256 e3b0c44298fc)
  INCLUDED         Core_AIDEMap.yaml  (sha256 a3f651bdb590)
  INCLUDED         Core_AIDEPrinciples_Decisions_v1.md  (sha256 655de3e64709)
  INCLUDED         Core_AIDEPrinciples_Design_v1.md  (sha256 60e20e8d0b9d)
  INCLUDED         Core_Brief_v1.md  (sha256 6c2e6280ea89)
  INCLUDED         Core_Charter_v1.md  (sha256 3e5f5332b783)
  INCLUDED         Core_Design_Documentation_Working_v1.md  (sha256 b2999c523397)
  INCLUDED         Core_Schema_Standard_v1.md  (sha256 dc4ee250329f)
  INCLUDED         Core_Structure_Decisions_v1.md  (sha256 2217f6768b89)
  INCLUDED         Core_Structure_Design_v1.md  (sha256 f464dc43de50)
  INCLUDED         Core_Tags_Working_v1.md  (sha256 ae6557378adf)
  INCLUDED         Core_Working_v1.md  (sha256 9808a331b339)

[Documentation Methodology]
  INCLUDED         _index.md  (sha256 c3441fd9e4b4)
  INCLUDED         DocMeth_Brief_v1.md  (sha256 60c5cf3f5d79)
  INCLUDED         DocMeth_Decisions_v7.md  (sha256 15daf15e27ef)
  INCLUDED         DocMeth_Design_v6.md  (sha256 8b5d6a24a5d7)
  INCLUDED         DocMeth_SchemaAuthoring_Standard_Draft.md  (sha256 24a2532f370c)
  INCLUDED         DocMeth_SchemaDefinitions_Standard_Draft.md  (sha256 d8757a5dbcdf)
  INCLUDED         DocMeth_Standard_Draft.md  (sha256 5847d0b42534)
  INCLUDED         DocMeth_Working_v9.md  (sha256 952a2287d1d0)
  INCLUDED         DocumentationMethodology_SchemaAuthoring_Standard_v1.md  (sha256 37a837a65cb3)
  INCLUDED         DocumentationMethodology_SchemaDefinitions_Standard_v1.md  (sha256 8098d9714c57)
  INCLUDED         DocumentationMethodology_Standard_v1.md  (sha256 8301aa2a0395)

[Infrastructure]
  INCLUDED         _index.md  (sha256 fb736219786c)
  INCLUDED         Infrastructure_CLI_Decisions_v1.md  (sha256 7a16726b5162)
  INCLUDED         Infrastructure_CLI_Design_v1.md  (sha256 12e05744ff4a)
  INCLUDED         Infrastructure_Working_v1.md  (sha256 1d7a11e25a57)

[Infrastructure\binder-builder]
  INCLUDED         binder_builder_Documentation_settings.json  (sha256 b9b89306305b)
  INCLUDED         BinderBuilder_Design_v10.md  (sha256 e6573d80384e)
  INCLUDED         README.md  (sha256 3ec5dab12e67)

[Infrastructure\file-update-package]
  INCLUDED         file_update_package_settings.json  (sha256 fce12837157e)
  INCLUDED         FileUpdatePackage_Design_v1.md  (sha256 11ad3a9f4c94)
  INCLUDED         README.md  (sha256 203b6f20f7ce)

[Infrastructure\version-cleanup]
  INCLUDED         README.md  (sha256 a978d666e85a)
  INCLUDED         version_cleanup_settings.json  (sha256 c17e9142e485)
  INCLUDED         VersionCleanup_Design_v3.md  (sha256 e6d1eb38aba5)

[Principles]
  INCLUDED         Principles_Decisions_v4.md  (sha256 2c31c26b5c66)
  INCLUDED         Principles_Design_v4.md  (sha256 4bd5797d3d2e)
  INCLUDED         Principles_Standard_v1.md  (sha256 3ffe60875e5c)

[Project Design]
  INCLUDED         _index.md  (sha256 589d24282970)
  INCLUDED         ProjectDesign_Decisions_v2.md  (sha256 0a07a453c42c)
  INCLUDED         ProjectDesign_Design_v2.md  (sha256 80a739c74e04)
  INCLUDED         ProjectDesign_Schema_Standard_v1.md  (sha256 b3f80cfe062f)
  INCLUDED         ProjectDesign_Standard_v3.md  (sha256 fd5ac0fd7efc)

[Standards]
  INCLUDED         _index.md  (sha256 3bd4678a60c0)
  INCLUDED         Standards_Authoring_Standard_v5.md  (sha256 cb72bc7e0e85)
  INCLUDED         Standards_Consumption_Standard_v2.md  (sha256 b340d11315e3)
  INCLUDED         Standards_Decisions_v2.md  (sha256 c0286118492c)
  INCLUDED         Standards_Design_v2.md  (sha256 cfedb41ac36c)
  INCLUDED         Standards_Working_v1.md  (sha256 9677537477ab)

[Tools]
  INCLUDED         _index.md  (sha256 7bb05b130edc)
  INCLUDED         Tools_Authoring_Standard_v4.md  (sha256 497b9d3b918c)
  INCLUDED         Tools_Decisions_v4.md  (sha256 8ce74a49af55)
  INCLUDED         Tools_Design_v3.md  (sha256 70dee72bc66c)

[Working Practices]
  INCLUDED         _index.md  (sha256 f1d40d14c547)
  INCLUDED         WP_Capture_Working_v1.md  (sha256 54171d4dea8b)
  INCLUDED         WP_ContentDelivery_Working_v1.md  (sha256 6b858ff04f50)
  INCLUDED         WP_WorkManagement_Working_v1.md  (sha256 59a0bba2401c)

[Working Practices\FileOps]
  INCLUDED         WP_FileOps_Working_v1.md  (sha256 f2ffcdd7c76f)

[_binder]
  DELETED          AIDE_Documentation_Binder_v43.md
  WRITTEN          AIDE_Documentation_Binder_v44.md  (69 files, 659617 bytes)

[_rebuild]
  INCLUDED         AIDE_Component_PurposeLines_v2.md  (sha256 b1836489f28b)
  INCLUDED         AIDE_Rebuild_Guide_v1.md  (sha256 01ceb45e507b)
  INCLUDED         AIDE_Rebuild_Overview_v1.md  (sha256 5a65c44f5991)
  INCLUDED         AIDE_Rebuild_SettledDecisions_v1.md  (sha256 33593102e982)
  INCLUDED         ProjectDesign_Decisions_Pending_v1.md  (sha256 647aacf4c1ad)
  INCLUDED         ProjectDesign_Design_Pending_v1.md  (sha256 587bc4c6165f)
  INCLUDED         ProjectDesign_StandardInputs_Pending_v1.md  (sha256 710b74bb0958)
  INCLUDED         ProjectDesign_WorkRegister_Pending_v1.md  (sha256 638ebbfb6eef)
  SKIPPED          AIDE_DesignApproach_WIP_v1.md: matches exclude_files pattern "*_WIP_*"
  SKIPPED          AIDE_Rebuild_WIP_v24.md: matches exclude_files pattern "*_WIP_*"

------------------------------------------------------------------------
Result: 69 included, 3 skipped, 1 written, 1 deleted
========================================================================

========================================================================
binder builder   2026-09-14 17:58:19   LIVE
binder:   AIDE_Documentation
root:     C:\Users\david\dev\repos\DigitalBusiness-AIDE\Documentation
settings: C:\Users\david\dev\repos\DigitalBusiness-AIDE\Documentation\_aide\utilities\binder-builder\binder_builder_AIDE_Documentation_settings.json
include:  ~/_rebuild
folders collected from: 14
change detection: AIDE_Documentation_Binder_v44.md: 69 file(s) in scope, all matching the manifest - binder not rebuilt
------------------------------------------------------------------------

[.]
  SKIPPED          AIDE_Documentation_WIP_v5.md: matches exclude_files pattern "*_WIP_*"

[_binder]
  NO CHANGES       no changes detected since AIDE_Documentation_Binder_v44.md; binder not rebuilt

[_rebuild]
  SKIPPED          AIDE_DesignApproach_WIP_v1.md: matches exclude_files pattern "*_WIP_*"
  SKIPPED          AIDE_Rebuild_WIP_v24.md: matches exclude_files pattern "*_WIP_*"

------------------------------------------------------------------------
Result: 3 skipped, 1 no changes
========================================================================

========================================================================
binder builder   2026-09-14 17:59:49   LIVE
binder:   AIDE_Documentation
root:     C:\Users\david\dev\repos\DigitalBusiness-AIDE\Documentation
settings: C:\Users\david\dev\repos\DigitalBusiness-AIDE\Documentation\_aide\utilities\binder-builder\binder_builder_AIDE_Documentation_settings.json
include:  ~/_rebuild
folders collected from: 14
change detection: AIDE_Documentation_Binder_v44.md: 69 file(s) in scope, all matching the manifest - binder not rebuilt
------------------------------------------------------------------------

[.]
  SKIPPED          AIDE_Documentation_WIP_v5.md: matches exclude_files pattern "*_WIP_*"

[_binder]
  NO CHANGES       no changes detected since AIDE_Documentation_Binder_v44.md; binder not rebuilt

[_rebuild]
  SKIPPED          AIDE_DesignApproach_WIP_v1.md: matches exclude_files pattern "*_WIP_*"
  SKIPPED          AIDE_Rebuild_WIP_v24.md: matches exclude_files pattern "*_WIP_*"

------------------------------------------------------------------------
Result: 3 skipped, 1 no changes
========================================================================

========================================================================
binder builder   2026-09-14 20:39:40   LIVE
binder:   AIDE_Documentation
root:     C:\Users\david\dev\repos\DigitalBusiness-AIDE\Documentation
settings: C:\Users\david\dev\repos\DigitalBusiness-AIDE\Documentation\_aide\utilities\binder-builder\binder_builder_AIDE_Documentation_settings.json
include:  ~/_rebuild
folders collected from: 16
change detection: AIDE_Documentation_Binder_v44.md: 3 added (Documentation/Standards/Standards_Authoring_Standard_v6.md, Documentation/Standards/Standards_Decisions_v3.md, Documentation/Standards/Standards_Design_v3.md) - rebuilding
------------------------------------------------------------------------

[.]
  INCLUDED         AIDE_Solution_Map.md  (sha256 3c2294f7ae2b)
  SKIPPED          AIDE_Documentation_WIP_v5.md: matches exclude_files pattern "*_WIP_*"
  SKIPPED          AIDE_Documentation_WIP_v6.md: matches exclude_files pattern "*_WIP_*"

[Core]
  INCLUDED         _index.md  (sha256 d177f77812eb)
  INCLUDED         Core_AIDEMap.md  (sha256 e3b0c44298fc)
  INCLUDED         Core_AIDEMap.yaml  (sha256 a3f651bdb590)
  INCLUDED         Core_AIDEPrinciples_Decisions_v1.md  (sha256 655de3e64709)
  INCLUDED         Core_AIDEPrinciples_Design_v1.md  (sha256 60e20e8d0b9d)
  INCLUDED         Core_Brief_v1.md  (sha256 6c2e6280ea89)
  INCLUDED         Core_Charter_v1.md  (sha256 3e5f5332b783)
  INCLUDED         Core_Design_Documentation_Working_v1.md  (sha256 b2999c523397)
  INCLUDED         Core_Schema_Standard_v1.md  (sha256 dc4ee250329f)
  INCLUDED         Core_Structure_Decisions_v1.md  (sha256 2217f6768b89)
  INCLUDED         Core_Structure_Design_v1.md  (sha256 f464dc43de50)
  INCLUDED         Core_Tags_Working_v1.md  (sha256 ae6557378adf)
  INCLUDED         Core_Working_v1.md  (sha256 9808a331b339)

[Documentation]
  SKIPPED          AIDE_Documentation_WIP_v6.md: matches exclude_files pattern "*_WIP_*"

[Documentation Methodology]
  INCLUDED         _index.md  (sha256 c3441fd9e4b4)
  INCLUDED         DocMeth_Brief_v1.md  (sha256 60c5cf3f5d79)
  INCLUDED         DocMeth_Decisions_v7.md  (sha256 15daf15e27ef)
  INCLUDED         DocMeth_Design_v6.md  (sha256 8b5d6a24a5d7)
  INCLUDED         DocMeth_SchemaAuthoring_Standard_Draft.md  (sha256 24a2532f370c)
  INCLUDED         DocMeth_SchemaDefinitions_Standard_Draft.md  (sha256 d8757a5dbcdf)
  INCLUDED         DocMeth_Standard_Draft.md  (sha256 5847d0b42534)
  INCLUDED         DocMeth_Working_v9.md  (sha256 952a2287d1d0)
  INCLUDED         DocumentationMethodology_SchemaAuthoring_Standard_v1.md  (sha256 37a837a65cb3)
  INCLUDED         DocumentationMethodology_SchemaDefinitions_Standard_v1.md  (sha256 8098d9714c57)
  INCLUDED         DocumentationMethodology_Standard_v1.md  (sha256 8301aa2a0395)

[Documentation\Standards]
  INCLUDED         Standards_Authoring_Standard_v6.md  (sha256 68bb3fcf5bd5)
  INCLUDED         Standards_Decisions_v3.md  (sha256 211fbd2ce603)
  INCLUDED         Standards_Design_v3.md  (sha256 78eccfb524ff)

[Infrastructure]
  INCLUDED         _index.md  (sha256 fb736219786c)
  INCLUDED         Infrastructure_CLI_Decisions_v1.md  (sha256 7a16726b5162)
  INCLUDED         Infrastructure_CLI_Design_v1.md  (sha256 12e05744ff4a)
  INCLUDED         Infrastructure_Working_v1.md  (sha256 1d7a11e25a57)

[Infrastructure\binder-builder]
  INCLUDED         binder_builder_Documentation_settings.json  (sha256 b9b89306305b)
  INCLUDED         BinderBuilder_Design_v10.md  (sha256 e6573d80384e)
  INCLUDED         README.md  (sha256 3ec5dab12e67)

[Infrastructure\file-update-package]
  INCLUDED         file_update_package_settings.json  (sha256 fce12837157e)
  INCLUDED         FileUpdatePackage_Design_v1.md  (sha256 11ad3a9f4c94)
  INCLUDED         README.md  (sha256 203b6f20f7ce)

[Infrastructure\version-cleanup]
  INCLUDED         README.md  (sha256 a978d666e85a)
  INCLUDED         version_cleanup_settings.json  (sha256 c17e9142e485)
  INCLUDED         VersionCleanup_Design_v3.md  (sha256 e6d1eb38aba5)

[Principles]
  INCLUDED         Principles_Decisions_v4.md  (sha256 2c31c26b5c66)
  INCLUDED         Principles_Design_v4.md  (sha256 4bd5797d3d2e)
  INCLUDED         Principles_Standard_v1.md  (sha256 3ffe60875e5c)

[Project Design]
  INCLUDED         _index.md  (sha256 589d24282970)
  INCLUDED         ProjectDesign_Decisions_v2.md  (sha256 0a07a453c42c)
  INCLUDED         ProjectDesign_Design_v2.md  (sha256 80a739c74e04)
  INCLUDED         ProjectDesign_Schema_Standard_v1.md  (sha256 b3f80cfe062f)
  INCLUDED         ProjectDesign_Standard_v3.md  (sha256 fd5ac0fd7efc)

[Standards]
  INCLUDED         _index.md  (sha256 3bd4678a60c0)
  INCLUDED         Standards_Authoring_Standard_v5.md  (sha256 cb72bc7e0e85)
  INCLUDED         Standards_Consumption_Standard_v2.md  (sha256 b340d11315e3)
  INCLUDED         Standards_Decisions_v2.md  (sha256 c0286118492c)
  INCLUDED         Standards_Design_v2.md  (sha256 cfedb41ac36c)
  INCLUDED         Standards_Working_v1.md  (sha256 9677537477ab)

[Tools]
  INCLUDED         _index.md  (sha256 7bb05b130edc)
  INCLUDED         Tools_Authoring_Standard_v4.md  (sha256 497b9d3b918c)
  INCLUDED         Tools_Decisions_v4.md  (sha256 8ce74a49af55)
  INCLUDED         Tools_Design_v3.md  (sha256 70dee72bc66c)

[Working Practices]
  INCLUDED         _index.md  (sha256 f1d40d14c547)
  INCLUDED         WP_Capture_Working_v1.md  (sha256 54171d4dea8b)
  INCLUDED         WP_ContentDelivery_Working_v1.md  (sha256 6b858ff04f50)
  INCLUDED         WP_WorkManagement_Working_v1.md  (sha256 59a0bba2401c)

[Working Practices\FileOps]
  INCLUDED         WP_FileOps_Working_v1.md  (sha256 f2ffcdd7c76f)

[_binder]
  DELETED          AIDE_Documentation_Binder_v44.md
  WRITTEN          AIDE_Documentation_Binder_v45.md  (72 files, 700367 bytes)

[_rebuild]
  INCLUDED         AIDE_Component_PurposeLines_v2.md  (sha256 b1836489f28b)
  INCLUDED         AIDE_Rebuild_Guide_v1.md  (sha256 01ceb45e507b)
  INCLUDED         AIDE_Rebuild_Overview_v1.md  (sha256 5a65c44f5991)
  INCLUDED         AIDE_Rebuild_SettledDecisions_v1.md  (sha256 33593102e982)
  INCLUDED         ProjectDesign_Decisions_Pending_v1.md  (sha256 647aacf4c1ad)
  INCLUDED         ProjectDesign_Design_Pending_v1.md  (sha256 587bc4c6165f)
  INCLUDED         ProjectDesign_StandardInputs_Pending_v1.md  (sha256 710b74bb0958)
  INCLUDED         ProjectDesign_WorkRegister_Pending_v1.md  (sha256 638ebbfb6eef)
  SKIPPED          AIDE_DesignApproach_WIP_v1.md: matches exclude_files pattern "*_WIP_*"
  SKIPPED          AIDE_Rebuild_WIP_v24.md: matches exclude_files pattern "*_WIP_*"

------------------------------------------------------------------------
Result: 72 included, 5 skipped, 1 written, 1 deleted
========================================================================

========================================================================
binder builder   2026-09-14 20:51:54   LIVE
binder:   AIDE_Documentation
root:     C:\Users\david\dev\repos\DigitalBusiness-AIDE\Documentation
settings: C:\Users\david\dev\repos\DigitalBusiness-AIDE\Documentation\_aide\utilities\binder-builder\binder_builder_AIDE_Documentation_settings.json
include:  ~/_rebuild
folders collected from: 14
change detection: AIDE_Documentation_Binder_v45.md: 3 added, 3 removed (Standards/Standards_Authoring_Standard_v6.md, Standards/Standards_Decisions_v3.md, Standards/Standards_Design_v3.md, and 3 more) - rebuilding
------------------------------------------------------------------------

[.]
  INCLUDED         AIDE_Solution_Map.md  (sha256 3c2294f7ae2b)
  SKIPPED          AIDE_Documentation_WIP_v5.md: matches exclude_files pattern "*_WIP_*"
  SKIPPED          AIDE_Documentation_WIP_v6.md: matches exclude_files pattern "*_WIP_*"

[Core]
  INCLUDED         _index.md  (sha256 d177f77812eb)
  INCLUDED         Core_AIDEMap.md  (sha256 e3b0c44298fc)
  INCLUDED         Core_AIDEMap.yaml  (sha256 a3f651bdb590)
  INCLUDED         Core_AIDEPrinciples_Decisions_v1.md  (sha256 655de3e64709)
  INCLUDED         Core_AIDEPrinciples_Design_v1.md  (sha256 60e20e8d0b9d)
  INCLUDED         Core_Brief_v1.md  (sha256 6c2e6280ea89)
  INCLUDED         Core_Charter_v1.md  (sha256 3e5f5332b783)
  INCLUDED         Core_Design_Documentation_Working_v1.md  (sha256 b2999c523397)
  INCLUDED         Core_Schema_Standard_v1.md  (sha256 dc4ee250329f)
  INCLUDED         Core_Structure_Decisions_v1.md  (sha256 2217f6768b89)
  INCLUDED         Core_Structure_Design_v1.md  (sha256 f464dc43de50)
  INCLUDED         Core_Tags_Working_v1.md  (sha256 ae6557378adf)
  INCLUDED         Core_Working_v1.md  (sha256 9808a331b339)

[Documentation Methodology]
  INCLUDED         _index.md  (sha256 c3441fd9e4b4)
  INCLUDED         DocMeth_Brief_v1.md  (sha256 60c5cf3f5d79)
  INCLUDED         DocMeth_Decisions_v7.md  (sha256 15daf15e27ef)
  INCLUDED         DocMeth_Design_v6.md  (sha256 8b5d6a24a5d7)
  INCLUDED         DocMeth_SchemaAuthoring_Standard_Draft.md  (sha256 24a2532f370c)
  INCLUDED         DocMeth_SchemaDefinitions_Standard_Draft.md  (sha256 d8757a5dbcdf)
  INCLUDED         DocMeth_Standard_Draft.md  (sha256 5847d0b42534)
  INCLUDED         DocMeth_Working_v9.md  (sha256 952a2287d1d0)
  INCLUDED         DocumentationMethodology_SchemaAuthoring_Standard_v1.md  (sha256 37a837a65cb3)
  INCLUDED         DocumentationMethodology_SchemaDefinitions_Standard_v1.md  (sha256 8098d9714c57)
  INCLUDED         DocumentationMethodology_Standard_v1.md  (sha256 8301aa2a0395)

[Infrastructure]
  INCLUDED         _index.md  (sha256 fb736219786c)
  INCLUDED         Infrastructure_CLI_Decisions_v1.md  (sha256 7a16726b5162)
  INCLUDED         Infrastructure_CLI_Design_v1.md  (sha256 12e05744ff4a)
  INCLUDED         Infrastructure_Working_v1.md  (sha256 1d7a11e25a57)

[Infrastructure\binder-builder]
  INCLUDED         binder_builder_Documentation_settings.json  (sha256 b9b89306305b)
  INCLUDED         BinderBuilder_Design_v10.md  (sha256 e6573d80384e)
  INCLUDED         README.md  (sha256 3ec5dab12e67)

[Infrastructure\file-update-package]
  INCLUDED         file_update_package_settings.json  (sha256 fce12837157e)
  INCLUDED         FileUpdatePackage_Design_v1.md  (sha256 11ad3a9f4c94)
  INCLUDED         README.md  (sha256 203b6f20f7ce)

[Infrastructure\version-cleanup]
  INCLUDED         README.md  (sha256 a978d666e85a)
  INCLUDED         version_cleanup_settings.json  (sha256 c17e9142e485)
  INCLUDED         VersionCleanup_Design_v3.md  (sha256 e6d1eb38aba5)

[Principles]
  INCLUDED         Principles_Decisions_v4.md  (sha256 2c31c26b5c66)
  INCLUDED         Principles_Design_v4.md  (sha256 4bd5797d3d2e)
  INCLUDED         Principles_Standard_v1.md  (sha256 3ffe60875e5c)

[Project Design]
  INCLUDED         _index.md  (sha256 589d24282970)
  INCLUDED         ProjectDesign_Decisions_v2.md  (sha256 0a07a453c42c)
  INCLUDED         ProjectDesign_Design_v2.md  (sha256 80a739c74e04)
  INCLUDED         ProjectDesign_Schema_Standard_v1.md  (sha256 b3f80cfe062f)
  INCLUDED         ProjectDesign_Standard_v3.md  (sha256 fd5ac0fd7efc)

[Standards]
  INCLUDED         _index.md  (sha256 3bd4678a60c0)
  INCLUDED         Standards_Authoring_Standard_v5.md  (sha256 cb72bc7e0e85)
  INCLUDED         Standards_Authoring_Standard_v6.md  (sha256 68bb3fcf5bd5)
  INCLUDED         Standards_Consumption_Standard_v2.md  (sha256 b340d11315e3)
  INCLUDED         Standards_Decisions_v2.md  (sha256 c0286118492c)
  INCLUDED         Standards_Decisions_v3.md  (sha256 211fbd2ce603)
  INCLUDED         Standards_Design_v2.md  (sha256 cfedb41ac36c)
  INCLUDED         Standards_Design_v3.md  (sha256 78eccfb524ff)
  INCLUDED         Standards_Working_v1.md  (sha256 9677537477ab)

[Tools]
  INCLUDED         _index.md  (sha256 7bb05b130edc)
  INCLUDED         Tools_Authoring_Standard_v4.md  (sha256 497b9d3b918c)
  INCLUDED         Tools_Decisions_v4.md  (sha256 8ce74a49af55)
  INCLUDED         Tools_Design_v3.md  (sha256 70dee72bc66c)

[Working Practices]
  INCLUDED         _index.md  (sha256 f1d40d14c547)
  INCLUDED         WP_Capture_Working_v1.md  (sha256 54171d4dea8b)
  INCLUDED         WP_ContentDelivery_Working_v1.md  (sha256 6b858ff04f50)
  INCLUDED         WP_WorkManagement_Working_v1.md  (sha256 59a0bba2401c)

[Working Practices\FileOps]
  INCLUDED         WP_FileOps_Working_v1.md  (sha256 f2ffcdd7c76f)

[_binder]
  DELETED          AIDE_Documentation_Binder_v45.md
  WRITTEN          AIDE_Documentation_Binder_v46.md  (72 files, 700241 bytes)

[_rebuild]
  INCLUDED         AIDE_Component_PurposeLines_v2.md  (sha256 b1836489f28b)
  INCLUDED         AIDE_Rebuild_Guide_v1.md  (sha256 01ceb45e507b)
  INCLUDED         AIDE_Rebuild_Overview_v1.md  (sha256 5a65c44f5991)
  INCLUDED         AIDE_Rebuild_SettledDecisions_v1.md  (sha256 33593102e982)
  INCLUDED         ProjectDesign_Decisions_Pending_v1.md  (sha256 647aacf4c1ad)
  INCLUDED         ProjectDesign_Design_Pending_v1.md  (sha256 587bc4c6165f)
  INCLUDED         ProjectDesign_StandardInputs_Pending_v1.md  (sha256 710b74bb0958)
  INCLUDED         ProjectDesign_WorkRegister_Pending_v1.md  (sha256 638ebbfb6eef)
  SKIPPED          AIDE_DesignApproach_WIP_v1.md: matches exclude_files pattern "*_WIP_*"
  SKIPPED          AIDE_Rebuild_WIP_v24.md: matches exclude_files pattern "*_WIP_*"

------------------------------------------------------------------------
Result: 72 included, 4 skipped, 1 written, 1 deleted
========================================================================

========================================================================
binder builder   2026-09-14 20:53:43   LIVE
binder:   AIDE_Documentation
root:     C:\Users\david\dev\repos\DigitalBusiness-AIDE\Documentation
settings: C:\Users\david\dev\repos\DigitalBusiness-AIDE\Documentation\_aide\utilities\binder-builder\binder_builder_AIDE_Documentation_settings.json
include:  ~/_rebuild
folders collected from: 14
change detection: AIDE_Documentation_Binder_v46.md: 1 added (Infrastructure/file-update-package/FileUpdatePackage_Design_v2.md) - rebuilding
------------------------------------------------------------------------

[.]
  INCLUDED         AIDE_Solution_Map.md  (sha256 3c2294f7ae2b)
  SKIPPED          AIDE_Documentation_WIP_v5.md: matches exclude_files pattern "*_WIP_*"
  SKIPPED          AIDE_Documentation_WIP_v6.md: matches exclude_files pattern "*_WIP_*"

[Core]
  INCLUDED         _index.md  (sha256 d177f77812eb)
  INCLUDED         Core_AIDEMap.md  (sha256 e3b0c44298fc)
  INCLUDED         Core_AIDEMap.yaml  (sha256 a3f651bdb590)
  INCLUDED         Core_AIDEPrinciples_Decisions_v1.md  (sha256 655de3e64709)
  INCLUDED         Core_AIDEPrinciples_Design_v1.md  (sha256 60e20e8d0b9d)
  INCLUDED         Core_Brief_v1.md  (sha256 6c2e6280ea89)
  INCLUDED         Core_Charter_v1.md  (sha256 3e5f5332b783)
  INCLUDED         Core_Design_Documentation_Working_v1.md  (sha256 b2999c523397)
  INCLUDED         Core_Schema_Standard_v1.md  (sha256 dc4ee250329f)
  INCLUDED         Core_Structure_Decisions_v1.md  (sha256 2217f6768b89)
  INCLUDED         Core_Structure_Design_v1.md  (sha256 f464dc43de50)
  INCLUDED         Core_Tags_Working_v1.md  (sha256 ae6557378adf)
  INCLUDED         Core_Working_v1.md  (sha256 9808a331b339)

[Documentation Methodology]
  INCLUDED         _index.md  (sha256 c3441fd9e4b4)
  INCLUDED         DocMeth_Brief_v1.md  (sha256 60c5cf3f5d79)
  INCLUDED         DocMeth_Decisions_v7.md  (sha256 15daf15e27ef)
  INCLUDED         DocMeth_Design_v6.md  (sha256 8b5d6a24a5d7)
  INCLUDED         DocMeth_SchemaAuthoring_Standard_Draft.md  (sha256 24a2532f370c)
  INCLUDED         DocMeth_SchemaDefinitions_Standard_Draft.md  (sha256 d8757a5dbcdf)
  INCLUDED         DocMeth_Standard_Draft.md  (sha256 5847d0b42534)
  INCLUDED         DocMeth_Working_v9.md  (sha256 952a2287d1d0)
  INCLUDED         DocumentationMethodology_SchemaAuthoring_Standard_v1.md  (sha256 37a837a65cb3)
  INCLUDED         DocumentationMethodology_SchemaDefinitions_Standard_v1.md  (sha256 8098d9714c57)
  INCLUDED         DocumentationMethodology_Standard_v1.md  (sha256 8301aa2a0395)

[Infrastructure]
  INCLUDED         _index.md  (sha256 fb736219786c)
  INCLUDED         Infrastructure_CLI_Decisions_v1.md  (sha256 7a16726b5162)
  INCLUDED         Infrastructure_CLI_Design_v1.md  (sha256 12e05744ff4a)
  INCLUDED         Infrastructure_Working_v1.md  (sha256 1d7a11e25a57)

[Infrastructure\binder-builder]
  INCLUDED         binder_builder_Documentation_settings.json  (sha256 b9b89306305b)
  INCLUDED         BinderBuilder_Design_v10.md  (sha256 e6573d80384e)
  INCLUDED         README.md  (sha256 3ec5dab12e67)

[Infrastructure\file-update-package]
  INCLUDED         file_update_package_settings.json  (sha256 fce12837157e)
  INCLUDED         FileUpdatePackage_Design_v1.md  (sha256 11ad3a9f4c94)
  INCLUDED         FileUpdatePackage_Design_v2.md  (sha256 52e8f54b85be)
  INCLUDED         README.md  (sha256 203b6f20f7ce)

[Infrastructure\version-cleanup]
  INCLUDED         README.md  (sha256 a978d666e85a)
  INCLUDED         version_cleanup_settings.json  (sha256 c17e9142e485)
  INCLUDED         VersionCleanup_Design_v3.md  (sha256 e6d1eb38aba5)

[Principles]
  INCLUDED         Principles_Decisions_v4.md  (sha256 2c31c26b5c66)
  INCLUDED         Principles_Design_v4.md  (sha256 4bd5797d3d2e)
  INCLUDED         Principles_Standard_v1.md  (sha256 3ffe60875e5c)

[Project Design]
  INCLUDED         _index.md  (sha256 589d24282970)
  INCLUDED         ProjectDesign_Decisions_v2.md  (sha256 0a07a453c42c)
  INCLUDED         ProjectDesign_Design_v2.md  (sha256 80a739c74e04)
  INCLUDED         ProjectDesign_Schema_Standard_v1.md  (sha256 b3f80cfe062f)
  INCLUDED         ProjectDesign_Standard_v3.md  (sha256 fd5ac0fd7efc)

[Standards]
  INCLUDED         _index.md  (sha256 3bd4678a60c0)
  INCLUDED         Standards_Authoring_Standard_v5.md  (sha256 cb72bc7e0e85)
  INCLUDED         Standards_Authoring_Standard_v6.md  (sha256 68bb3fcf5bd5)
  INCLUDED         Standards_Consumption_Standard_v2.md  (sha256 b340d11315e3)
  INCLUDED         Standards_Decisions_v2.md  (sha256 c0286118492c)
  INCLUDED         Standards_Decisions_v3.md  (sha256 211fbd2ce603)
  INCLUDED         Standards_Design_v2.md  (sha256 cfedb41ac36c)
  INCLUDED         Standards_Design_v3.md  (sha256 78eccfb524ff)
  INCLUDED         Standards_Working_v1.md  (sha256 9677537477ab)

[Tools]
  INCLUDED         _index.md  (sha256 7bb05b130edc)
  INCLUDED         Tools_Authoring_Standard_v4.md  (sha256 497b9d3b918c)
  INCLUDED         Tools_Decisions_v4.md  (sha256 8ce74a49af55)
  INCLUDED         Tools_Design_v3.md  (sha256 70dee72bc66c)

[Working Practices]
  INCLUDED         _index.md  (sha256 f1d40d14c547)
  INCLUDED         WP_Capture_Working_v1.md  (sha256 54171d4dea8b)
  INCLUDED         WP_ContentDelivery_Working_v1.md  (sha256 6b858ff04f50)
  INCLUDED         WP_WorkManagement_Working_v1.md  (sha256 59a0bba2401c)

[Working Practices\FileOps]
  INCLUDED         WP_FileOps_Working_v1.md  (sha256 f2ffcdd7c76f)

[_binder]
  DELETED          AIDE_Documentation_Binder_v46.md
  WRITTEN          AIDE_Documentation_Binder_v47.md  (73 files, 722355 bytes)

[_rebuild]
  INCLUDED         AIDE_Component_PurposeLines_v2.md  (sha256 b1836489f28b)
  INCLUDED         AIDE_Rebuild_Guide_v1.md  (sha256 01ceb45e507b)
  INCLUDED         AIDE_Rebuild_Overview_v1.md  (sha256 5a65c44f5991)
  INCLUDED         AIDE_Rebuild_SettledDecisions_v1.md  (sha256 33593102e982)
  INCLUDED         ProjectDesign_Decisions_Pending_v1.md  (sha256 647aacf4c1ad)
  INCLUDED         ProjectDesign_Design_Pending_v1.md  (sha256 587bc4c6165f)
  INCLUDED         ProjectDesign_StandardInputs_Pending_v1.md  (sha256 710b74bb0958)
  INCLUDED         ProjectDesign_WorkRegister_Pending_v1.md  (sha256 638ebbfb6eef)
  SKIPPED          AIDE_DesignApproach_WIP_v1.md: matches exclude_files pattern "*_WIP_*"
  SKIPPED          AIDE_Rebuild_WIP_v24.md: matches exclude_files pattern "*_WIP_*"

------------------------------------------------------------------------
Result: 73 included, 4 skipped, 1 written, 1 deleted
========================================================================

========================================================================
binder builder   2026-09-14 21:11:21   LIVE
binder:   AIDE_Documentation
root:     C:\Users\david\dev\repos\DigitalBusiness-AIDE\Documentation
settings: C:\Users\david\dev\repos\DigitalBusiness-AIDE\Documentation\_aide\utilities\binder-builder\binder_builder_AIDE_Documentation_settings.json
include:  ~/_rebuild
folders collected from: 14
change detection: AIDE_Documentation_Binder_v47.md: 4 removed, 2 changed (Infrastructure/file-update-package/FileUpdatePackage_Design_v1.md, Standards/Standards_Authoring_Standard_v5.md, Standards/Standards_Decisions_v2.md, and 3 more) - rebuilding
------------------------------------------------------------------------

[.]
  INCLUDED         AIDE_Solution_Map.md  (sha256 3c2294f7ae2b)
  SKIPPED          AIDE_Documentation_WIP_v6.md: matches exclude_files pattern "*_WIP_*"

[Core]
  INCLUDED         _index.md  (sha256 d177f77812eb)
  INCLUDED         Core_AIDEMap.md  (sha256 e3b0c44298fc)
  INCLUDED         Core_AIDEMap.yaml  (sha256 a3f651bdb590)
  INCLUDED         Core_AIDEPrinciples_Decisions_v1.md  (sha256 655de3e64709)
  INCLUDED         Core_AIDEPrinciples_Design_v1.md  (sha256 60e20e8d0b9d)
  INCLUDED         Core_Brief_v1.md  (sha256 6c2e6280ea89)
  INCLUDED         Core_Charter_v1.md  (sha256 3e5f5332b783)
  INCLUDED         Core_Design_Documentation_Working_v1.md  (sha256 b2999c523397)
  INCLUDED         Core_Schema_Standard_v1.md  (sha256 dc4ee250329f)
  INCLUDED         Core_Structure_Decisions_v1.md  (sha256 2217f6768b89)
  INCLUDED         Core_Structure_Design_v1.md  (sha256 f464dc43de50)
  INCLUDED         Core_Tags_Working_v1.md  (sha256 ae6557378adf)
  INCLUDED         Core_Working_v1.md  (sha256 9808a331b339)

[Documentation Methodology]
  INCLUDED         _index.md  (sha256 c3441fd9e4b4)
  INCLUDED         DocMeth_Brief_v1.md  (sha256 60c5cf3f5d79)
  INCLUDED         DocMeth_Decisions_v7.md  (sha256 15daf15e27ef)
  INCLUDED         DocMeth_Design_v6.md  (sha256 8b5d6a24a5d7)
  INCLUDED         DocMeth_SchemaAuthoring_Standard_Draft.md  (sha256 24a2532f370c)
  INCLUDED         DocMeth_SchemaDefinitions_Standard_Draft.md  (sha256 d8757a5dbcdf)
  INCLUDED         DocMeth_Standard_Draft.md  (sha256 5847d0b42534)
  INCLUDED         DocMeth_Working_v9.md  (sha256 952a2287d1d0)
  INCLUDED         DocumentationMethodology_SchemaAuthoring_Standard_v1.md  (sha256 37a837a65cb3)
  INCLUDED         DocumentationMethodology_SchemaDefinitions_Standard_v1.md  (sha256 8098d9714c57)
  INCLUDED         DocumentationMethodology_Standard_v1.md  (sha256 8301aa2a0395)

[Infrastructure]
  INCLUDED         _index.md  (sha256 fb736219786c)
  INCLUDED         Infrastructure_CLI_Decisions_v1.md  (sha256 7a16726b5162)
  INCLUDED         Infrastructure_CLI_Design_v1.md  (sha256 12e05744ff4a)
  INCLUDED         Infrastructure_Working_v1.md  (sha256 1d7a11e25a57)

[Infrastructure\binder-builder]
  INCLUDED         binder_builder_Documentation_settings.json  (sha256 b9b89306305b)
  INCLUDED         BinderBuilder_Design_v10.md  (sha256 e6573d80384e)
  INCLUDED         README.md  (sha256 3ec5dab12e67)

[Infrastructure\file-update-package]
  INCLUDED         file_update_package_settings.json  (sha256 fce12837157e)
  INCLUDED         FileUpdatePackage_Design_v2.md  (sha256 52e8f54b85be)
  INCLUDED         README.md  (sha256 203b6f20f7ce)

[Infrastructure\version-cleanup]
  INCLUDED         README.md  (sha256 a978d666e85a)
  INCLUDED         version_cleanup_settings.json  (sha256 c17e9142e485)
  INCLUDED         VersionCleanup_Design_v3.md  (sha256 e6d1eb38aba5)

[Principles]
  INCLUDED         Principles_Decisions_v4.md  (sha256 2c31c26b5c66)
  INCLUDED         Principles_Design_v4.md  (sha256 4bd5797d3d2e)
  INCLUDED         Principles_Standard_v1.md  (sha256 3ffe60875e5c)

[Project Design]
  INCLUDED         _index.md  (sha256 589d24282970)
  INCLUDED         ProjectDesign_Decisions_v2.md  (sha256 0a07a453c42c)
  INCLUDED         ProjectDesign_Design_v2.md  (sha256 80a739c74e04)
  INCLUDED         ProjectDesign_Schema_Standard_v1.md  (sha256 b3f80cfe062f)
  INCLUDED         ProjectDesign_Standard_v3.md  (sha256 fd5ac0fd7efc)

[Standards]
  INCLUDED         _index.md  (sha256 3bd4678a60c0)
  INCLUDED         Standards_Authoring_Standard_v6.md  (sha256 68bb3fcf5bd5)
  INCLUDED         Standards_Consumption_Standard_v2.md  (sha256 b340d11315e3)
  INCLUDED         Standards_Decisions_v3.md  (sha256 370e69972777)
  INCLUDED         Standards_Design_v3.md  (sha256 53a6adec81d3)
  INCLUDED         Standards_Working_v1.md  (sha256 9677537477ab)

[Tools]
  INCLUDED         _index.md  (sha256 7bb05b130edc)
  INCLUDED         Tools_Authoring_Standard_v4.md  (sha256 497b9d3b918c)
  INCLUDED         Tools_Decisions_v4.md  (sha256 8ce74a49af55)
  INCLUDED         Tools_Design_v3.md  (sha256 70dee72bc66c)

[Working Practices]
  INCLUDED         _index.md  (sha256 f1d40d14c547)
  INCLUDED         WP_Capture_Working_v1.md  (sha256 54171d4dea8b)
  INCLUDED         WP_ContentDelivery_Working_v1.md  (sha256 6b858ff04f50)
  INCLUDED         WP_WorkManagement_Working_v1.md  (sha256 59a0bba2401c)

[Working Practices\FileOps]
  INCLUDED         WP_FileOps_Working_v1.md  (sha256 f2ffcdd7c76f)

[_binder]
  DELETED          AIDE_Documentation_Binder_v47.md
  WRITTEN          AIDE_Documentation_Binder_v48.md  (69 files, 672083 bytes)

[_rebuild]
  INCLUDED         AIDE_Component_PurposeLines_v2.md  (sha256 b1836489f28b)
  INCLUDED         AIDE_Rebuild_Guide_v1.md  (sha256 01ceb45e507b)
  INCLUDED         AIDE_Rebuild_Overview_v1.md  (sha256 5a65c44f5991)
  INCLUDED         AIDE_Rebuild_SettledDecisions_v1.md  (sha256 33593102e982)
  INCLUDED         ProjectDesign_Decisions_Pending_v1.md  (sha256 647aacf4c1ad)
  INCLUDED         ProjectDesign_Design_Pending_v1.md  (sha256 587bc4c6165f)
  INCLUDED         ProjectDesign_StandardInputs_Pending_v1.md  (sha256 710b74bb0958)
  INCLUDED         ProjectDesign_WorkRegister_Pending_v1.md  (sha256 638ebbfb6eef)
  SKIPPED          AIDE_DesignApproach_WIP_v1.md: matches exclude_files pattern "*_WIP_*"
  SKIPPED          AIDE_Rebuild_WIP_v24.md: matches exclude_files pattern "*_WIP_*"

------------------------------------------------------------------------
Result: 69 included, 3 skipped, 1 written, 1 deleted
========================================================================

========================================================================
binder builder   2026-09-14 21:14:09   LIVE
binder:   AIDE_Documentation
root:     C:\Users\david\dev\repos\DigitalBusiness-AIDE\Documentation
settings: C:\Users\david\dev\repos\DigitalBusiness-AIDE\Documentation\_aide\utilities\binder-builder\binder_builder_AIDE_Documentation_settings.json
include:  ~/_rebuild
folders collected from: 14
change detection: AIDE_Documentation_Binder_v48.md: 1 changed (Standards/Standards_Design_v3.md) - rebuilding
------------------------------------------------------------------------

[.]
  INCLUDED         AIDE_Solution_Map.md  (sha256 3c2294f7ae2b)
  SKIPPED          AIDE_Documentation_WIP_v6.md: matches exclude_files pattern "*_WIP_*"

[Core]
  INCLUDED         _index.md  (sha256 d177f77812eb)
  INCLUDED         Core_AIDEMap.md  (sha256 e3b0c44298fc)
  INCLUDED         Core_AIDEMap.yaml  (sha256 a3f651bdb590)
  INCLUDED         Core_AIDEPrinciples_Decisions_v1.md  (sha256 655de3e64709)
  INCLUDED         Core_AIDEPrinciples_Design_v1.md  (sha256 60e20e8d0b9d)
  INCLUDED         Core_Brief_v1.md  (sha256 6c2e6280ea89)
  INCLUDED         Core_Charter_v1.md  (sha256 3e5f5332b783)
  INCLUDED         Core_Design_Documentation_Working_v1.md  (sha256 b2999c523397)
  INCLUDED         Core_Schema_Standard_v1.md  (sha256 dc4ee250329f)
  INCLUDED         Core_Structure_Decisions_v1.md  (sha256 2217f6768b89)
  INCLUDED         Core_Structure_Design_v1.md  (sha256 f464dc43de50)
  INCLUDED         Core_Tags_Working_v1.md  (sha256 ae6557378adf)
  INCLUDED         Core_Working_v1.md  (sha256 9808a331b339)

[Documentation Methodology]
  INCLUDED         _index.md  (sha256 c3441fd9e4b4)
  INCLUDED         DocMeth_Brief_v1.md  (sha256 60c5cf3f5d79)
  INCLUDED         DocMeth_Decisions_v7.md  (sha256 15daf15e27ef)
  INCLUDED         DocMeth_Design_v6.md  (sha256 8b5d6a24a5d7)
  INCLUDED         DocMeth_SchemaAuthoring_Standard_Draft.md  (sha256 24a2532f370c)
  INCLUDED         DocMeth_SchemaDefinitions_Standard_Draft.md  (sha256 d8757a5dbcdf)
  INCLUDED         DocMeth_Standard_Draft.md  (sha256 5847d0b42534)
  INCLUDED         DocMeth_Working_v9.md  (sha256 952a2287d1d0)
  INCLUDED         DocumentationMethodology_SchemaAuthoring_Standard_v1.md  (sha256 37a837a65cb3)
  INCLUDED         DocumentationMethodology_SchemaDefinitions_Standard_v1.md  (sha256 8098d9714c57)
  INCLUDED         DocumentationMethodology_Standard_v1.md  (sha256 8301aa2a0395)

[Infrastructure]
  INCLUDED         _index.md  (sha256 fb736219786c)
  INCLUDED         Infrastructure_CLI_Decisions_v1.md  (sha256 7a16726b5162)
  INCLUDED         Infrastructure_CLI_Design_v1.md  (sha256 12e05744ff4a)
  INCLUDED         Infrastructure_Working_v1.md  (sha256 1d7a11e25a57)

[Infrastructure\binder-builder]
  INCLUDED         binder_builder_Documentation_settings.json  (sha256 b9b89306305b)
  INCLUDED         BinderBuilder_Design_v10.md  (sha256 e6573d80384e)
  INCLUDED         README.md  (sha256 3ec5dab12e67)

[Infrastructure\file-update-package]
  INCLUDED         file_update_package_settings.json  (sha256 fce12837157e)
  INCLUDED         FileUpdatePackage_Design_v2.md  (sha256 52e8f54b85be)
  INCLUDED         README.md  (sha256 203b6f20f7ce)

[Infrastructure\version-cleanup]
  INCLUDED         README.md  (sha256 a978d666e85a)
  INCLUDED         version_cleanup_settings.json  (sha256 c17e9142e485)
  INCLUDED         VersionCleanup_Design_v3.md  (sha256 e6d1eb38aba5)

[Principles]
  INCLUDED         Principles_Decisions_v4.md  (sha256 2c31c26b5c66)
  INCLUDED         Principles_Design_v4.md  (sha256 4bd5797d3d2e)
  INCLUDED         Principles_Standard_v1.md  (sha256 3ffe60875e5c)

[Project Design]
  INCLUDED         _index.md  (sha256 589d24282970)
  INCLUDED         ProjectDesign_Decisions_v2.md  (sha256 0a07a453c42c)
  INCLUDED         ProjectDesign_Design_v2.md  (sha256 80a739c74e04)
  INCLUDED         ProjectDesign_Schema_Standard_v1.md  (sha256 b3f80cfe062f)
  INCLUDED         ProjectDesign_Standard_v3.md  (sha256 fd5ac0fd7efc)

[Standards]
  INCLUDED         _index.md  (sha256 3bd4678a60c0)
  INCLUDED         Standards_Authoring_Standard_v6.md  (sha256 68bb3fcf5bd5)
  INCLUDED         Standards_Consumption_Standard_v2.md  (sha256 b340d11315e3)
  INCLUDED         Standards_Decisions_v3.md  (sha256 370e69972777)
  INCLUDED         Standards_Design_v3.md  (sha256 4a6a79a3a0f1)
  INCLUDED         Standards_Working_v1.md  (sha256 9677537477ab)

[Tools]
  INCLUDED         _index.md  (sha256 7bb05b130edc)
  INCLUDED         Tools_Authoring_Standard_v4.md  (sha256 497b9d3b918c)
  INCLUDED         Tools_Decisions_v4.md  (sha256 8ce74a49af55)
  INCLUDED         Tools_Design_v3.md  (sha256 70dee72bc66c)

[Working Practices]
  INCLUDED         _index.md  (sha256 f1d40d14c547)
  INCLUDED         WP_Capture_Working_v1.md  (sha256 54171d4dea8b)
  INCLUDED         WP_ContentDelivery_Working_v1.md  (sha256 6b858ff04f50)
  INCLUDED         WP_WorkManagement_Working_v1.md  (sha256 59a0bba2401c)

[Working Practices\FileOps]
  INCLUDED         WP_FileOps_Working_v1.md  (sha256 f2ffcdd7c76f)

[_binder]
  DELETED          AIDE_Documentation_Binder_v48.md
  WRITTEN          AIDE_Documentation_Binder_v49.md  (69 files, 672359 bytes)

[_rebuild]
  INCLUDED         AIDE_Component_PurposeLines_v2.md  (sha256 b1836489f28b)
  INCLUDED         AIDE_Rebuild_Guide_v1.md  (sha256 01ceb45e507b)
  INCLUDED         AIDE_Rebuild_Overview_v1.md  (sha256 5a65c44f5991)
  INCLUDED         AIDE_Rebuild_SettledDecisions_v1.md  (sha256 33593102e982)
  INCLUDED         ProjectDesign_Decisions_Pending_v1.md  (sha256 647aacf4c1ad)
  INCLUDED         ProjectDesign_Design_Pending_v1.md  (sha256 587bc4c6165f)
  INCLUDED         ProjectDesign_StandardInputs_Pending_v1.md  (sha256 710b74bb0958)
  INCLUDED         ProjectDesign_WorkRegister_Pending_v1.md  (sha256 638ebbfb6eef)
  SKIPPED          AIDE_DesignApproach_WIP_v1.md: matches exclude_files pattern "*_WIP_*"
  SKIPPED          AIDE_Rebuild_WIP_v24.md: matches exclude_files pattern "*_WIP_*"

------------------------------------------------------------------------
Result: 69 included, 3 skipped, 1 written, 1 deleted
========================================================================

========================================================================
binder builder   2026-09-14 21:41:54   LIVE
binder:   AIDE_Documentation
root:     C:\Users\david\dev\repos\DigitalBusiness-AIDE\Documentation
settings: C:\Users\david\dev\repos\DigitalBusiness-AIDE\Documentation\_aide\utilities\binder-builder\binder_builder_AIDE_Documentation_settings.json
include:  ~/_rebuild
folders collected from: 14
change detection: AIDE_Documentation_Binder_v49.md: 1 changed (Infrastructure/file-update-package/FileUpdatePackage_Design_v2.md) - rebuilding
------------------------------------------------------------------------

[.]
  INCLUDED         AIDE_Solution_Map.md  (sha256 3c2294f7ae2b)
  SKIPPED          AIDE_Documentation_WIP_v7.md: matches exclude_files pattern "*_WIP_*"

[Core]
  INCLUDED         _index.md  (sha256 d177f77812eb)
  INCLUDED         Core_AIDEMap.md  (sha256 e3b0c44298fc)
  INCLUDED         Core_AIDEMap.yaml  (sha256 a3f651bdb590)
  INCLUDED         Core_AIDEPrinciples_Decisions_v1.md  (sha256 655de3e64709)
  INCLUDED         Core_AIDEPrinciples_Design_v1.md  (sha256 60e20e8d0b9d)
  INCLUDED         Core_Brief_v1.md  (sha256 6c2e6280ea89)
  INCLUDED         Core_Charter_v1.md  (sha256 3e5f5332b783)
  INCLUDED         Core_Design_Documentation_Working_v1.md  (sha256 b2999c523397)
  INCLUDED         Core_Schema_Standard_v1.md  (sha256 dc4ee250329f)
  INCLUDED         Core_Structure_Decisions_v1.md  (sha256 2217f6768b89)
  INCLUDED         Core_Structure_Design_v1.md  (sha256 f464dc43de50)
  INCLUDED         Core_Tags_Working_v1.md  (sha256 ae6557378adf)
  INCLUDED         Core_Working_v1.md  (sha256 9808a331b339)

[Documentation Methodology]
  INCLUDED         _index.md  (sha256 c3441fd9e4b4)
  INCLUDED         DocMeth_Brief_v1.md  (sha256 60c5cf3f5d79)
  INCLUDED         DocMeth_Decisions_v7.md  (sha256 15daf15e27ef)
  INCLUDED         DocMeth_Design_v6.md  (sha256 8b5d6a24a5d7)
  INCLUDED         DocMeth_SchemaAuthoring_Standard_Draft.md  (sha256 24a2532f370c)
  INCLUDED         DocMeth_SchemaDefinitions_Standard_Draft.md  (sha256 d8757a5dbcdf)
  INCLUDED         DocMeth_Standard_Draft.md  (sha256 5847d0b42534)
  INCLUDED         DocMeth_Working_v9.md  (sha256 952a2287d1d0)
  INCLUDED         DocumentationMethodology_SchemaAuthoring_Standard_v1.md  (sha256 37a837a65cb3)
  INCLUDED         DocumentationMethodology_SchemaDefinitions_Standard_v1.md  (sha256 8098d9714c57)
  INCLUDED         DocumentationMethodology_Standard_v1.md  (sha256 8301aa2a0395)

[Infrastructure]
  INCLUDED         _index.md  (sha256 fb736219786c)
  INCLUDED         Infrastructure_CLI_Decisions_v1.md  (sha256 7a16726b5162)
  INCLUDED         Infrastructure_CLI_Design_v1.md  (sha256 12e05744ff4a)
  INCLUDED         Infrastructure_Working_v1.md  (sha256 1d7a11e25a57)

[Infrastructure\binder-builder]
  INCLUDED         binder_builder_Documentation_settings.json  (sha256 b9b89306305b)
  INCLUDED         BinderBuilder_Design_v10.md  (sha256 e6573d80384e)
  INCLUDED         README.md  (sha256 3ec5dab12e67)

[Infrastructure\file-update-package]
  INCLUDED         file_update_package_settings.json  (sha256 fce12837157e)
  INCLUDED         FileUpdatePackage_Design_v2.md  (sha256 17f91d5e4fa6)
  INCLUDED         README.md  (sha256 203b6f20f7ce)

[Infrastructure\version-cleanup]
  INCLUDED         README.md  (sha256 a978d666e85a)
  INCLUDED         version_cleanup_settings.json  (sha256 c17e9142e485)
  INCLUDED         VersionCleanup_Design_v3.md  (sha256 e6d1eb38aba5)

[Principles]
  INCLUDED         Principles_Decisions_v4.md  (sha256 2c31c26b5c66)
  INCLUDED         Principles_Design_v4.md  (sha256 4bd5797d3d2e)
  INCLUDED         Principles_Standard_v1.md  (sha256 3ffe60875e5c)

[Project Design]
  INCLUDED         _index.md  (sha256 589d24282970)
  INCLUDED         ProjectDesign_Decisions_v2.md  (sha256 0a07a453c42c)
  INCLUDED         ProjectDesign_Design_v2.md  (sha256 80a739c74e04)
  INCLUDED         ProjectDesign_Schema_Standard_v1.md  (sha256 b3f80cfe062f)
  INCLUDED         ProjectDesign_Standard_v3.md  (sha256 fd5ac0fd7efc)

[Standards]
  INCLUDED         _index.md  (sha256 3bd4678a60c0)
  INCLUDED         Standards_Authoring_Standard_v6.md  (sha256 68bb3fcf5bd5)
  INCLUDED         Standards_Consumption_Standard_v2.md  (sha256 b340d11315e3)
  INCLUDED         Standards_Decisions_v3.md  (sha256 370e69972777)
  INCLUDED         Standards_Design_v3.md  (sha256 4a6a79a3a0f1)
  INCLUDED         Standards_Working_v1.md  (sha256 9677537477ab)

[Tools]
  INCLUDED         _index.md  (sha256 7bb05b130edc)
  INCLUDED         Tools_Authoring_Standard_v4.md  (sha256 497b9d3b918c)
  INCLUDED         Tools_Decisions_v4.md  (sha256 8ce74a49af55)
  INCLUDED         Tools_Design_v3.md  (sha256 70dee72bc66c)

[Working Practices]
  INCLUDED         _index.md  (sha256 f1d40d14c547)
  INCLUDED         WP_Capture_Working_v1.md  (sha256 54171d4dea8b)
  INCLUDED         WP_ContentDelivery_Working_v1.md  (sha256 6b858ff04f50)
  INCLUDED         WP_WorkManagement_Working_v1.md  (sha256 59a0bba2401c)

[Working Practices\FileOps]
  INCLUDED         WP_FileOps_Working_v1.md  (sha256 f2ffcdd7c76f)

[_binder]
  DELETED          AIDE_Documentation_Binder_v49.md
  WRITTEN          AIDE_Documentation_Binder_v50.md  (69 files, 669486 bytes)

[_rebuild]
  INCLUDED         AIDE_Component_PurposeLines_v2.md  (sha256 b1836489f28b)
  INCLUDED         AIDE_Rebuild_Guide_v1.md  (sha256 01ceb45e507b)
  INCLUDED         AIDE_Rebuild_Overview_v1.md  (sha256 5a65c44f5991)
  INCLUDED         AIDE_Rebuild_SettledDecisions_v1.md  (sha256 33593102e982)
  INCLUDED         ProjectDesign_Decisions_Pending_v1.md  (sha256 647aacf4c1ad)
  INCLUDED         ProjectDesign_Design_Pending_v1.md  (sha256 587bc4c6165f)
  INCLUDED         ProjectDesign_StandardInputs_Pending_v1.md  (sha256 710b74bb0958)
  INCLUDED         ProjectDesign_WorkRegister_Pending_v1.md  (sha256 638ebbfb6eef)
  SKIPPED          AIDE_DesignApproach_WIP_v1.md: matches exclude_files pattern "*_WIP_*"
  SKIPPED          AIDE_Rebuild_WIP_v24.md: matches exclude_files pattern "*_WIP_*"

------------------------------------------------------------------------
Result: 69 included, 3 skipped, 1 written, 1 deleted
========================================================================

========================================================================
binder builder   2026-09-14 22:05:25   LIVE
binder:   AIDE_Documentation
root:     C:\Users\david\dev\repos\DigitalBusiness-AIDE\Documentation
settings: C:\Users\david\dev\repos\DigitalBusiness-AIDE\Documentation\_aide\utilities\binder-builder\binder_builder_AIDE_Documentation_settings.json
include:  ~/_rebuild
folders collected from: 14
change detection: AIDE_Documentation_Binder_v50.md: 12 changed (Core/Core_Schema_Standard_v1.md, Infrastructure/binder-builder/BinderBuilder_Design_v10.md, Infrastructure/binder-builder/README.md, and 9 more) - rebuilding
------------------------------------------------------------------------

[.]
  INCLUDED         AIDE_Solution_Map.md  (sha256 3c2294f7ae2b)
  SKIPPED          AIDE_Documentation_WIP_v7.md: matches exclude_files pattern "*_WIP_*"

[Core]
  INCLUDED         _index.md  (sha256 d177f77812eb)
  INCLUDED         Core_AIDEMap.md  (sha256 e3b0c44298fc)
  INCLUDED         Core_AIDEMap.yaml  (sha256 a3f651bdb590)
  INCLUDED         Core_AIDEPrinciples_Decisions_v1.md  (sha256 655de3e64709)
  INCLUDED         Core_AIDEPrinciples_Design_v1.md  (sha256 60e20e8d0b9d)
  INCLUDED         Core_Brief_v1.md  (sha256 6c2e6280ea89)
  INCLUDED         Core_Charter_v1.md  (sha256 3e5f5332b783)
  INCLUDED         Core_Design_Documentation_Working_v1.md  (sha256 b2999c523397)
  INCLUDED         Core_Schema_Standard_v1.md  (sha256 0c811d1e1a04)
  INCLUDED         Core_Structure_Decisions_v1.md  (sha256 2217f6768b89)
  INCLUDED         Core_Structure_Design_v1.md  (sha256 f464dc43de50)
  INCLUDED         Core_Tags_Working_v1.md  (sha256 ae6557378adf)
  INCLUDED         Core_Working_v1.md  (sha256 9808a331b339)

[Documentation Methodology]
  INCLUDED         _index.md  (sha256 c3441fd9e4b4)
  INCLUDED         DocMeth_Brief_v1.md  (sha256 60c5cf3f5d79)
  INCLUDED         DocMeth_Decisions_v7.md  (sha256 15daf15e27ef)
  INCLUDED         DocMeth_Design_v6.md  (sha256 8b5d6a24a5d7)
  INCLUDED         DocMeth_SchemaAuthoring_Standard_Draft.md  (sha256 24a2532f370c)
  INCLUDED         DocMeth_SchemaDefinitions_Standard_Draft.md  (sha256 d8757a5dbcdf)
  INCLUDED         DocMeth_Standard_Draft.md  (sha256 5847d0b42534)
  INCLUDED         DocMeth_Working_v9.md  (sha256 952a2287d1d0)
  INCLUDED         DocumentationMethodology_SchemaAuthoring_Standard_v1.md  (sha256 37a837a65cb3)
  INCLUDED         DocumentationMethodology_SchemaDefinitions_Standard_v1.md  (sha256 8098d9714c57)
  INCLUDED         DocumentationMethodology_Standard_v1.md  (sha256 8301aa2a0395)

[Infrastructure]
  INCLUDED         _index.md  (sha256 fb736219786c)
  INCLUDED         Infrastructure_CLI_Decisions_v1.md  (sha256 7a16726b5162)
  INCLUDED         Infrastructure_CLI_Design_v1.md  (sha256 12e05744ff4a)
  INCLUDED         Infrastructure_Working_v1.md  (sha256 1d7a11e25a57)

[Infrastructure\binder-builder]
  INCLUDED         binder_builder_Documentation_settings.json  (sha256 b9b89306305b)
  INCLUDED         BinderBuilder_Design_v10.md  (sha256 07a3284570d1)
  INCLUDED         README.md  (sha256 9c905047ab5a)

[Infrastructure\file-update-package]
  INCLUDED         file_update_package_settings.json  (sha256 15617061295c)
  INCLUDED         FileUpdatePackage_Design_v2.md  (sha256 142b729606f8)
  INCLUDED         README.md  (sha256 83ef50399eb5)

[Infrastructure\version-cleanup]
  INCLUDED         README.md  (sha256 307a43363adb)
  INCLUDED         version_cleanup_settings.json  (sha256 c17e9142e485)
  INCLUDED         VersionCleanup_Design_v3.md  (sha256 329d08514ab2)

[Principles]
  INCLUDED         Principles_Decisions_v4.md  (sha256 2c31c26b5c66)
  INCLUDED         Principles_Design_v4.md  (sha256 4bd5797d3d2e)
  INCLUDED         Principles_Standard_v1.md  (sha256 3ffe60875e5c)

[Project Design]
  INCLUDED         _index.md  (sha256 589d24282970)
  INCLUDED         ProjectDesign_Decisions_v2.md  (sha256 0a07a453c42c)
  INCLUDED         ProjectDesign_Design_v2.md  (sha256 80a739c74e04)
  INCLUDED         ProjectDesign_Schema_Standard_v1.md  (sha256 23316ba5d013)
  INCLUDED         ProjectDesign_Standard_v3.md  (sha256 523e786fb89e)

[Standards]
  INCLUDED         _index.md  (sha256 3bd4678a60c0)
  INCLUDED         Standards_Authoring_Standard_v6.md  (sha256 68bb3fcf5bd5)
  INCLUDED         Standards_Consumption_Standard_v2.md  (sha256 71e817bb117e)
  INCLUDED         Standards_Decisions_v3.md  (sha256 370e69972777)
  INCLUDED         Standards_Design_v3.md  (sha256 4a6a79a3a0f1)
  INCLUDED         Standards_Working_v1.md  (sha256 9677537477ab)

[Tools]
  INCLUDED         _index.md  (sha256 7bb05b130edc)
  INCLUDED         Tools_Authoring_Standard_v4.md  (sha256 79fc8f202ddf)
  INCLUDED         Tools_Decisions_v4.md  (sha256 8ce74a49af55)
  INCLUDED         Tools_Design_v3.md  (sha256 70dee72bc66c)

[Working Practices]
  INCLUDED         _index.md  (sha256 f1d40d14c547)
  INCLUDED         WP_Capture_Working_v1.md  (sha256 54171d4dea8b)
  INCLUDED         WP_ContentDelivery_Working_v1.md  (sha256 6b858ff04f50)
  INCLUDED         WP_WorkManagement_Working_v1.md  (sha256 59a0bba2401c)

[Working Practices\FileOps]
  INCLUDED         WP_FileOps_Working_v1.md  (sha256 f2ffcdd7c76f)

[_binder]
  DELETED          AIDE_Documentation_Binder_v50.md
  WRITTEN          AIDE_Documentation_Binder_v51.md  (69 files, 668625 bytes)

[_rebuild]
  INCLUDED         AIDE_Component_PurposeLines_v2.md  (sha256 b1836489f28b)
  INCLUDED         AIDE_Rebuild_Guide_v1.md  (sha256 01ceb45e507b)
  INCLUDED         AIDE_Rebuild_Overview_v1.md  (sha256 5a65c44f5991)
  INCLUDED         AIDE_Rebuild_SettledDecisions_v1.md  (sha256 33593102e982)
  INCLUDED         ProjectDesign_Decisions_Pending_v1.md  (sha256 647aacf4c1ad)
  INCLUDED         ProjectDesign_Design_Pending_v1.md  (sha256 587bc4c6165f)
  INCLUDED         ProjectDesign_StandardInputs_Pending_v1.md  (sha256 710b74bb0958)
  INCLUDED         ProjectDesign_WorkRegister_Pending_v1.md  (sha256 638ebbfb6eef)
  SKIPPED          AIDE_DesignApproach_WIP_v1.md: matches exclude_files pattern "*_WIP_*"
  SKIPPED          AIDE_Rebuild_WIP_v24.md: matches exclude_files pattern "*_WIP_*"

------------------------------------------------------------------------
Result: 69 included, 3 skipped, 1 written, 1 deleted
========================================================================

========================================================================
binder builder   2026-09-14 22:38:18   LIVE
binder:   AIDE_Documentation
root:     C:\Users\david\dev\repos\DigitalBusiness-AIDE\Documentation
settings: C:\Users\david\dev\repos\DigitalBusiness-AIDE\Documentation\_aide\utilities\binder-builder\binder_builder_AIDE_Documentation_settings.json
include:  ~/_rebuild
folders collected from: 14
change detection: AIDE_Documentation_Binder_v51.md: 3 added, 3 removed (Project Design/ProjectDesign_Decisions_v3.md, Project Design/ProjectDesign_Design_v3.md, Project Design/ProjectDesign_Standard_v4.md, and 3 more) - rebuilding
------------------------------------------------------------------------

[.]
  INCLUDED         AIDE_Solution_Map.md  (sha256 3c2294f7ae2b)
  SKIPPED          AIDE_Documentation_WIP_v7.md: matches exclude_files pattern "*_WIP_*"

[Core]
  INCLUDED         _index.md  (sha256 d177f77812eb)
  INCLUDED         Core_AIDEMap.md  (sha256 e3b0c44298fc)
  INCLUDED         Core_AIDEMap.yaml  (sha256 a3f651bdb590)
  INCLUDED         Core_AIDEPrinciples_Decisions_v1.md  (sha256 655de3e64709)
  INCLUDED         Core_AIDEPrinciples_Design_v1.md  (sha256 60e20e8d0b9d)
  INCLUDED         Core_Brief_v1.md  (sha256 6c2e6280ea89)
  INCLUDED         Core_Charter_v1.md  (sha256 3e5f5332b783)
  INCLUDED         Core_Design_Documentation_Working_v1.md  (sha256 b2999c523397)
  INCLUDED         Core_Schema_Standard_v1.md  (sha256 0c811d1e1a04)
  INCLUDED         Core_Structure_Decisions_v1.md  (sha256 2217f6768b89)
  INCLUDED         Core_Structure_Design_v1.md  (sha256 f464dc43de50)
  INCLUDED         Core_Tags_Working_v1.md  (sha256 ae6557378adf)
  INCLUDED         Core_Working_v1.md  (sha256 9808a331b339)

[Documentation Methodology]
  INCLUDED         _index.md  (sha256 c3441fd9e4b4)
  INCLUDED         DocMeth_Brief_v1.md  (sha256 60c5cf3f5d79)
  INCLUDED         DocMeth_Decisions_v7.md  (sha256 15daf15e27ef)
  INCLUDED         DocMeth_Design_v6.md  (sha256 8b5d6a24a5d7)
  INCLUDED         DocMeth_SchemaAuthoring_Standard_Draft.md  (sha256 24a2532f370c)
  INCLUDED         DocMeth_SchemaDefinitions_Standard_Draft.md  (sha256 d8757a5dbcdf)
  INCLUDED         DocMeth_Standard_Draft.md  (sha256 5847d0b42534)
  INCLUDED         DocMeth_Working_v9.md  (sha256 952a2287d1d0)
  INCLUDED         DocumentationMethodology_SchemaAuthoring_Standard_v1.md  (sha256 37a837a65cb3)
  INCLUDED         DocumentationMethodology_SchemaDefinitions_Standard_v1.md  (sha256 8098d9714c57)
  INCLUDED         DocumentationMethodology_Standard_v1.md  (sha256 8301aa2a0395)

[Infrastructure]
  INCLUDED         _index.md  (sha256 fb736219786c)
  INCLUDED         Infrastructure_CLI_Decisions_v1.md  (sha256 7a16726b5162)
  INCLUDED         Infrastructure_CLI_Design_v1.md  (sha256 12e05744ff4a)
  INCLUDED         Infrastructure_Working_v1.md  (sha256 1d7a11e25a57)

[Infrastructure\binder-builder]
  INCLUDED         binder_builder_Documentation_settings.json  (sha256 b9b89306305b)
  INCLUDED         BinderBuilder_Design_v10.md  (sha256 07a3284570d1)
  INCLUDED         README.md  (sha256 9c905047ab5a)

[Infrastructure\file-update-package]
  INCLUDED         file_update_package_settings.json  (sha256 15617061295c)
  INCLUDED         FileUpdatePackage_Design_v2.md  (sha256 142b729606f8)
  INCLUDED         README.md  (sha256 83ef50399eb5)

[Infrastructure\version-cleanup]
  INCLUDED         README.md  (sha256 307a43363adb)
  INCLUDED         version_cleanup_settings.json  (sha256 c17e9142e485)
  INCLUDED         VersionCleanup_Design_v3.md  (sha256 329d08514ab2)

[Principles]
  INCLUDED         Principles_Decisions_v4.md  (sha256 2c31c26b5c66)
  INCLUDED         Principles_Design_v4.md  (sha256 4bd5797d3d2e)
  INCLUDED         Principles_Standard_v1.md  (sha256 3ffe60875e5c)

[Project Design]
  INCLUDED         _index.md  (sha256 589d24282970)
  INCLUDED         ProjectDesign_Decisions_v3.md  (sha256 bf46cd41252b)
  INCLUDED         ProjectDesign_Design_v3.md  (sha256 1c207128551b)
  INCLUDED         ProjectDesign_Schema_Standard_v1.md  (sha256 23316ba5d013)
  INCLUDED         ProjectDesign_Standard_v4.md  (sha256 9f0d29d659e1)

[Standards]
  INCLUDED         _index.md  (sha256 3bd4678a60c0)
  INCLUDED         Standards_Authoring_Standard_v6.md  (sha256 68bb3fcf5bd5)
  INCLUDED         Standards_Consumption_Standard_v2.md  (sha256 71e817bb117e)
  INCLUDED         Standards_Decisions_v3.md  (sha256 370e69972777)
  INCLUDED         Standards_Design_v3.md  (sha256 4a6a79a3a0f1)
  INCLUDED         Standards_Working_v1.md  (sha256 9677537477ab)

[Tools]
  INCLUDED         _index.md  (sha256 7bb05b130edc)
  INCLUDED         Tools_Authoring_Standard_v4.md  (sha256 79fc8f202ddf)
  INCLUDED         Tools_Decisions_v4.md  (sha256 8ce74a49af55)
  INCLUDED         Tools_Design_v3.md  (sha256 70dee72bc66c)

[Working Practices]
  INCLUDED         _index.md  (sha256 f1d40d14c547)
  INCLUDED         WP_Capture_Working_v1.md  (sha256 54171d4dea8b)
  INCLUDED         WP_ContentDelivery_Working_v1.md  (sha256 6b858ff04f50)
  INCLUDED         WP_WorkManagement_Working_v1.md  (sha256 59a0bba2401c)

[Working Practices\FileOps]
  INCLUDED         WP_FileOps_Working_v1.md  (sha256 f2ffcdd7c76f)

[_binder]
  DELETED          AIDE_Documentation_Binder_v51.md
  WRITTEN          AIDE_Documentation_Binder_v52.md  (69 files, 684570 bytes)

[_rebuild]
  INCLUDED         AIDE_Component_PurposeLines_v2.md  (sha256 b1836489f28b)
  INCLUDED         AIDE_Rebuild_Guide_v1.md  (sha256 01ceb45e507b)
  INCLUDED         AIDE_Rebuild_Overview_v1.md  (sha256 5a65c44f5991)
  INCLUDED         AIDE_Rebuild_SettledDecisions_v1.md  (sha256 33593102e982)
  INCLUDED         ProjectDesign_Decisions_Pending_v1.md  (sha256 647aacf4c1ad)
  INCLUDED         ProjectDesign_Design_Pending_v1.md  (sha256 587bc4c6165f)
  INCLUDED         ProjectDesign_StandardInputs_Pending_v1.md  (sha256 710b74bb0958)
  INCLUDED         ProjectDesign_WorkRegister_Pending_v1.md  (sha256 638ebbfb6eef)
  SKIPPED          AIDE_DesignApproach_WIP_v1.md: matches exclude_files pattern "*_WIP_*"
  SKIPPED          AIDE_Rebuild_WIP_v24.md: matches exclude_files pattern "*_WIP_*"

------------------------------------------------------------------------
Result: 69 included, 3 skipped, 1 written, 1 deleted
========================================================================

========================================================================
binder builder   2026-09-14 23:14:21   LIVE
binder:   AIDE_Documentation
root:     C:\Users\david\dev\repos\DigitalBusiness-AIDE\Documentation
settings: C:\Users\david\dev\repos\DigitalBusiness-AIDE\Documentation\_aide\utilities\binder-builder\binder_builder_AIDE_Documentation_settings.json
include:  ~/_rebuild
folders collected from: 14
change detection: AIDE_Documentation_Binder_v52.md: 1 added, 1 removed (Standards/Standards_Authoring_Standard_v7.md, Standards/Standards_Authoring_Standard_v6.md) - rebuilding
------------------------------------------------------------------------

[.]
  INCLUDED         AIDE_Solution_Map.md  (sha256 3c2294f7ae2b)
  SKIPPED          AIDE_Documentation_WIP_v7.md: matches exclude_files pattern "*_WIP_*"

[Core]
  INCLUDED         _index.md  (sha256 d177f77812eb)
  INCLUDED         Core_AIDEMap.md  (sha256 e3b0c44298fc)
  INCLUDED         Core_AIDEMap.yaml  (sha256 a3f651bdb590)
  INCLUDED         Core_AIDEPrinciples_Decisions_v1.md  (sha256 655de3e64709)
  INCLUDED         Core_AIDEPrinciples_Design_v1.md  (sha256 60e20e8d0b9d)
  INCLUDED         Core_Brief_v1.md  (sha256 6c2e6280ea89)
  INCLUDED         Core_Charter_v1.md  (sha256 3e5f5332b783)
  INCLUDED         Core_Design_Documentation_Working_v1.md  (sha256 b2999c523397)
  INCLUDED         Core_Schema_Standard_v1.md  (sha256 0c811d1e1a04)
  INCLUDED         Core_Structure_Decisions_v1.md  (sha256 2217f6768b89)
  INCLUDED         Core_Structure_Design_v1.md  (sha256 f464dc43de50)
  INCLUDED         Core_Tags_Working_v1.md  (sha256 ae6557378adf)
  INCLUDED         Core_Working_v1.md  (sha256 9808a331b339)

[Documentation Methodology]
  INCLUDED         _index.md  (sha256 c3441fd9e4b4)
  INCLUDED         DocMeth_Brief_v1.md  (sha256 60c5cf3f5d79)
  INCLUDED         DocMeth_Decisions_v7.md  (sha256 15daf15e27ef)
  INCLUDED         DocMeth_Design_v6.md  (sha256 8b5d6a24a5d7)
  INCLUDED         DocMeth_SchemaAuthoring_Standard_Draft.md  (sha256 24a2532f370c)
  INCLUDED         DocMeth_SchemaDefinitions_Standard_Draft.md  (sha256 d8757a5dbcdf)
  INCLUDED         DocMeth_Standard_Draft.md  (sha256 5847d0b42534)
  INCLUDED         DocMeth_Working_v9.md  (sha256 952a2287d1d0)
  INCLUDED         DocumentationMethodology_SchemaAuthoring_Standard_v1.md  (sha256 37a837a65cb3)
  INCLUDED         DocumentationMethodology_SchemaDefinitions_Standard_v1.md  (sha256 8098d9714c57)
  INCLUDED         DocumentationMethodology_Standard_v1.md  (sha256 8301aa2a0395)

[Infrastructure]
  INCLUDED         _index.md  (sha256 fb736219786c)
  INCLUDED         Infrastructure_CLI_Decisions_v1.md  (sha256 7a16726b5162)
  INCLUDED         Infrastructure_CLI_Design_v1.md  (sha256 12e05744ff4a)
  INCLUDED         Infrastructure_Working_v1.md  (sha256 1d7a11e25a57)

[Infrastructure\binder-builder]
  INCLUDED         binder_builder_Documentation_settings.json  (sha256 b9b89306305b)
  INCLUDED         BinderBuilder_Design_v10.md  (sha256 07a3284570d1)
  INCLUDED         README.md  (sha256 9c905047ab5a)

[Infrastructure\file-update-package]
  INCLUDED         file_update_package_settings.json  (sha256 15617061295c)
  INCLUDED         FileUpdatePackage_Design_v2.md  (sha256 142b729606f8)
  INCLUDED         README.md  (sha256 83ef50399eb5)

[Infrastructure\version-cleanup]
  INCLUDED         README.md  (sha256 307a43363adb)
  INCLUDED         version_cleanup_settings.json  (sha256 c17e9142e485)
  INCLUDED         VersionCleanup_Design_v3.md  (sha256 329d08514ab2)

[Principles]
  INCLUDED         Principles_Decisions_v4.md  (sha256 2c31c26b5c66)
  INCLUDED         Principles_Design_v4.md  (sha256 4bd5797d3d2e)
  INCLUDED         Principles_Standard_v1.md  (sha256 3ffe60875e5c)

[Project Design]
  INCLUDED         _index.md  (sha256 589d24282970)
  INCLUDED         ProjectDesign_Decisions_v3.md  (sha256 bf46cd41252b)
  INCLUDED         ProjectDesign_Design_v3.md  (sha256 1c207128551b)
  INCLUDED         ProjectDesign_Schema_Standard_v1.md  (sha256 23316ba5d013)
  INCLUDED         ProjectDesign_Standard_v4.md  (sha256 9f0d29d659e1)

[Standards]
  INCLUDED         _index.md  (sha256 3bd4678a60c0)
  INCLUDED         Standards_Authoring_Standard_v7.md  (sha256 e289d09dd907)
  INCLUDED         Standards_Consumption_Standard_v2.md  (sha256 71e817bb117e)
  INCLUDED         Standards_Decisions_v3.md  (sha256 370e69972777)
  INCLUDED         Standards_Design_v3.md  (sha256 4a6a79a3a0f1)
  INCLUDED         Standards_Working_v1.md  (sha256 9677537477ab)

[Tools]
  INCLUDED         _index.md  (sha256 7bb05b130edc)
  INCLUDED         Tools_Authoring_Standard_v4.md  (sha256 79fc8f202ddf)
  INCLUDED         Tools_Decisions_v4.md  (sha256 8ce74a49af55)
  INCLUDED         Tools_Design_v3.md  (sha256 70dee72bc66c)

[Working Practices]
  INCLUDED         _index.md  (sha256 f1d40d14c547)
  INCLUDED         WP_Capture_Working_v1.md  (sha256 54171d4dea8b)
  INCLUDED         WP_ContentDelivery_Working_v1.md  (sha256 6b858ff04f50)
  INCLUDED         WP_WorkManagement_Working_v1.md  (sha256 59a0bba2401c)

[Working Practices\FileOps]
  INCLUDED         WP_FileOps_Working_v1.md  (sha256 f2ffcdd7c76f)

[_binder]
  DELETED          AIDE_Documentation_Binder_v52.md
  WRITTEN          AIDE_Documentation_Binder_v53.md  (69 files, 684635 bytes)

[_rebuild]
  INCLUDED         AIDE_Component_PurposeLines_v2.md  (sha256 b1836489f28b)
  INCLUDED         AIDE_Rebuild_Guide_v1.md  (sha256 01ceb45e507b)
  INCLUDED         AIDE_Rebuild_Overview_v1.md  (sha256 5a65c44f5991)
  INCLUDED         AIDE_Rebuild_SettledDecisions_v1.md  (sha256 33593102e982)
  INCLUDED         ProjectDesign_Decisions_Pending_v1.md  (sha256 647aacf4c1ad)
  INCLUDED         ProjectDesign_Design_Pending_v1.md  (sha256 587bc4c6165f)
  INCLUDED         ProjectDesign_StandardInputs_Pending_v1.md  (sha256 710b74bb0958)
  INCLUDED         ProjectDesign_WorkRegister_Pending_v1.md  (sha256 638ebbfb6eef)
  SKIPPED          AIDE_DesignApproach_WIP_v1.md: matches exclude_files pattern "*_WIP_*"
  SKIPPED          AIDE_Rebuild_WIP_v24.md: matches exclude_files pattern "*_WIP_*"

------------------------------------------------------------------------
Result: 69 included, 3 skipped, 1 written, 1 deleted
========================================================================

========================================================================
binder builder   2026-09-14 23:15:57   LIVE
binder:   AIDE_Documentation
root:     C:\Users\david\dev\repos\DigitalBusiness-AIDE\Documentation
settings: C:\Users\david\dev\repos\DigitalBusiness-AIDE\Documentation\_aide\utilities\binder-builder\binder_builder_AIDE_Documentation_settings.json
include:  ~/_rebuild
folders collected from: 14
change detection: AIDE_Documentation_Binder_v53.md: 3 changed (Project Design/ProjectDesign_Decisions_v3.md, Project Design/ProjectDesign_Design_v3.md, Project Design/ProjectDesign_Standard_v4.md) - rebuilding
------------------------------------------------------------------------

[.]
  INCLUDED         AIDE_Solution_Map.md  (sha256 3c2294f7ae2b)
  SKIPPED          AIDE_Documentation_WIP_v7.md: matches exclude_files pattern "*_WIP_*"

[Core]
  INCLUDED         _index.md  (sha256 d177f77812eb)
  INCLUDED         Core_AIDEMap.md  (sha256 e3b0c44298fc)
  INCLUDED         Core_AIDEMap.yaml  (sha256 a3f651bdb590)
  INCLUDED         Core_AIDEPrinciples_Decisions_v1.md  (sha256 655de3e64709)
  INCLUDED         Core_AIDEPrinciples_Design_v1.md  (sha256 60e20e8d0b9d)
  INCLUDED         Core_Brief_v1.md  (sha256 6c2e6280ea89)
  INCLUDED         Core_Charter_v1.md  (sha256 3e5f5332b783)
  INCLUDED         Core_Design_Documentation_Working_v1.md  (sha256 b2999c523397)
  INCLUDED         Core_Schema_Standard_v1.md  (sha256 0c811d1e1a04)
  INCLUDED         Core_Structure_Decisions_v1.md  (sha256 2217f6768b89)
  INCLUDED         Core_Structure_Design_v1.md  (sha256 f464dc43de50)
  INCLUDED         Core_Tags_Working_v1.md  (sha256 ae6557378adf)
  INCLUDED         Core_Working_v1.md  (sha256 9808a331b339)

[Documentation Methodology]
  INCLUDED         _index.md  (sha256 c3441fd9e4b4)
  INCLUDED         DocMeth_Brief_v1.md  (sha256 60c5cf3f5d79)
  INCLUDED         DocMeth_Decisions_v7.md  (sha256 15daf15e27ef)
  INCLUDED         DocMeth_Design_v6.md  (sha256 8b5d6a24a5d7)
  INCLUDED         DocMeth_SchemaAuthoring_Standard_Draft.md  (sha256 24a2532f370c)
  INCLUDED         DocMeth_SchemaDefinitions_Standard_Draft.md  (sha256 d8757a5dbcdf)
  INCLUDED         DocMeth_Standard_Draft.md  (sha256 5847d0b42534)
  INCLUDED         DocMeth_Working_v9.md  (sha256 952a2287d1d0)
  INCLUDED         DocumentationMethodology_SchemaAuthoring_Standard_v1.md  (sha256 37a837a65cb3)
  INCLUDED         DocumentationMethodology_SchemaDefinitions_Standard_v1.md  (sha256 8098d9714c57)
  INCLUDED         DocumentationMethodology_Standard_v1.md  (sha256 8301aa2a0395)

[Infrastructure]
  INCLUDED         _index.md  (sha256 fb736219786c)
  INCLUDED         Infrastructure_CLI_Decisions_v1.md  (sha256 7a16726b5162)
  INCLUDED         Infrastructure_CLI_Design_v1.md  (sha256 12e05744ff4a)
  INCLUDED         Infrastructure_Working_v1.md  (sha256 1d7a11e25a57)

[Infrastructure\binder-builder]
  INCLUDED         binder_builder_Documentation_settings.json  (sha256 b9b89306305b)
  INCLUDED         BinderBuilder_Design_v10.md  (sha256 07a3284570d1)
  INCLUDED         README.md  (sha256 9c905047ab5a)

[Infrastructure\file-update-package]
  INCLUDED         file_update_package_settings.json  (sha256 15617061295c)
  INCLUDED         FileUpdatePackage_Design_v2.md  (sha256 142b729606f8)
  INCLUDED         README.md  (sha256 83ef50399eb5)

[Infrastructure\version-cleanup]
  INCLUDED         README.md  (sha256 307a43363adb)
  INCLUDED         version_cleanup_settings.json  (sha256 c17e9142e485)
  INCLUDED         VersionCleanup_Design_v3.md  (sha256 329d08514ab2)

[Principles]
  INCLUDED         Principles_Decisions_v4.md  (sha256 2c31c26b5c66)
  INCLUDED         Principles_Design_v4.md  (sha256 4bd5797d3d2e)
  INCLUDED         Principles_Standard_v1.md  (sha256 3ffe60875e5c)

[Project Design]
  INCLUDED         _index.md  (sha256 589d24282970)
  INCLUDED         ProjectDesign_Decisions_v3.md  (sha256 61029b610785)
  INCLUDED         ProjectDesign_Design_v3.md  (sha256 845df7d3ba79)
  INCLUDED         ProjectDesign_Schema_Standard_v1.md  (sha256 23316ba5d013)
  INCLUDED         ProjectDesign_Standard_v4.md  (sha256 df3c448516ae)

[Standards]
  INCLUDED         _index.md  (sha256 3bd4678a60c0)
  INCLUDED         Standards_Authoring_Standard_v7.md  (sha256 e289d09dd907)
  INCLUDED         Standards_Consumption_Standard_v2.md  (sha256 71e817bb117e)
  INCLUDED         Standards_Decisions_v3.md  (sha256 370e69972777)
  INCLUDED         Standards_Design_v3.md  (sha256 4a6a79a3a0f1)
  INCLUDED         Standards_Working_v1.md  (sha256 9677537477ab)

[Tools]
  INCLUDED         _index.md  (sha256 7bb05b130edc)
  INCLUDED         Tools_Authoring_Standard_v4.md  (sha256 79fc8f202ddf)
  INCLUDED         Tools_Decisions_v4.md  (sha256 8ce74a49af55)
  INCLUDED         Tools_Design_v3.md  (sha256 70dee72bc66c)

[Working Practices]
  INCLUDED         _index.md  (sha256 f1d40d14c547)
  INCLUDED         WP_Capture_Working_v1.md  (sha256 54171d4dea8b)
  INCLUDED         WP_ContentDelivery_Working_v1.md  (sha256 6b858ff04f50)
  INCLUDED         WP_WorkManagement_Working_v1.md  (sha256 59a0bba2401c)

[Working Practices\FileOps]
  INCLUDED         WP_FileOps_Working_v1.md  (sha256 f2ffcdd7c76f)

[_binder]
  DELETED          AIDE_Documentation_Binder_v53.md
  WRITTEN          AIDE_Documentation_Binder_v54.md  (69 files, 686403 bytes)

[_rebuild]
  INCLUDED         AIDE_Component_PurposeLines_v2.md  (sha256 b1836489f28b)
  INCLUDED         AIDE_Rebuild_Guide_v1.md  (sha256 01ceb45e507b)
  INCLUDED         AIDE_Rebuild_Overview_v1.md  (sha256 5a65c44f5991)
  INCLUDED         AIDE_Rebuild_SettledDecisions_v1.md  (sha256 33593102e982)
  INCLUDED         ProjectDesign_Decisions_Pending_v1.md  (sha256 647aacf4c1ad)
  INCLUDED         ProjectDesign_Design_Pending_v1.md  (sha256 587bc4c6165f)
  INCLUDED         ProjectDesign_StandardInputs_Pending_v1.md  (sha256 710b74bb0958)
  INCLUDED         ProjectDesign_WorkRegister_Pending_v1.md  (sha256 638ebbfb6eef)
  SKIPPED          AIDE_DesignApproach_WIP_v1.md: matches exclude_files pattern "*_WIP_*"
  SKIPPED          AIDE_Rebuild_WIP_v24.md: matches exclude_files pattern "*_WIP_*"

------------------------------------------------------------------------
Result: 69 included, 3 skipped, 1 written, 1 deleted
========================================================================

========================================================================
binder builder   2026-09-14 23:51:16   LIVE
binder:   AIDE_Documentation
root:     C:\Users\david\dev\repos\DigitalBusiness-AIDE\Documentation
settings: C:\Users\david\dev\repos\DigitalBusiness-AIDE\Documentation\_aide\utilities\binder-builder\binder_builder_AIDE_Documentation_settings.json
include:  ~/_rebuild
folders collected from: 14
change detection: AIDE_Documentation_Binder_v54.md: 5 added, 5 removed (Core/Core_Schema_Standard_v2.md, Standards/Standards_Consumption_Standard_v3.md, Tools/Tools_Authoring_Standard_v5.md, and 7 more) - rebuilding
------------------------------------------------------------------------

[.]
  INCLUDED         AIDE_Solution_Map.md  (sha256 3c2294f7ae2b)
  SKIPPED          AIDE_Documentation_WIP_v7.md: matches exclude_files pattern "*_WIP_*"

[Core]
  INCLUDED         _index.md  (sha256 d177f77812eb)
  INCLUDED         Core_AIDEMap.md  (sha256 e3b0c44298fc)
  INCLUDED         Core_AIDEMap.yaml  (sha256 a3f651bdb590)
  INCLUDED         Core_AIDEPrinciples_Decisions_v1.md  (sha256 655de3e64709)
  INCLUDED         Core_AIDEPrinciples_Design_v1.md  (sha256 60e20e8d0b9d)
  INCLUDED         Core_Brief_v1.md  (sha256 6c2e6280ea89)
  INCLUDED         Core_Charter_v1.md  (sha256 3e5f5332b783)
  INCLUDED         Core_Design_Documentation_Working_v1.md  (sha256 b2999c523397)
  INCLUDED         Core_Schema_Standard_v2.md  (sha256 eeaa611b2058)
  INCLUDED         Core_Structure_Decisions_v1.md  (sha256 2217f6768b89)
  INCLUDED         Core_Structure_Design_v1.md  (sha256 f464dc43de50)
  INCLUDED         Core_Tags_Working_v1.md  (sha256 ae6557378adf)
  INCLUDED         Core_Working_v1.md  (sha256 9808a331b339)

[Documentation Methodology]
  INCLUDED         _index.md  (sha256 c3441fd9e4b4)
  INCLUDED         DocMeth_Brief_v1.md  (sha256 60c5cf3f5d79)
  INCLUDED         DocMeth_Decisions_v7.md  (sha256 15daf15e27ef)
  INCLUDED         DocMeth_Design_v6.md  (sha256 8b5d6a24a5d7)
  INCLUDED         DocMeth_SchemaAuthoring_Standard_Draft.md  (sha256 24a2532f370c)
  INCLUDED         DocMeth_SchemaDefinitions_Standard_Draft.md  (sha256 d8757a5dbcdf)
  INCLUDED         DocMeth_Standard_Draft.md  (sha256 5847d0b42534)
  INCLUDED         DocMeth_Working_v9.md  (sha256 952a2287d1d0)
  INCLUDED         DocumentationMethodology_SchemaAuthoring_Standard_v1.md  (sha256 37a837a65cb3)
  INCLUDED         DocumentationMethodology_SchemaDefinitions_Standard_v1.md  (sha256 8098d9714c57)
  INCLUDED         DocumentationMethodology_Standard_v1.md  (sha256 8301aa2a0395)

[Infrastructure]
  INCLUDED         _index.md  (sha256 fb736219786c)
  INCLUDED         Infrastructure_CLI_Decisions_v1.md  (sha256 7a16726b5162)
  INCLUDED         Infrastructure_CLI_Design_v1.md  (sha256 12e05744ff4a)
  INCLUDED         Infrastructure_Working_v1.md  (sha256 1d7a11e25a57)

[Infrastructure\binder-builder]
  INCLUDED         binder_builder_Documentation_settings.json  (sha256 b9b89306305b)
  INCLUDED         BinderBuilder_Design_v10.md  (sha256 07a3284570d1)
  INCLUDED         README.md  (sha256 9c905047ab5a)

[Infrastructure\file-update-package]
  INCLUDED         file_update_package_settings.json  (sha256 15617061295c)
  INCLUDED         FileUpdatePackage_Design_v2.md  (sha256 142b729606f8)
  INCLUDED         README.md  (sha256 83ef50399eb5)

[Infrastructure\version-cleanup]
  INCLUDED         README.md  (sha256 307a43363adb)
  INCLUDED         version_cleanup_settings.json  (sha256 c17e9142e485)
  INCLUDED         VersionCleanup_Design_v3.md  (sha256 329d08514ab2)

[Principles]
  INCLUDED         Principles_Decisions_v4.md  (sha256 2c31c26b5c66)
  INCLUDED         Principles_Design_v4.md  (sha256 4bd5797d3d2e)
  INCLUDED         Principles_Standard_v1.md  (sha256 3ffe60875e5c)

[Project Design]
  INCLUDED         _index.md  (sha256 589d24282970)
  INCLUDED         ProjectDesign_Decisions_v3.md  (sha256 61029b610785)
  INCLUDED         ProjectDesign_Design_v3.md  (sha256 845df7d3ba79)
  INCLUDED         ProjectDesign_Schema_Standard_v1.md  (sha256 23316ba5d013)
  INCLUDED         ProjectDesign_Standard_v4.md  (sha256 df3c448516ae)

[Standards]
  INCLUDED         _index.md  (sha256 3bd4678a60c0)
  INCLUDED         Standards_Authoring_Standard_v7.md  (sha256 e289d09dd907)
  INCLUDED         Standards_Consumption_Standard_v3.md  (sha256 b801499930ac)
  INCLUDED         Standards_Decisions_v3.md  (sha256 370e69972777)
  INCLUDED         Standards_Design_v3.md  (sha256 4a6a79a3a0f1)
  INCLUDED         Standards_Working_v1.md  (sha256 9677537477ab)

[Tools]
  INCLUDED         _index.md  (sha256 7bb05b130edc)
  INCLUDED         Tools_Authoring_Standard_v5.md  (sha256 fc35d204bf4b)
  INCLUDED         Tools_Decisions_v5.md  (sha256 ed0bf9d44d7f)
  INCLUDED         Tools_Design_v4.md  (sha256 9fc48f58e5b1)

[Working Practices]
  INCLUDED         _index.md  (sha256 f1d40d14c547)
  INCLUDED         WP_Capture_Working_v1.md  (sha256 54171d4dea8b)
  INCLUDED         WP_ContentDelivery_Working_v1.md  (sha256 6b858ff04f50)
  INCLUDED         WP_WorkManagement_Working_v1.md  (sha256 59a0bba2401c)

[Working Practices\FileOps]
  INCLUDED         WP_FileOps_Working_v1.md  (sha256 f2ffcdd7c76f)

[_binder]
  DELETED          AIDE_Documentation_Binder_v54.md
  WRITTEN          AIDE_Documentation_Binder_v55.md  (69 files, 685470 bytes)

[_rebuild]
  INCLUDED         AIDE_Component_PurposeLines_v2.md  (sha256 b1836489f28b)
  INCLUDED         AIDE_Rebuild_Guide_v1.md  (sha256 01ceb45e507b)
  INCLUDED         AIDE_Rebuild_Overview_v1.md  (sha256 5a65c44f5991)
  INCLUDED         AIDE_Rebuild_SettledDecisions_v1.md  (sha256 33593102e982)
  INCLUDED         ProjectDesign_Decisions_Pending_v1.md  (sha256 647aacf4c1ad)
  INCLUDED         ProjectDesign_Design_Pending_v1.md  (sha256 587bc4c6165f)
  INCLUDED         ProjectDesign_StandardInputs_Pending_v1.md  (sha256 710b74bb0958)
  INCLUDED         ProjectDesign_WorkRegister_Pending_v1.md  (sha256 638ebbfb6eef)
  SKIPPED          AIDE_DesignApproach_WIP_v1.md: matches exclude_files pattern "*_WIP_*"
  SKIPPED          AIDE_Rebuild_WIP_v24.md: matches exclude_files pattern "*_WIP_*"

------------------------------------------------------------------------
Result: 69 included, 3 skipped, 1 written, 1 deleted
========================================================================

========================================================================
binder builder   2026-09-14 23:54:28   LIVE
binder:   AIDE_Documentation
root:     C:\Users\david\dev\repos\DigitalBusiness-AIDE\Documentation
settings: C:\Users\david\dev\repos\DigitalBusiness-AIDE\Documentation\_aide\utilities\binder-builder\binder_builder_AIDE_Documentation_settings.json
include:  ~/_rebuild
folders collected from: 14
change detection: AIDE_Documentation_Binder_v55.md: 69 file(s) in scope, all matching the manifest - binder not rebuilt
------------------------------------------------------------------------

[.]
  SKIPPED          AIDE_Documentation_WIP_v8.md: matches exclude_files pattern "*_WIP_*"

[_binder]
  NO CHANGES       no changes detected since AIDE_Documentation_Binder_v55.md; binder not rebuilt

[_rebuild]
  SKIPPED          AIDE_DesignApproach_WIP_v1.md: matches exclude_files pattern "*_WIP_*"
  SKIPPED          AIDE_Rebuild_WIP_v24.md: matches exclude_files pattern "*_WIP_*"

------------------------------------------------------------------------
Result: 3 skipped, 1 no changes
========================================================================

========================================================================
binder builder   2026-09-15 00:11:53   LIVE
binder:   AIDE_Documentation
root:     C:\Users\david\dev\repos\DigitalBusiness-AIDE\Documentation
settings: C:\Users\david\dev\repos\DigitalBusiness-AIDE\Documentation\_aide\utilities\binder-builder\binder_builder_AIDE_Documentation_settings.json
include:  ~/_rebuild
folders collected from: 14
change detection: AIDE_Documentation_Binder_v55.md: 3 added, 3 removed (Tools/Tools_Authoring_Standard_v6.md, Tools/Tools_Decisions_v6.md, Tools/Tools_Design_v5.md, and 3 more) - rebuilding
------------------------------------------------------------------------

[.]
  INCLUDED         AIDE_Solution_Map.md  (sha256 3c2294f7ae2b)
  SKIPPED          AIDE_Documentation_WIP_v8.md: matches exclude_files pattern "*_WIP_*"

[Core]
  INCLUDED         _index.md  (sha256 d177f77812eb)
  INCLUDED         Core_AIDEMap.md  (sha256 e3b0c44298fc)
  INCLUDED         Core_AIDEMap.yaml  (sha256 a3f651bdb590)
  INCLUDED         Core_AIDEPrinciples_Decisions_v1.md  (sha256 655de3e64709)
  INCLUDED         Core_AIDEPrinciples_Design_v1.md  (sha256 60e20e8d0b9d)
  INCLUDED         Core_Brief_v1.md  (sha256 6c2e6280ea89)
  INCLUDED         Core_Charter_v1.md  (sha256 3e5f5332b783)
  INCLUDED         Core_Design_Documentation_Working_v1.md  (sha256 b2999c523397)
  INCLUDED         Core_Schema_Standard_v2.md  (sha256 eeaa611b2058)
  INCLUDED         Core_Structure_Decisions_v1.md  (sha256 2217f6768b89)
  INCLUDED         Core_Structure_Design_v1.md  (sha256 f464dc43de50)
  INCLUDED         Core_Tags_Working_v1.md  (sha256 ae6557378adf)
  INCLUDED         Core_Working_v1.md  (sha256 9808a331b339)

[Documentation Methodology]
  INCLUDED         _index.md  (sha256 c3441fd9e4b4)
  INCLUDED         DocMeth_Brief_v1.md  (sha256 60c5cf3f5d79)
  INCLUDED         DocMeth_Decisions_v7.md  (sha256 15daf15e27ef)
  INCLUDED         DocMeth_Design_v6.md  (sha256 8b5d6a24a5d7)
  INCLUDED         DocMeth_SchemaAuthoring_Standard_Draft.md  (sha256 24a2532f370c)
  INCLUDED         DocMeth_SchemaDefinitions_Standard_Draft.md  (sha256 d8757a5dbcdf)
  INCLUDED         DocMeth_Standard_Draft.md  (sha256 5847d0b42534)
  INCLUDED         DocMeth_Working_v9.md  (sha256 952a2287d1d0)
  INCLUDED         DocumentationMethodology_SchemaAuthoring_Standard_v1.md  (sha256 37a837a65cb3)
  INCLUDED         DocumentationMethodology_SchemaDefinitions_Standard_v1.md  (sha256 8098d9714c57)
  INCLUDED         DocumentationMethodology_Standard_v1.md  (sha256 8301aa2a0395)

[Infrastructure]
  INCLUDED         _index.md  (sha256 fb736219786c)
  INCLUDED         Infrastructure_CLI_Decisions_v1.md  (sha256 7a16726b5162)
  INCLUDED         Infrastructure_CLI_Design_v1.md  (sha256 12e05744ff4a)
  INCLUDED         Infrastructure_Working_v1.md  (sha256 1d7a11e25a57)

[Infrastructure\binder-builder]
  INCLUDED         binder_builder_Documentation_settings.json  (sha256 b9b89306305b)
  INCLUDED         BinderBuilder_Design_v10.md  (sha256 07a3284570d1)
  INCLUDED         README.md  (sha256 9c905047ab5a)

[Infrastructure\file-update-package]
  INCLUDED         file_update_package_settings.json  (sha256 15617061295c)
  INCLUDED         FileUpdatePackage_Design_v2.md  (sha256 142b729606f8)
  INCLUDED         README.md  (sha256 83ef50399eb5)

[Infrastructure\version-cleanup]
  INCLUDED         README.md  (sha256 307a43363adb)
  INCLUDED         version_cleanup_settings.json  (sha256 c17e9142e485)
  INCLUDED         VersionCleanup_Design_v3.md  (sha256 329d08514ab2)

[Principles]
  INCLUDED         Principles_Decisions_v4.md  (sha256 2c31c26b5c66)
  INCLUDED         Principles_Design_v4.md  (sha256 4bd5797d3d2e)
  INCLUDED         Principles_Standard_v1.md  (sha256 3ffe60875e5c)

[Project Design]
  INCLUDED         _index.md  (sha256 589d24282970)
  INCLUDED         ProjectDesign_Decisions_v3.md  (sha256 61029b610785)
  INCLUDED         ProjectDesign_Design_v3.md  (sha256 845df7d3ba79)
  INCLUDED         ProjectDesign_Schema_Standard_v1.md  (sha256 23316ba5d013)
  INCLUDED         ProjectDesign_Standard_v4.md  (sha256 df3c448516ae)

[Standards]
  INCLUDED         _index.md  (sha256 3bd4678a60c0)
  INCLUDED         Standards_Authoring_Standard_v7.md  (sha256 e289d09dd907)
  INCLUDED         Standards_Consumption_Standard_v3.md  (sha256 b801499930ac)
  INCLUDED         Standards_Decisions_v3.md  (sha256 370e69972777)
  INCLUDED         Standards_Design_v3.md  (sha256 4a6a79a3a0f1)
  INCLUDED         Standards_Working_v1.md  (sha256 9677537477ab)

[Tools]
  INCLUDED         _index.md  (sha256 7bb05b130edc)
  INCLUDED         Tools_Authoring_Standard_v6.md  (sha256 ef3dc9399682)
  INCLUDED         Tools_Decisions_v6.md  (sha256 5aa77c3d102b)
  INCLUDED         Tools_Design_v5.md  (sha256 dcb3e2bd56fa)

[Working Practices]
  INCLUDED         _index.md  (sha256 f1d40d14c547)
  INCLUDED         WP_Capture_Working_v1.md  (sha256 54171d4dea8b)
  INCLUDED         WP_ContentDelivery_Working_v1.md  (sha256 6b858ff04f50)
  INCLUDED         WP_WorkManagement_Working_v1.md  (sha256 59a0bba2401c)

[Working Practices\FileOps]
  INCLUDED         WP_FileOps_Working_v1.md  (sha256 f2ffcdd7c76f)

[_binder]
  DELETED          AIDE_Documentation_Binder_v55.md
  WRITTEN          AIDE_Documentation_Binder_v56.md  (69 files, 688475 bytes)

[_rebuild]
  INCLUDED         AIDE_Component_PurposeLines_v2.md  (sha256 b1836489f28b)
  INCLUDED         AIDE_Rebuild_Guide_v1.md  (sha256 01ceb45e507b)
  INCLUDED         AIDE_Rebuild_Overview_v1.md  (sha256 5a65c44f5991)
  INCLUDED         AIDE_Rebuild_SettledDecisions_v1.md  (sha256 33593102e982)
  INCLUDED         ProjectDesign_Decisions_Pending_v1.md  (sha256 647aacf4c1ad)
  INCLUDED         ProjectDesign_Design_Pending_v1.md  (sha256 587bc4c6165f)
  INCLUDED         ProjectDesign_StandardInputs_Pending_v1.md  (sha256 710b74bb0958)
  INCLUDED         ProjectDesign_WorkRegister_Pending_v1.md  (sha256 638ebbfb6eef)
  SKIPPED          AIDE_DesignApproach_WIP_v1.md: matches exclude_files pattern "*_WIP_*"
  SKIPPED          AIDE_Rebuild_WIP_v24.md: matches exclude_files pattern "*_WIP_*"

------------------------------------------------------------------------
Result: 69 included, 3 skipped, 1 written, 1 deleted
========================================================================

========================================================================
binder builder   2026-09-15 00:18:48   LIVE
binder:   AIDE_Documentation
root:     C:\Users\david\dev\repos\DigitalBusiness-AIDE\Documentation
settings: C:\Users\david\dev\repos\DigitalBusiness-AIDE\Documentation\_aide\utilities\binder-builder\binder_builder_AIDE_Documentation_settings.json
include:  ~/_rebuild
folders collected from: 14
change detection: AIDE_Documentation_Binder_v56.md: 3 added (Tools/Tools_Authoring_Standard_v7.md, Tools/Tools_Decisions_v7.md, Tools/Tools_Design_v6.md) - rebuilding
------------------------------------------------------------------------

[.]
  INCLUDED         AIDE_Solution_Map.md  (sha256 3c2294f7ae2b)
  SKIPPED          AIDE_Documentation_WIP_v8.md: matches exclude_files pattern "*_WIP_*"

[Core]
  INCLUDED         _index.md  (sha256 d177f77812eb)
  INCLUDED         Core_AIDEMap.md  (sha256 e3b0c44298fc)
  INCLUDED         Core_AIDEMap.yaml  (sha256 a3f651bdb590)
  INCLUDED         Core_AIDEPrinciples_Decisions_v1.md  (sha256 655de3e64709)
  INCLUDED         Core_AIDEPrinciples_Design_v1.md  (sha256 60e20e8d0b9d)
  INCLUDED         Core_Brief_v1.md  (sha256 6c2e6280ea89)
  INCLUDED         Core_Charter_v1.md  (sha256 3e5f5332b783)
  INCLUDED         Core_Design_Documentation_Working_v1.md  (sha256 b2999c523397)
  INCLUDED         Core_Schema_Standard_v2.md  (sha256 eeaa611b2058)
  INCLUDED         Core_Structure_Decisions_v1.md  (sha256 2217f6768b89)
  INCLUDED         Core_Structure_Design_v1.md  (sha256 f464dc43de50)
  INCLUDED         Core_Tags_Working_v1.md  (sha256 ae6557378adf)
  INCLUDED         Core_Working_v1.md  (sha256 9808a331b339)

[Documentation Methodology]
  INCLUDED         _index.md  (sha256 c3441fd9e4b4)
  INCLUDED         DocMeth_Brief_v1.md  (sha256 60c5cf3f5d79)
  INCLUDED         DocMeth_Decisions_v7.md  (sha256 15daf15e27ef)
  INCLUDED         DocMeth_Design_v6.md  (sha256 8b5d6a24a5d7)
  INCLUDED         DocMeth_SchemaAuthoring_Standard_Draft.md  (sha256 24a2532f370c)
  INCLUDED         DocMeth_SchemaDefinitions_Standard_Draft.md  (sha256 d8757a5dbcdf)
  INCLUDED         DocMeth_Standard_Draft.md  (sha256 5847d0b42534)
  INCLUDED         DocMeth_Working_v9.md  (sha256 952a2287d1d0)
  INCLUDED         DocumentationMethodology_SchemaAuthoring_Standard_v1.md  (sha256 37a837a65cb3)
  INCLUDED         DocumentationMethodology_SchemaDefinitions_Standard_v1.md  (sha256 8098d9714c57)
  INCLUDED         DocumentationMethodology_Standard_v1.md  (sha256 8301aa2a0395)

[Infrastructure]
  INCLUDED         _index.md  (sha256 fb736219786c)
  INCLUDED         Infrastructure_CLI_Decisions_v1.md  (sha256 7a16726b5162)
  INCLUDED         Infrastructure_CLI_Design_v1.md  (sha256 12e05744ff4a)
  INCLUDED         Infrastructure_Working_v1.md  (sha256 1d7a11e25a57)

[Infrastructure\binder-builder]
  INCLUDED         binder_builder_Documentation_settings.json  (sha256 b9b89306305b)
  INCLUDED         BinderBuilder_Design_v10.md  (sha256 07a3284570d1)
  INCLUDED         README.md  (sha256 9c905047ab5a)

[Infrastructure\file-update-package]
  INCLUDED         file_update_package_settings.json  (sha256 15617061295c)
  INCLUDED         FileUpdatePackage_Design_v2.md  (sha256 142b729606f8)
  INCLUDED         README.md  (sha256 83ef50399eb5)

[Infrastructure\version-cleanup]
  INCLUDED         README.md  (sha256 307a43363adb)
  INCLUDED         version_cleanup_settings.json  (sha256 c17e9142e485)
  INCLUDED         VersionCleanup_Design_v3.md  (sha256 329d08514ab2)

[Principles]
  INCLUDED         Principles_Decisions_v4.md  (sha256 2c31c26b5c66)
  INCLUDED         Principles_Design_v4.md  (sha256 4bd5797d3d2e)
  INCLUDED         Principles_Standard_v1.md  (sha256 3ffe60875e5c)

[Project Design]
  INCLUDED         _index.md  (sha256 589d24282970)
  INCLUDED         ProjectDesign_Decisions_v3.md  (sha256 61029b610785)
  INCLUDED         ProjectDesign_Design_v3.md  (sha256 845df7d3ba79)
  INCLUDED         ProjectDesign_Schema_Standard_v1.md  (sha256 23316ba5d013)
  INCLUDED         ProjectDesign_Standard_v4.md  (sha256 df3c448516ae)

[Standards]
  INCLUDED         _index.md  (sha256 3bd4678a60c0)
  INCLUDED         Standards_Authoring_Standard_v7.md  (sha256 e289d09dd907)
  INCLUDED         Standards_Consumption_Standard_v3.md  (sha256 b801499930ac)
  INCLUDED         Standards_Decisions_v3.md  (sha256 370e69972777)
  INCLUDED         Standards_Design_v3.md  (sha256 4a6a79a3a0f1)
  INCLUDED         Standards_Working_v1.md  (sha256 9677537477ab)

[Tools]
  INCLUDED         _index.md  (sha256 7bb05b130edc)
  INCLUDED         Tools_Authoring_Standard_v6.md  (sha256 ef3dc9399682)
  INCLUDED         Tools_Authoring_Standard_v7.md  (sha256 67533aba6562)
  INCLUDED         Tools_Decisions_v6.md  (sha256 5aa77c3d102b)
  INCLUDED         Tools_Decisions_v7.md  (sha256 f83f2411202f)
  INCLUDED         Tools_Design_v5.md  (sha256 dcb3e2bd56fa)
  INCLUDED         Tools_Design_v6.md  (sha256 62b2eb15c979)

[Working Practices]
  INCLUDED         _index.md  (sha256 f1d40d14c547)
  INCLUDED         WP_Capture_Working_v1.md  (sha256 54171d4dea8b)
  INCLUDED         WP_ContentDelivery_Working_v1.md  (sha256 6b858ff04f50)
  INCLUDED         WP_WorkManagement_Working_v1.md  (sha256 59a0bba2401c)

[Working Practices\FileOps]
  INCLUDED         WP_FileOps_Working_v1.md  (sha256 f2ffcdd7c76f)

[_binder]
  DELETED          AIDE_Documentation_Binder_v56.md
  WRITTEN          AIDE_Documentation_Binder_v57.md  (72 files, 722692 bytes)

[_rebuild]
  INCLUDED         AIDE_Component_PurposeLines_v2.md  (sha256 b1836489f28b)
  INCLUDED         AIDE_Rebuild_Guide_v1.md  (sha256 01ceb45e507b)
  INCLUDED         AIDE_Rebuild_Overview_v1.md  (sha256 5a65c44f5991)
  INCLUDED         AIDE_Rebuild_SettledDecisions_v1.md  (sha256 33593102e982)
  INCLUDED         ProjectDesign_Decisions_Pending_v1.md  (sha256 647aacf4c1ad)
  INCLUDED         ProjectDesign_Design_Pending_v1.md  (sha256 587bc4c6165f)
  INCLUDED         ProjectDesign_StandardInputs_Pending_v1.md  (sha256 710b74bb0958)
  INCLUDED         ProjectDesign_WorkRegister_Pending_v1.md  (sha256 638ebbfb6eef)
  SKIPPED          AIDE_DesignApproach_WIP_v1.md: matches exclude_files pattern "*_WIP_*"
  SKIPPED          AIDE_Rebuild_WIP_v24.md: matches exclude_files pattern "*_WIP_*"

------------------------------------------------------------------------
Result: 72 included, 3 skipped, 1 written, 1 deleted
========================================================================

========================================================================
binder builder   2026-09-15 00:19:40   LIVE
binder:   AIDE_Documentation
root:     C:\Users\david\dev\repos\DigitalBusiness-AIDE\Documentation
settings: C:\Users\david\dev\repos\DigitalBusiness-AIDE\Documentation\_aide\utilities\binder-builder\binder_builder_AIDE_Documentation_settings.json
include:  ~/_rebuild
folders collected from: 14
change detection: AIDE_Documentation_Binder_v57.md: 3 removed (Tools/Tools_Authoring_Standard_v6.md, Tools/Tools_Decisions_v6.md, Tools/Tools_Design_v5.md) - rebuilding
------------------------------------------------------------------------

[.]
  INCLUDED         AIDE_Solution_Map.md  (sha256 3c2294f7ae2b)
  SKIPPED          AIDE_Documentation_WIP_v8.md: matches exclude_files pattern "*_WIP_*"

[Core]
  INCLUDED         _index.md  (sha256 d177f77812eb)
  INCLUDED         Core_AIDEMap.md  (sha256 e3b0c44298fc)
  INCLUDED         Core_AIDEMap.yaml  (sha256 a3f651bdb590)
  INCLUDED         Core_AIDEPrinciples_Decisions_v1.md  (sha256 655de3e64709)
  INCLUDED         Core_AIDEPrinciples_Design_v1.md  (sha256 60e20e8d0b9d)
  INCLUDED         Core_Brief_v1.md  (sha256 6c2e6280ea89)
  INCLUDED         Core_Charter_v1.md  (sha256 3e5f5332b783)
  INCLUDED         Core_Design_Documentation_Working_v1.md  (sha256 b2999c523397)
  INCLUDED         Core_Schema_Standard_v2.md  (sha256 eeaa611b2058)
  INCLUDED         Core_Structure_Decisions_v1.md  (sha256 2217f6768b89)
  INCLUDED         Core_Structure_Design_v1.md  (sha256 f464dc43de50)
  INCLUDED         Core_Tags_Working_v1.md  (sha256 ae6557378adf)
  INCLUDED         Core_Working_v1.md  (sha256 9808a331b339)

[Documentation Methodology]
  INCLUDED         _index.md  (sha256 c3441fd9e4b4)
  INCLUDED         DocMeth_Brief_v1.md  (sha256 60c5cf3f5d79)
  INCLUDED         DocMeth_Decisions_v7.md  (sha256 15daf15e27ef)
  INCLUDED         DocMeth_Design_v6.md  (sha256 8b5d6a24a5d7)
  INCLUDED         DocMeth_SchemaAuthoring_Standard_Draft.md  (sha256 24a2532f370c)
  INCLUDED         DocMeth_SchemaDefinitions_Standard_Draft.md  (sha256 d8757a5dbcdf)
  INCLUDED         DocMeth_Standard_Draft.md  (sha256 5847d0b42534)
  INCLUDED         DocMeth_Working_v9.md  (sha256 952a2287d1d0)
  INCLUDED         DocumentationMethodology_SchemaAuthoring_Standard_v1.md  (sha256 37a837a65cb3)
  INCLUDED         DocumentationMethodology_SchemaDefinitions_Standard_v1.md  (sha256 8098d9714c57)
  INCLUDED         DocumentationMethodology_Standard_v1.md  (sha256 8301aa2a0395)

[Infrastructure]
  INCLUDED         _index.md  (sha256 fb736219786c)
  INCLUDED         Infrastructure_CLI_Decisions_v1.md  (sha256 7a16726b5162)
  INCLUDED         Infrastructure_CLI_Design_v1.md  (sha256 12e05744ff4a)
  INCLUDED         Infrastructure_Working_v1.md  (sha256 1d7a11e25a57)

[Infrastructure\binder-builder]
  INCLUDED         binder_builder_Documentation_settings.json  (sha256 b9b89306305b)
  INCLUDED         BinderBuilder_Design_v10.md  (sha256 07a3284570d1)
  INCLUDED         README.md  (sha256 9c905047ab5a)

[Infrastructure\file-update-package]
  INCLUDED         file_update_package_settings.json  (sha256 15617061295c)
  INCLUDED         FileUpdatePackage_Design_v2.md  (sha256 142b729606f8)
  INCLUDED         README.md  (sha256 83ef50399eb5)

[Infrastructure\version-cleanup]
  INCLUDED         README.md  (sha256 307a43363adb)
  INCLUDED         version_cleanup_settings.json  (sha256 c17e9142e485)
  INCLUDED         VersionCleanup_Design_v3.md  (sha256 329d08514ab2)

[Principles]
  INCLUDED         Principles_Decisions_v4.md  (sha256 2c31c26b5c66)
  INCLUDED         Principles_Design_v4.md  (sha256 4bd5797d3d2e)
  INCLUDED         Principles_Standard_v1.md  (sha256 3ffe60875e5c)

[Project Design]
  INCLUDED         _index.md  (sha256 589d24282970)
  INCLUDED         ProjectDesign_Decisions_v3.md  (sha256 61029b610785)
  INCLUDED         ProjectDesign_Design_v3.md  (sha256 845df7d3ba79)
  INCLUDED         ProjectDesign_Schema_Standard_v1.md  (sha256 23316ba5d013)
  INCLUDED         ProjectDesign_Standard_v4.md  (sha256 df3c448516ae)

[Standards]
  INCLUDED         _index.md  (sha256 3bd4678a60c0)
  INCLUDED         Standards_Authoring_Standard_v7.md  (sha256 e289d09dd907)
  INCLUDED         Standards_Consumption_Standard_v3.md  (sha256 b801499930ac)
  INCLUDED         Standards_Decisions_v3.md  (sha256 370e69972777)
  INCLUDED         Standards_Design_v3.md  (sha256 4a6a79a3a0f1)
  INCLUDED         Standards_Working_v1.md  (sha256 9677537477ab)

[Tools]
  INCLUDED         _index.md  (sha256 7bb05b130edc)
  INCLUDED         Tools_Authoring_Standard_v7.md  (sha256 67533aba6562)
  INCLUDED         Tools_Decisions_v7.md  (sha256 f83f2411202f)
  INCLUDED         Tools_Design_v6.md  (sha256 62b2eb15c979)

[Working Practices]
  INCLUDED         _index.md  (sha256 f1d40d14c547)
  INCLUDED         WP_Capture_Working_v1.md  (sha256 54171d4dea8b)
  INCLUDED         WP_ContentDelivery_Working_v1.md  (sha256 6b858ff04f50)
  INCLUDED         WP_WorkManagement_Working_v1.md  (sha256 59a0bba2401c)

[Working Practices\FileOps]
  INCLUDED         WP_FileOps_Working_v1.md  (sha256 f2ffcdd7c76f)

[_binder]
  DELETED          AIDE_Documentation_Binder_v57.md
  WRITTEN          AIDE_Documentation_Binder_v58.md  (69 files, 689485 bytes)

[_rebuild]
  INCLUDED         AIDE_Component_PurposeLines_v2.md  (sha256 b1836489f28b)
  INCLUDED         AIDE_Rebuild_Guide_v1.md  (sha256 01ceb45e507b)
  INCLUDED         AIDE_Rebuild_Overview_v1.md  (sha256 5a65c44f5991)
  INCLUDED         AIDE_Rebuild_SettledDecisions_v1.md  (sha256 33593102e982)
  INCLUDED         ProjectDesign_Decisions_Pending_v1.md  (sha256 647aacf4c1ad)
  INCLUDED         ProjectDesign_Design_Pending_v1.md  (sha256 587bc4c6165f)
  INCLUDED         ProjectDesign_StandardInputs_Pending_v1.md  (sha256 710b74bb0958)
  INCLUDED         ProjectDesign_WorkRegister_Pending_v1.md  (sha256 638ebbfb6eef)
  SKIPPED          AIDE_DesignApproach_WIP_v1.md: matches exclude_files pattern "*_WIP_*"
  SKIPPED          AIDE_Rebuild_WIP_v24.md: matches exclude_files pattern "*_WIP_*"

------------------------------------------------------------------------
Result: 69 included, 3 skipped, 1 written, 1 deleted
========================================================================

========================================================================
binder builder   2026-09-15 00:23:32   LIVE
binder:   AIDE_Documentation
root:     C:\Users\david\dev\repos\DigitalBusiness-AIDE\Documentation
settings: C:\Users\david\dev\repos\DigitalBusiness-AIDE\Documentation\_aide\utilities\binder-builder\binder_builder_AIDE_Documentation_settings.json
include:  ~/_rebuild
folders collected from: 14
change detection: AIDE_Documentation_Binder_v58.md: 69 file(s) in scope, all matching the manifest - binder not rebuilt
------------------------------------------------------------------------

[.]
  SKIPPED          AIDE_Documentation_WIP_v9.md: matches exclude_files pattern "*_WIP_*"

[_binder]
  NO CHANGES       no changes detected since AIDE_Documentation_Binder_v58.md; binder not rebuilt

[_rebuild]
  SKIPPED          AIDE_DesignApproach_WIP_v1.md: matches exclude_files pattern "*_WIP_*"
  SKIPPED          AIDE_Rebuild_WIP_v24.md: matches exclude_files pattern "*_WIP_*"

------------------------------------------------------------------------
Result: 3 skipped, 1 no changes
========================================================================

========================================================================
binder builder   2026-09-15 06:29:07   LIVE
binder:   AIDE_Documentation
root:     C:\Users\david\dev\repos\DigitalBusiness-AIDE\Documentation
settings: C:\Users\david\dev\repos\DigitalBusiness-AIDE\Documentation\_aide\utilities\binder-builder\binder_builder_AIDE_Documentation_settings.json
include:  ~/_rebuild
folders collected from: 14
change detection: AIDE_Documentation_Binder_v58.md: 2 added (Standards/Standards_Authoring_Standard_v8.md, Standards/Standards_Decisions_v4.md) - rebuilding
------------------------------------------------------------------------

[.]
  INCLUDED         AIDE_Solution_Map.md  (sha256 3c2294f7ae2b)
  SKIPPED          AIDE_Documentation_WIP_v9.md: matches exclude_files pattern "*_WIP_*"

[Core]
  INCLUDED         _index.md  (sha256 d177f77812eb)
  INCLUDED         Core_AIDEMap.md  (sha256 e3b0c44298fc)
  INCLUDED         Core_AIDEMap.yaml  (sha256 a3f651bdb590)
  INCLUDED         Core_AIDEPrinciples_Decisions_v1.md  (sha256 655de3e64709)
  INCLUDED         Core_AIDEPrinciples_Design_v1.md  (sha256 60e20e8d0b9d)
  INCLUDED         Core_Brief_v1.md  (sha256 6c2e6280ea89)
  INCLUDED         Core_Charter_v1.md  (sha256 3e5f5332b783)
  INCLUDED         Core_Design_Documentation_Working_v1.md  (sha256 b2999c523397)
  INCLUDED         Core_Schema_Standard_v2.md  (sha256 eeaa611b2058)
  INCLUDED         Core_Structure_Decisions_v1.md  (sha256 2217f6768b89)
  INCLUDED         Core_Structure_Design_v1.md  (sha256 f464dc43de50)
  INCLUDED         Core_Tags_Working_v1.md  (sha256 ae6557378adf)
  INCLUDED         Core_Working_v1.md  (sha256 9808a331b339)

[Documentation Methodology]
  INCLUDED         _index.md  (sha256 c3441fd9e4b4)
  INCLUDED         DocMeth_Brief_v1.md  (sha256 60c5cf3f5d79)
  INCLUDED         DocMeth_Decisions_v7.md  (sha256 15daf15e27ef)
  INCLUDED         DocMeth_Design_v6.md  (sha256 8b5d6a24a5d7)
  INCLUDED         DocMeth_SchemaAuthoring_Standard_Draft.md  (sha256 24a2532f370c)
  INCLUDED         DocMeth_SchemaDefinitions_Standard_Draft.md  (sha256 d8757a5dbcdf)
  INCLUDED         DocMeth_Standard_Draft.md  (sha256 5847d0b42534)
  INCLUDED         DocMeth_Working_v9.md  (sha256 952a2287d1d0)
  INCLUDED         DocumentationMethodology_SchemaAuthoring_Standard_v1.md  (sha256 37a837a65cb3)
  INCLUDED         DocumentationMethodology_SchemaDefinitions_Standard_v1.md  (sha256 8098d9714c57)
  INCLUDED         DocumentationMethodology_Standard_v1.md  (sha256 8301aa2a0395)

[Infrastructure]
  INCLUDED         _index.md  (sha256 fb736219786c)
  INCLUDED         Infrastructure_CLI_Decisions_v1.md  (sha256 7a16726b5162)
  INCLUDED         Infrastructure_CLI_Design_v1.md  (sha256 12e05744ff4a)
  INCLUDED         Infrastructure_Working_v1.md  (sha256 1d7a11e25a57)

[Infrastructure\binder-builder]
  INCLUDED         binder_builder_Documentation_settings.json  (sha256 b9b89306305b)
  INCLUDED         BinderBuilder_Design_v10.md  (sha256 07a3284570d1)
  INCLUDED         README.md  (sha256 9c905047ab5a)

[Infrastructure\file-update-package]
  INCLUDED         file_update_package_settings.json  (sha256 15617061295c)
  INCLUDED         FileUpdatePackage_Design_v2.md  (sha256 142b729606f8)
  INCLUDED         README.md  (sha256 83ef50399eb5)

[Infrastructure\version-cleanup]
  INCLUDED         README.md  (sha256 307a43363adb)
  INCLUDED         version_cleanup_settings.json  (sha256 c17e9142e485)
  INCLUDED         VersionCleanup_Design_v3.md  (sha256 329d08514ab2)

[Principles]
  INCLUDED         Principles_Decisions_v4.md  (sha256 2c31c26b5c66)
  INCLUDED         Principles_Design_v4.md  (sha256 4bd5797d3d2e)
  INCLUDED         Principles_Standard_v1.md  (sha256 3ffe60875e5c)

[Project Design]
  INCLUDED         _index.md  (sha256 589d24282970)
  INCLUDED         ProjectDesign_Decisions_v3.md  (sha256 61029b610785)
  INCLUDED         ProjectDesign_Design_v3.md  (sha256 845df7d3ba79)
  INCLUDED         ProjectDesign_Schema_Standard_v1.md  (sha256 23316ba5d013)
  INCLUDED         ProjectDesign_Standard_v4.md  (sha256 df3c448516ae)

[Standards]
  INCLUDED         _index.md  (sha256 3bd4678a60c0)
  INCLUDED         Standards_Authoring_Standard_v7.md  (sha256 e289d09dd907)
  INCLUDED         Standards_Authoring_Standard_v8.md  (sha256 e28d0cdea227)
  INCLUDED         Standards_Consumption_Standard_v3.md  (sha256 b801499930ac)
  INCLUDED         Standards_Decisions_v3.md  (sha256 370e69972777)
  INCLUDED         Standards_Decisions_v4.md  (sha256 a1507fed0789)
  INCLUDED         Standards_Design_v3.md  (sha256 4a6a79a3a0f1)
  INCLUDED         Standards_Working_v1.md  (sha256 9677537477ab)

[Tools]
  INCLUDED         _index.md  (sha256 7bb05b130edc)
  INCLUDED         Tools_Authoring_Standard_v7.md  (sha256 67533aba6562)
  INCLUDED         Tools_Decisions_v7.md  (sha256 f83f2411202f)
  INCLUDED         Tools_Design_v6.md  (sha256 62b2eb15c979)

[Working Practices]
  INCLUDED         _index.md  (sha256 f1d40d14c547)
  INCLUDED         WP_Capture_Working_v1.md  (sha256 54171d4dea8b)
  INCLUDED         WP_ContentDelivery_Working_v1.md  (sha256 6b858ff04f50)
  INCLUDED         WP_WorkManagement_Working_v1.md  (sha256 59a0bba2401c)

[Working Practices\FileOps]
  INCLUDED         WP_FileOps_Working_v1.md  (sha256 f2ffcdd7c76f)

[_binder]
  DELETED          AIDE_Documentation_Binder_v58.md
  WRITTEN          AIDE_Documentation_Binder_v59.md  (71 files, 718658 bytes)

[_rebuild]
  INCLUDED         AIDE_Component_PurposeLines_v2.md  (sha256 b1836489f28b)
  INCLUDED         AIDE_Rebuild_Guide_v1.md  (sha256 01ceb45e507b)
  INCLUDED         AIDE_Rebuild_Overview_v1.md  (sha256 5a65c44f5991)
  INCLUDED         AIDE_Rebuild_SettledDecisions_v1.md  (sha256 33593102e982)
  INCLUDED         ProjectDesign_Decisions_Pending_v1.md  (sha256 647aacf4c1ad)
  INCLUDED         ProjectDesign_Design_Pending_v1.md  (sha256 587bc4c6165f)
  INCLUDED         ProjectDesign_StandardInputs_Pending_v1.md  (sha256 710b74bb0958)
  INCLUDED         ProjectDesign_WorkRegister_Pending_v1.md  (sha256 638ebbfb6eef)
  SKIPPED          AIDE_DesignApproach_WIP_v1.md: matches exclude_files pattern "*_WIP_*"
  SKIPPED          AIDE_Rebuild_WIP_v24.md: matches exclude_files pattern "*_WIP_*"

------------------------------------------------------------------------
Result: 71 included, 3 skipped, 1 written, 1 deleted
========================================================================

========================================================================
binder builder   2026-09-15 06:47:22   LIVE
binder:   AIDE_Documentation
root:     C:\Users\david\dev\repos\DigitalBusiness-AIDE\Documentation
settings: C:\Users\david\dev\repos\DigitalBusiness-AIDE\Documentation\_aide\utilities\binder-builder\binder_builder_AIDE_Documentation_settings.json
include:  ~/_rebuild
folders collected from: 14
change detection: AIDE_Documentation_Binder_v59.md: 1 added (Tools/Tools_Authoring_Standard_v8.md) - rebuilding
------------------------------------------------------------------------

[.]
  INCLUDED         AIDE_Solution_Map.md  (sha256 3c2294f7ae2b)
  SKIPPED          AIDE_Documentation_WIP_v9.md: matches exclude_files pattern "*_WIP_*"

[Core]
  INCLUDED         _index.md  (sha256 d177f77812eb)
  INCLUDED         Core_AIDEMap.md  (sha256 e3b0c44298fc)
  INCLUDED         Core_AIDEMap.yaml  (sha256 a3f651bdb590)
  INCLUDED         Core_AIDEPrinciples_Decisions_v1.md  (sha256 655de3e64709)
  INCLUDED         Core_AIDEPrinciples_Design_v1.md  (sha256 60e20e8d0b9d)
  INCLUDED         Core_Brief_v1.md  (sha256 6c2e6280ea89)
  INCLUDED         Core_Charter_v1.md  (sha256 3e5f5332b783)
  INCLUDED         Core_Design_Documentation_Working_v1.md  (sha256 b2999c523397)
  INCLUDED         Core_Schema_Standard_v2.md  (sha256 eeaa611b2058)
  INCLUDED         Core_Structure_Decisions_v1.md  (sha256 2217f6768b89)
  INCLUDED         Core_Structure_Design_v1.md  (sha256 f464dc43de50)
  INCLUDED         Core_Tags_Working_v1.md  (sha256 ae6557378adf)
  INCLUDED         Core_Working_v1.md  (sha256 9808a331b339)

[Documentation Methodology]
  INCLUDED         _index.md  (sha256 c3441fd9e4b4)
  INCLUDED         DocMeth_Brief_v1.md  (sha256 60c5cf3f5d79)
  INCLUDED         DocMeth_Decisions_v7.md  (sha256 15daf15e27ef)
  INCLUDED         DocMeth_Design_v6.md  (sha256 8b5d6a24a5d7)
  INCLUDED         DocMeth_SchemaAuthoring_Standard_Draft.md  (sha256 24a2532f370c)
  INCLUDED         DocMeth_SchemaDefinitions_Standard_Draft.md  (sha256 d8757a5dbcdf)
  INCLUDED         DocMeth_Standard_Draft.md  (sha256 5847d0b42534)
  INCLUDED         DocMeth_Working_v9.md  (sha256 952a2287d1d0)
  INCLUDED         DocumentationMethodology_SchemaAuthoring_Standard_v1.md  (sha256 37a837a65cb3)
  INCLUDED         DocumentationMethodology_SchemaDefinitions_Standard_v1.md  (sha256 8098d9714c57)
  INCLUDED         DocumentationMethodology_Standard_v1.md  (sha256 8301aa2a0395)

[Infrastructure]
  INCLUDED         _index.md  (sha256 fb736219786c)
  INCLUDED         Infrastructure_CLI_Decisions_v1.md  (sha256 7a16726b5162)
  INCLUDED         Infrastructure_CLI_Design_v1.md  (sha256 12e05744ff4a)
  INCLUDED         Infrastructure_Working_v1.md  (sha256 1d7a11e25a57)

[Infrastructure\binder-builder]
  INCLUDED         binder_builder_Documentation_settings.json  (sha256 b9b89306305b)
  INCLUDED         BinderBuilder_Design_v10.md  (sha256 07a3284570d1)
  INCLUDED         README.md  (sha256 9c905047ab5a)

[Infrastructure\file-update-package]
  INCLUDED         file_update_package_settings.json  (sha256 15617061295c)
  INCLUDED         FileUpdatePackage_Design_v2.md  (sha256 142b729606f8)
  INCLUDED         README.md  (sha256 83ef50399eb5)

[Infrastructure\version-cleanup]
  INCLUDED         README.md  (sha256 307a43363adb)
  INCLUDED         version_cleanup_settings.json  (sha256 c17e9142e485)
  INCLUDED         VersionCleanup_Design_v3.md  (sha256 329d08514ab2)

[Principles]
  INCLUDED         Principles_Decisions_v4.md  (sha256 2c31c26b5c66)
  INCLUDED         Principles_Design_v4.md  (sha256 4bd5797d3d2e)
  INCLUDED         Principles_Standard_v1.md  (sha256 3ffe60875e5c)

[Project Design]
  INCLUDED         _index.md  (sha256 589d24282970)
  INCLUDED         ProjectDesign_Decisions_v3.md  (sha256 61029b610785)
  INCLUDED         ProjectDesign_Design_v3.md  (sha256 845df7d3ba79)
  INCLUDED         ProjectDesign_Schema_Standard_v1.md  (sha256 23316ba5d013)
  INCLUDED         ProjectDesign_Standard_v4.md  (sha256 df3c448516ae)

[Standards]
  INCLUDED         _index.md  (sha256 3bd4678a60c0)
  INCLUDED         Standards_Authoring_Standard_v7.md  (sha256 e289d09dd907)
  INCLUDED         Standards_Authoring_Standard_v8.md  (sha256 e28d0cdea227)
  INCLUDED         Standards_Consumption_Standard_v3.md  (sha256 b801499930ac)
  INCLUDED         Standards_Decisions_v3.md  (sha256 370e69972777)
  INCLUDED         Standards_Decisions_v4.md  (sha256 a1507fed0789)
  INCLUDED         Standards_Design_v3.md  (sha256 4a6a79a3a0f1)
  INCLUDED         Standards_Working_v1.md  (sha256 9677537477ab)

[Tools]
  INCLUDED         _index.md  (sha256 7bb05b130edc)
  INCLUDED         Tools_Authoring_Standard_v7.md  (sha256 67533aba6562)
  INCLUDED         Tools_Authoring_Standard_v8.md  (sha256 d05452eddaa6)
  INCLUDED         Tools_Decisions_v7.md  (sha256 f83f2411202f)
  INCLUDED         Tools_Design_v6.md  (sha256 62b2eb15c979)

[Working Practices]
  INCLUDED         _index.md  (sha256 f1d40d14c547)
  INCLUDED         WP_Capture_Working_v1.md  (sha256 54171d4dea8b)
  INCLUDED         WP_ContentDelivery_Working_v1.md  (sha256 6b858ff04f50)
  INCLUDED         WP_WorkManagement_Working_v1.md  (sha256 59a0bba2401c)

[Working Practices\FileOps]
  INCLUDED         WP_FileOps_Working_v1.md  (sha256 f2ffcdd7c76f)

[_binder]
  DELETED          AIDE_Documentation_Binder_v59.md
  WRITTEN          AIDE_Documentation_Binder_v60.md  (72 files, 727772 bytes)

[_rebuild]
  INCLUDED         AIDE_Component_PurposeLines_v2.md  (sha256 b1836489f28b)
  INCLUDED         AIDE_Rebuild_Guide_v1.md  (sha256 01ceb45e507b)
  INCLUDED         AIDE_Rebuild_Overview_v1.md  (sha256 5a65c44f5991)
  INCLUDED         AIDE_Rebuild_SettledDecisions_v1.md  (sha256 33593102e982)
  INCLUDED         ProjectDesign_Decisions_Pending_v1.md  (sha256 647aacf4c1ad)
  INCLUDED         ProjectDesign_Design_Pending_v1.md  (sha256 587bc4c6165f)
  INCLUDED         ProjectDesign_StandardInputs_Pending_v1.md  (sha256 710b74bb0958)
  INCLUDED         ProjectDesign_WorkRegister_Pending_v1.md  (sha256 638ebbfb6eef)
  SKIPPED          AIDE_DesignApproach_WIP_v1.md: matches exclude_files pattern "*_WIP_*"
  SKIPPED          AIDE_Rebuild_WIP_v24.md: matches exclude_files pattern "*_WIP_*"

------------------------------------------------------------------------
Result: 72 included, 3 skipped, 1 written, 1 deleted
========================================================================

========================================================================
binder builder   2026-09-15 06:48:06   LIVE
binder:   AIDE_Documentation
root:     C:\Users\david\dev\repos\DigitalBusiness-AIDE\Documentation
settings: C:\Users\david\dev\repos\DigitalBusiness-AIDE\Documentation\_aide\utilities\binder-builder\binder_builder_AIDE_Documentation_settings.json
include:  ~/_rebuild
folders collected from: 14
change detection: AIDE_Documentation_Binder_v60.md: 2 changed (Standards/Standards_Authoring_Standard_v8.md, Standards/Standards_Decisions_v4.md) - rebuilding
------------------------------------------------------------------------

[.]
  INCLUDED         AIDE_Solution_Map.md  (sha256 3c2294f7ae2b)
  SKIPPED          AIDE_Documentation_WIP_v9.md: matches exclude_files pattern "*_WIP_*"

[Core]
  INCLUDED         _index.md  (sha256 d177f77812eb)
  INCLUDED         Core_AIDEMap.md  (sha256 e3b0c44298fc)
  INCLUDED         Core_AIDEMap.yaml  (sha256 a3f651bdb590)
  INCLUDED         Core_AIDEPrinciples_Decisions_v1.md  (sha256 655de3e64709)
  INCLUDED         Core_AIDEPrinciples_Design_v1.md  (sha256 60e20e8d0b9d)
  INCLUDED         Core_Brief_v1.md  (sha256 6c2e6280ea89)
  INCLUDED         Core_Charter_v1.md  (sha256 3e5f5332b783)
  INCLUDED         Core_Design_Documentation_Working_v1.md  (sha256 b2999c523397)
  INCLUDED         Core_Schema_Standard_v2.md  (sha256 eeaa611b2058)
  INCLUDED         Core_Structure_Decisions_v1.md  (sha256 2217f6768b89)
  INCLUDED         Core_Structure_Design_v1.md  (sha256 f464dc43de50)
  INCLUDED         Core_Tags_Working_v1.md  (sha256 ae6557378adf)
  INCLUDED         Core_Working_v1.md  (sha256 9808a331b339)

[Documentation Methodology]
  INCLUDED         _index.md  (sha256 c3441fd9e4b4)
  INCLUDED         DocMeth_Brief_v1.md  (sha256 60c5cf3f5d79)
  INCLUDED         DocMeth_Decisions_v7.md  (sha256 15daf15e27ef)
  INCLUDED         DocMeth_Design_v6.md  (sha256 8b5d6a24a5d7)
  INCLUDED         DocMeth_SchemaAuthoring_Standard_Draft.md  (sha256 24a2532f370c)
  INCLUDED         DocMeth_SchemaDefinitions_Standard_Draft.md  (sha256 d8757a5dbcdf)
  INCLUDED         DocMeth_Standard_Draft.md  (sha256 5847d0b42534)
  INCLUDED         DocMeth_Working_v9.md  (sha256 952a2287d1d0)
  INCLUDED         DocumentationMethodology_SchemaAuthoring_Standard_v1.md  (sha256 37a837a65cb3)
  INCLUDED         DocumentationMethodology_SchemaDefinitions_Standard_v1.md  (sha256 8098d9714c57)
  INCLUDED         DocumentationMethodology_Standard_v1.md  (sha256 8301aa2a0395)

[Infrastructure]
  INCLUDED         _index.md  (sha256 fb736219786c)
  INCLUDED         Infrastructure_CLI_Decisions_v1.md  (sha256 7a16726b5162)
  INCLUDED         Infrastructure_CLI_Design_v1.md  (sha256 12e05744ff4a)
  INCLUDED         Infrastructure_Working_v1.md  (sha256 1d7a11e25a57)

[Infrastructure\binder-builder]
  INCLUDED         binder_builder_Documentation_settings.json  (sha256 b9b89306305b)
  INCLUDED         BinderBuilder_Design_v10.md  (sha256 07a3284570d1)
  INCLUDED         README.md  (sha256 9c905047ab5a)

[Infrastructure\file-update-package]
  INCLUDED         file_update_package_settings.json  (sha256 15617061295c)
  INCLUDED         FileUpdatePackage_Design_v2.md  (sha256 142b729606f8)
  INCLUDED         README.md  (sha256 83ef50399eb5)

[Infrastructure\version-cleanup]
  INCLUDED         README.md  (sha256 307a43363adb)
  INCLUDED         version_cleanup_settings.json  (sha256 c17e9142e485)
  INCLUDED         VersionCleanup_Design_v3.md  (sha256 329d08514ab2)

[Principles]
  INCLUDED         Principles_Decisions_v4.md  (sha256 2c31c26b5c66)
  INCLUDED         Principles_Design_v4.md  (sha256 4bd5797d3d2e)
  INCLUDED         Principles_Standard_v1.md  (sha256 3ffe60875e5c)

[Project Design]
  INCLUDED         _index.md  (sha256 589d24282970)
  INCLUDED         ProjectDesign_Decisions_v3.md  (sha256 61029b610785)
  INCLUDED         ProjectDesign_Design_v3.md  (sha256 845df7d3ba79)
  INCLUDED         ProjectDesign_Schema_Standard_v1.md  (sha256 23316ba5d013)
  INCLUDED         ProjectDesign_Standard_v4.md  (sha256 df3c448516ae)

[Standards]
  INCLUDED         _index.md  (sha256 3bd4678a60c0)
  INCLUDED         Standards_Authoring_Standard_v7.md  (sha256 e289d09dd907)
  INCLUDED         Standards_Authoring_Standard_v8.md  (sha256 e52f99825c80)
  INCLUDED         Standards_Consumption_Standard_v3.md  (sha256 b801499930ac)
  INCLUDED         Standards_Decisions_v3.md  (sha256 370e69972777)
  INCLUDED         Standards_Decisions_v4.md  (sha256 fcda250bc8aa)
  INCLUDED         Standards_Design_v3.md  (sha256 4a6a79a3a0f1)
  INCLUDED         Standards_Working_v1.md  (sha256 9677537477ab)

[Tools]
  INCLUDED         _index.md  (sha256 7bb05b130edc)
  INCLUDED         Tools_Authoring_Standard_v7.md  (sha256 67533aba6562)
  INCLUDED         Tools_Authoring_Standard_v8.md  (sha256 d05452eddaa6)
  INCLUDED         Tools_Decisions_v7.md  (sha256 f83f2411202f)
  INCLUDED         Tools_Design_v6.md  (sha256 62b2eb15c979)

[Working Practices]
  INCLUDED         _index.md  (sha256 f1d40d14c547)
  INCLUDED         WP_Capture_Working_v1.md  (sha256 54171d4dea8b)
  INCLUDED         WP_ContentDelivery_Working_v1.md  (sha256 6b858ff04f50)
  INCLUDED         WP_WorkManagement_Working_v1.md  (sha256 59a0bba2401c)

[Working Practices\FileOps]
  INCLUDED         WP_FileOps_Working_v1.md  (sha256 f2ffcdd7c76f)

[_binder]
  DELETED          AIDE_Documentation_Binder_v60.md
  WRITTEN          AIDE_Documentation_Binder_v61.md  (72 files, 728567 bytes)

[_rebuild]
  INCLUDED         AIDE_Component_PurposeLines_v2.md  (sha256 b1836489f28b)
  INCLUDED         AIDE_Rebuild_Guide_v1.md  (sha256 01ceb45e507b)
  INCLUDED         AIDE_Rebuild_Overview_v1.md  (sha256 5a65c44f5991)
  INCLUDED         AIDE_Rebuild_SettledDecisions_v1.md  (sha256 33593102e982)
  INCLUDED         ProjectDesign_Decisions_Pending_v1.md  (sha256 647aacf4c1ad)
  INCLUDED         ProjectDesign_Design_Pending_v1.md  (sha256 587bc4c6165f)
  INCLUDED         ProjectDesign_StandardInputs_Pending_v1.md  (sha256 710b74bb0958)
  INCLUDED         ProjectDesign_WorkRegister_Pending_v1.md  (sha256 638ebbfb6eef)
  SKIPPED          AIDE_DesignApproach_WIP_v1.md: matches exclude_files pattern "*_WIP_*"
  SKIPPED          AIDE_Rebuild_WIP_v24.md: matches exclude_files pattern "*_WIP_*"

------------------------------------------------------------------------
Result: 72 included, 3 skipped, 1 written, 1 deleted
========================================================================

========================================================================
binder builder   2026-09-15 06:48:30   LIVE
binder:   AIDE_Documentation
root:     C:\Users\david\dev\repos\DigitalBusiness-AIDE\Documentation
settings: C:\Users\david\dev\repos\DigitalBusiness-AIDE\Documentation\_aide\utilities\binder-builder\binder_builder_AIDE_Documentation_settings.json
include:  ~/_rebuild
folders collected from: 14
change detection: AIDE_Documentation_Binder_v61.md: 72 file(s) in scope, all matching the manifest - binder not rebuilt
------------------------------------------------------------------------

[.]
  SKIPPED          AIDE_Documentation_WIP_v9.md: matches exclude_files pattern "*_WIP_*"

[_binder]
  NO CHANGES       no changes detected since AIDE_Documentation_Binder_v61.md; binder not rebuilt

[_rebuild]
  SKIPPED          AIDE_DesignApproach_WIP_v1.md: matches exclude_files pattern "*_WIP_*"
  SKIPPED          AIDE_Rebuild_WIP_v24.md: matches exclude_files pattern "*_WIP_*"

------------------------------------------------------------------------
Result: 3 skipped, 1 no changes
========================================================================

========================================================================
binder builder   2026-09-15 08:11:48   LIVE
binder:   AIDE_Documentation
root:     C:\Users\david\dev\repos\DigitalBusiness-AIDE\Documentation
settings: C:\Users\david\dev\repos\DigitalBusiness-AIDE\Documentation\_aide\utilities\binder-builder\binder_builder_AIDE_Documentation_settings.json
include:  ~/_rebuild
folders collected from: 14
change detection: AIDE_Documentation_Binder_v61.md: 3 removed, 1 changed (Standards/Standards_Authoring_Standard_v7.md, Standards/Standards_Decisions_v3.md, Tools/Tools_Authoring_Standard_v7.md, and 1 more) - rebuilding
------------------------------------------------------------------------

[.]
  INCLUDED         AIDE_Solution_Map.md  (sha256 3c2294f7ae2b)
  SKIPPED          AIDE_Documentation_WIP_v10.md: matches exclude_files pattern "*_WIP_*"
  SKIPPED          AIDE_Orchestration_WIP_v1.md: matches exclude_files pattern "*_WIP_*"

[Core]
  INCLUDED         _index.md  (sha256 d177f77812eb)
  INCLUDED         Core_AIDEMap.md  (sha256 e3b0c44298fc)
  INCLUDED         Core_AIDEMap.yaml  (sha256 a3f651bdb590)
  INCLUDED         Core_AIDEPrinciples_Decisions_v1.md  (sha256 655de3e64709)
  INCLUDED         Core_AIDEPrinciples_Design_v1.md  (sha256 60e20e8d0b9d)
  INCLUDED         Core_Brief_v1.md  (sha256 6c2e6280ea89)
  INCLUDED         Core_Charter_v1.md  (sha256 3e5f5332b783)
  INCLUDED         Core_Design_Documentation_Working_v1.md  (sha256 b2999c523397)
  INCLUDED         Core_Schema_Standard_v2.md  (sha256 eeaa611b2058)
  INCLUDED         Core_Structure_Decisions_v1.md  (sha256 2217f6768b89)
  INCLUDED         Core_Structure_Design_v1.md  (sha256 f464dc43de50)
  INCLUDED         Core_Tags_Working_v1.md  (sha256 ae6557378adf)
  INCLUDED         Core_Working_v1.md  (sha256 9808a331b339)

[Documentation Methodology]
  INCLUDED         _index.md  (sha256 c3441fd9e4b4)
  INCLUDED         DocMeth_Brief_v1.md  (sha256 60c5cf3f5d79)
  INCLUDED         DocMeth_Decisions_v7.md  (sha256 15daf15e27ef)
  INCLUDED         DocMeth_Design_v6.md  (sha256 8b5d6a24a5d7)
  INCLUDED         DocMeth_SchemaAuthoring_Standard_Draft.md  (sha256 24a2532f370c)
  INCLUDED         DocMeth_SchemaDefinitions_Standard_Draft.md  (sha256 d8757a5dbcdf)
  INCLUDED         DocMeth_Standard_Draft.md  (sha256 5847d0b42534)
  INCLUDED         DocMeth_Working_v9.md  (sha256 952a2287d1d0)
  INCLUDED         DocumentationMethodology_SchemaAuthoring_Standard_v1.md  (sha256 37a837a65cb3)
  INCLUDED         DocumentationMethodology_SchemaDefinitions_Standard_v1.md  (sha256 8098d9714c57)
  INCLUDED         DocumentationMethodology_Standard_v1.md  (sha256 8301aa2a0395)

[Infrastructure]
  INCLUDED         _index.md  (sha256 fb736219786c)
  INCLUDED         Infrastructure_CLI_Decisions_v1.md  (sha256 7a16726b5162)
  INCLUDED         Infrastructure_CLI_Design_v1.md  (sha256 12e05744ff4a)
  INCLUDED         Infrastructure_Working_v1.md  (sha256 1d7a11e25a57)

[Infrastructure\binder-builder]
  INCLUDED         binder_builder_Documentation_settings.json  (sha256 b9b89306305b)
  INCLUDED         BinderBuilder_Design_v10.md  (sha256 07a3284570d1)
  INCLUDED         README.md  (sha256 9c905047ab5a)

[Infrastructure\file-update-package]
  INCLUDED         file_update_package_settings.json  (sha256 15617061295c)
  INCLUDED         FileUpdatePackage_Design_v2.md  (sha256 142b729606f8)
  INCLUDED         README.md  (sha256 747bc371ff85)

[Infrastructure\version-cleanup]
  INCLUDED         README.md  (sha256 307a43363adb)
  INCLUDED         version_cleanup_settings.json  (sha256 c17e9142e485)
  INCLUDED         VersionCleanup_Design_v3.md  (sha256 329d08514ab2)

[Principles]
  INCLUDED         Principles_Decisions_v4.md  (sha256 2c31c26b5c66)
  INCLUDED         Principles_Design_v4.md  (sha256 4bd5797d3d2e)
  INCLUDED         Principles_Standard_v1.md  (sha256 3ffe60875e5c)

[Project Design]
  INCLUDED         _index.md  (sha256 589d24282970)
  INCLUDED         ProjectDesign_Decisions_v3.md  (sha256 61029b610785)
  INCLUDED         ProjectDesign_Design_v3.md  (sha256 845df7d3ba79)
  INCLUDED         ProjectDesign_Schema_Standard_v1.md  (sha256 23316ba5d013)
  INCLUDED         ProjectDesign_Standard_v4.md  (sha256 df3c448516ae)

[Standards]
  INCLUDED         _index.md  (sha256 3bd4678a60c0)
  INCLUDED         Standards_Authoring_Standard_v8.md  (sha256 e52f99825c80)
  INCLUDED         Standards_Consumption_Standard_v3.md  (sha256 b801499930ac)
  INCLUDED         Standards_Decisions_v4.md  (sha256 fcda250bc8aa)
  INCLUDED         Standards_Design_v3.md  (sha256 4a6a79a3a0f1)
  INCLUDED         Standards_Working_v1.md  (sha256 9677537477ab)

[Tools]
  INCLUDED         _index.md  (sha256 7bb05b130edc)
  INCLUDED         Tools_Authoring_Standard_v8.md  (sha256 d05452eddaa6)
  INCLUDED         Tools_Decisions_v7.md  (sha256 f83f2411202f)
  INCLUDED         Tools_Design_v6.md  (sha256 62b2eb15c979)

[Working Practices]
  INCLUDED         _index.md  (sha256 f1d40d14c547)
  INCLUDED         WP_Capture_Working_v1.md  (sha256 54171d4dea8b)
  INCLUDED         WP_ContentDelivery_Working_v1.md  (sha256 6b858ff04f50)
  INCLUDED         WP_WorkManagement_Working_v1.md  (sha256 59a0bba2401c)

[Working Practices\FileOps]
  INCLUDED         WP_FileOps_Working_v1.md  (sha256 f2ffcdd7c76f)

[_binder]
  DELETED          AIDE_Documentation_Binder_v61.md
  WRITTEN          AIDE_Documentation_Binder_v62.md  (69 files, 691980 bytes)

[_rebuild]
  INCLUDED         AIDE_Component_PurposeLines_v2.md  (sha256 b1836489f28b)
  INCLUDED         AIDE_Rebuild_Guide_v1.md  (sha256 01ceb45e507b)
  INCLUDED         AIDE_Rebuild_Overview_v1.md  (sha256 5a65c44f5991)
  INCLUDED         AIDE_Rebuild_SettledDecisions_v1.md  (sha256 33593102e982)
  INCLUDED         ProjectDesign_Decisions_Pending_v1.md  (sha256 647aacf4c1ad)
  INCLUDED         ProjectDesign_Design_Pending_v1.md  (sha256 587bc4c6165f)
  INCLUDED         ProjectDesign_StandardInputs_Pending_v1.md  (sha256 710b74bb0958)
  INCLUDED         ProjectDesign_WorkRegister_Pending_v1.md  (sha256 638ebbfb6eef)
  SKIPPED          AIDE_DesignApproach_WIP_v1.md: matches exclude_files pattern "*_WIP_*"
  SKIPPED          AIDE_Rebuild_WIP_v24.md: matches exclude_files pattern "*_WIP_*"

------------------------------------------------------------------------
Result: 69 included, 4 skipped, 1 written, 1 deleted
========================================================================

========================================================================
binder builder   2026-09-15 08:23:02   LIVE
binder:   AIDE_Documentation
root:     C:\Users\david\dev\repos\DigitalBusiness-AIDE\Documentation
settings: C:\Users\david\dev\repos\DigitalBusiness-AIDE\Documentation\_aide\utilities\binder-builder\binder_builder_AIDE_Documentation_settings.json
include:  ~/_rebuild
folders collected from: 14
change detection: AIDE_Documentation_Binder_v62.md: 3 added, 3 removed (Principles/Principles_Decisions_v5.md, Principles/Principles_Design_v5.md, Principles/Principles_Standard_v2.md, and 3 more) - rebuilding
------------------------------------------------------------------------

[.]
  INCLUDED         AIDE_Solution_Map.md  (sha256 3c2294f7ae2b)
  SKIPPED          AIDE_Documentation_WIP_v10.md: matches exclude_files pattern "*_WIP_*"
  SKIPPED          AIDE_Orchestration_WIP_v1.md: matches exclude_files pattern "*_WIP_*"

[Core]
  INCLUDED         _index.md  (sha256 d177f77812eb)
  INCLUDED         Core_AIDEMap.md  (sha256 e3b0c44298fc)
  INCLUDED         Core_AIDEMap.yaml  (sha256 a3f651bdb590)
  INCLUDED         Core_AIDEPrinciples_Decisions_v1.md  (sha256 655de3e64709)
  INCLUDED         Core_AIDEPrinciples_Design_v1.md  (sha256 60e20e8d0b9d)
  INCLUDED         Core_Brief_v1.md  (sha256 6c2e6280ea89)
  INCLUDED         Core_Charter_v1.md  (sha256 3e5f5332b783)
  INCLUDED         Core_Design_Documentation_Working_v1.md  (sha256 b2999c523397)
  INCLUDED         Core_Schema_Standard_v2.md  (sha256 eeaa611b2058)
  INCLUDED         Core_Structure_Decisions_v1.md  (sha256 2217f6768b89)
  INCLUDED         Core_Structure_Design_v1.md  (sha256 f464dc43de50)
  INCLUDED         Core_Tags_Working_v1.md  (sha256 ae6557378adf)
  INCLUDED         Core_Working_v1.md  (sha256 9808a331b339)

[Documentation Methodology]
  INCLUDED         _index.md  (sha256 c3441fd9e4b4)
  INCLUDED         DocMeth_Brief_v1.md  (sha256 60c5cf3f5d79)
  INCLUDED         DocMeth_Decisions_v7.md  (sha256 15daf15e27ef)
  INCLUDED         DocMeth_Design_v6.md  (sha256 8b5d6a24a5d7)
  INCLUDED         DocMeth_SchemaAuthoring_Standard_Draft.md  (sha256 24a2532f370c)
  INCLUDED         DocMeth_SchemaDefinitions_Standard_Draft.md  (sha256 d8757a5dbcdf)
  INCLUDED         DocMeth_Standard_Draft.md  (sha256 5847d0b42534)
  INCLUDED         DocMeth_Working_v9.md  (sha256 952a2287d1d0)
  INCLUDED         DocumentationMethodology_SchemaAuthoring_Standard_v1.md  (sha256 37a837a65cb3)
  INCLUDED         DocumentationMethodology_SchemaDefinitions_Standard_v1.md  (sha256 8098d9714c57)
  INCLUDED         DocumentationMethodology_Standard_v1.md  (sha256 8301aa2a0395)

[Infrastructure]
  INCLUDED         _index.md  (sha256 fb736219786c)
  INCLUDED         Infrastructure_CLI_Decisions_v1.md  (sha256 7a16726b5162)
  INCLUDED         Infrastructure_CLI_Design_v1.md  (sha256 12e05744ff4a)
  INCLUDED         Infrastructure_Working_v1.md  (sha256 1d7a11e25a57)

[Infrastructure\binder-builder]
  INCLUDED         binder_builder_Documentation_settings.json  (sha256 b9b89306305b)
  INCLUDED         BinderBuilder_Design_v10.md  (sha256 07a3284570d1)
  INCLUDED         README.md  (sha256 9c905047ab5a)

[Infrastructure\file-update-package]
  INCLUDED         file_update_package_settings.json  (sha256 15617061295c)
  INCLUDED         FileUpdatePackage_Design_v2.md  (sha256 142b729606f8)
  INCLUDED         README.md  (sha256 747bc371ff85)

[Infrastructure\version-cleanup]
  INCLUDED         README.md  (sha256 307a43363adb)
  INCLUDED         version_cleanup_settings.json  (sha256 c17e9142e485)
  INCLUDED         VersionCleanup_Design_v3.md  (sha256 329d08514ab2)

[Principles]
  INCLUDED         Principles_Decisions_v5.md  (sha256 f13fd4242919)
  INCLUDED         Principles_Design_v5.md  (sha256 fe6c6db40228)
  INCLUDED         Principles_Standard_v2.md  (sha256 dbe4c008b80d)

[Project Design]
  INCLUDED         _index.md  (sha256 589d24282970)
  INCLUDED         ProjectDesign_Decisions_v3.md  (sha256 61029b610785)
  INCLUDED         ProjectDesign_Design_v3.md  (sha256 845df7d3ba79)
  INCLUDED         ProjectDesign_Schema_Standard_v1.md  (sha256 23316ba5d013)
  INCLUDED         ProjectDesign_Standard_v4.md  (sha256 df3c448516ae)

[Standards]
  INCLUDED         _index.md  (sha256 3bd4678a60c0)
  INCLUDED         Standards_Authoring_Standard_v8.md  (sha256 e52f99825c80)
  INCLUDED         Standards_Consumption_Standard_v3.md  (sha256 b801499930ac)
  INCLUDED         Standards_Decisions_v4.md  (sha256 fcda250bc8aa)
  INCLUDED         Standards_Design_v3.md  (sha256 4a6a79a3a0f1)
  INCLUDED         Standards_Working_v1.md  (sha256 9677537477ab)

[Tools]
  INCLUDED         _index.md  (sha256 7bb05b130edc)
  INCLUDED         Tools_Authoring_Standard_v8.md  (sha256 d05452eddaa6)
  INCLUDED         Tools_Decisions_v7.md  (sha256 f83f2411202f)
  INCLUDED         Tools_Design_v6.md  (sha256 62b2eb15c979)

[Working Practices]
  INCLUDED         _index.md  (sha256 f1d40d14c547)
  INCLUDED         WP_Capture_Working_v1.md  (sha256 54171d4dea8b)
  INCLUDED         WP_ContentDelivery_Working_v1.md  (sha256 6b858ff04f50)
  INCLUDED         WP_WorkManagement_Working_v1.md  (sha256 59a0bba2401c)

[Working Practices\FileOps]
  INCLUDED         WP_FileOps_Working_v1.md  (sha256 f2ffcdd7c76f)

[_binder]
  DELETED          AIDE_Documentation_Binder_v62.md
  WRITTEN          AIDE_Documentation_Binder_v63.md  (69 files, 695141 bytes)

[_rebuild]
  INCLUDED         AIDE_Component_PurposeLines_v2.md  (sha256 b1836489f28b)
  INCLUDED         AIDE_Rebuild_Guide_v1.md  (sha256 01ceb45e507b)
  INCLUDED         AIDE_Rebuild_Overview_v1.md  (sha256 5a65c44f5991)
  INCLUDED         AIDE_Rebuild_SettledDecisions_v1.md  (sha256 33593102e982)
  INCLUDED         ProjectDesign_Decisions_Pending_v1.md  (sha256 647aacf4c1ad)
  INCLUDED         ProjectDesign_Design_Pending_v1.md  (sha256 587bc4c6165f)
  INCLUDED         ProjectDesign_StandardInputs_Pending_v1.md  (sha256 710b74bb0958)
  INCLUDED         ProjectDesign_WorkRegister_Pending_v1.md  (sha256 638ebbfb6eef)
  SKIPPED          AIDE_DesignApproach_WIP_v1.md: matches exclude_files pattern "*_WIP_*"
  SKIPPED          AIDE_Rebuild_WIP_v24.md: matches exclude_files pattern "*_WIP_*"

------------------------------------------------------------------------
Result: 69 included, 4 skipped, 1 written, 1 deleted
========================================================================

========================================================================
binder builder   2026-09-15 08:44:18   LIVE
binder:   AIDE_Documentation
root:     C:\Users\david\dev\repos\DigitalBusiness-AIDE\Documentation
settings: C:\Users\david\dev\repos\DigitalBusiness-AIDE\Documentation\_aide\utilities\binder-builder\binder_builder_AIDE_Documentation_settings.json
include:  ~/_rebuild
folders collected from: 14
change detection: AIDE_Documentation_Binder_v63.md: 3 changed (Principles/Principles_Decisions_v5.md, Principles/Principles_Design_v5.md, Principles/Principles_Standard_v2.md) - rebuilding
------------------------------------------------------------------------

[.]
  INCLUDED         AIDE_Solution_Map.md  (sha256 3c2294f7ae2b)
  SKIPPED          AIDE_Documentation_WIP_v10.md: matches exclude_files pattern "*_WIP_*"
  SKIPPED          AIDE_Orchestration_WIP_v1.md: matches exclude_files pattern "*_WIP_*"

[Core]
  INCLUDED         _index.md  (sha256 d177f77812eb)
  INCLUDED         Core_AIDEMap.md  (sha256 e3b0c44298fc)
  INCLUDED         Core_AIDEMap.yaml  (sha256 a3f651bdb590)
  INCLUDED         Core_AIDEPrinciples_Decisions_v1.md  (sha256 655de3e64709)
  INCLUDED         Core_AIDEPrinciples_Design_v1.md  (sha256 60e20e8d0b9d)
  INCLUDED         Core_Brief_v1.md  (sha256 6c2e6280ea89)
  INCLUDED         Core_Charter_v1.md  (sha256 3e5f5332b783)
  INCLUDED         Core_Design_Documentation_Working_v1.md  (sha256 b2999c523397)
  INCLUDED         Core_Schema_Standard_v2.md  (sha256 eeaa611b2058)
  INCLUDED         Core_Structure_Decisions_v1.md  (sha256 2217f6768b89)
  INCLUDED         Core_Structure_Design_v1.md  (sha256 f464dc43de50)
  INCLUDED         Core_Tags_Working_v1.md  (sha256 ae6557378adf)
  INCLUDED         Core_Working_v1.md  (sha256 9808a331b339)

[Documentation Methodology]
  INCLUDED         _index.md  (sha256 c3441fd9e4b4)
  INCLUDED         DocMeth_Brief_v1.md  (sha256 60c5cf3f5d79)
  INCLUDED         DocMeth_Decisions_v7.md  (sha256 15daf15e27ef)
  INCLUDED         DocMeth_Design_v6.md  (sha256 8b5d6a24a5d7)
  INCLUDED         DocMeth_SchemaAuthoring_Standard_Draft.md  (sha256 24a2532f370c)
  INCLUDED         DocMeth_SchemaDefinitions_Standard_Draft.md  (sha256 d8757a5dbcdf)
  INCLUDED         DocMeth_Standard_Draft.md  (sha256 5847d0b42534)
  INCLUDED         DocMeth_Working_v9.md  (sha256 952a2287d1d0)
  INCLUDED         DocumentationMethodology_SchemaAuthoring_Standard_v1.md  (sha256 37a837a65cb3)
  INCLUDED         DocumentationMethodology_SchemaDefinitions_Standard_v1.md  (sha256 8098d9714c57)
  INCLUDED         DocumentationMethodology_Standard_v1.md  (sha256 8301aa2a0395)

[Infrastructure]
  INCLUDED         _index.md  (sha256 fb736219786c)
  INCLUDED         Infrastructure_CLI_Decisions_v1.md  (sha256 7a16726b5162)
  INCLUDED         Infrastructure_CLI_Design_v1.md  (sha256 12e05744ff4a)
  INCLUDED         Infrastructure_Working_v1.md  (sha256 1d7a11e25a57)

[Infrastructure\binder-builder]
  INCLUDED         binder_builder_Documentation_settings.json  (sha256 b9b89306305b)
  INCLUDED         BinderBuilder_Design_v10.md  (sha256 07a3284570d1)
  INCLUDED         README.md  (sha256 9c905047ab5a)

[Infrastructure\file-update-package]
  INCLUDED         file_update_package_settings.json  (sha256 15617061295c)
  INCLUDED         FileUpdatePackage_Design_v2.md  (sha256 142b729606f8)
  INCLUDED         README.md  (sha256 747bc371ff85)

[Infrastructure\version-cleanup]
  INCLUDED         README.md  (sha256 307a43363adb)
  INCLUDED         version_cleanup_settings.json  (sha256 c17e9142e485)
  INCLUDED         VersionCleanup_Design_v3.md  (sha256 329d08514ab2)

[Principles]
  INCLUDED         Principles_Decisions_v5.md  (sha256 33df0c86fba0)
  INCLUDED         Principles_Design_v5.md  (sha256 ba6e146bf1b7)
  INCLUDED         Principles_Standard_v2.md  (sha256 a2c5cf6f320d)

[Project Design]
  INCLUDED         _index.md  (sha256 589d24282970)
  INCLUDED         ProjectDesign_Decisions_v3.md  (sha256 61029b610785)
  INCLUDED         ProjectDesign_Design_v3.md  (sha256 845df7d3ba79)
  INCLUDED         ProjectDesign_Schema_Standard_v1.md  (sha256 23316ba5d013)
  INCLUDED         ProjectDesign_Standard_v4.md  (sha256 df3c448516ae)

[Standards]
  INCLUDED         _index.md  (sha256 3bd4678a60c0)
  INCLUDED         Standards_Authoring_Standard_v8.md  (sha256 e52f99825c80)
  INCLUDED         Standards_Consumption_Standard_v3.md  (sha256 b801499930ac)
  INCLUDED         Standards_Decisions_v4.md  (sha256 fcda250bc8aa)
  INCLUDED         Standards_Design_v3.md  (sha256 4a6a79a3a0f1)
  INCLUDED         Standards_Working_v1.md  (sha256 9677537477ab)

[Tools]
  INCLUDED         _index.md  (sha256 7bb05b130edc)
  INCLUDED         Tools_Authoring_Standard_v8.md  (sha256 d05452eddaa6)
  INCLUDED         Tools_Decisions_v7.md  (sha256 f83f2411202f)
  INCLUDED         Tools_Design_v6.md  (sha256 62b2eb15c979)

[Working Practices]
  INCLUDED         _index.md  (sha256 f1d40d14c547)
  INCLUDED         WP_Capture_Working_v1.md  (sha256 54171d4dea8b)
  INCLUDED         WP_ContentDelivery_Working_v1.md  (sha256 6b858ff04f50)
  INCLUDED         WP_WorkManagement_Working_v1.md  (sha256 59a0bba2401c)

[Working Practices\FileOps]
  INCLUDED         WP_FileOps_Working_v1.md  (sha256 f2ffcdd7c76f)

[_binder]
  DELETED          AIDE_Documentation_Binder_v63.md
  WRITTEN          AIDE_Documentation_Binder_v64.md  (69 files, 695538 bytes)

[_rebuild]
  INCLUDED         AIDE_Component_PurposeLines_v2.md  (sha256 b1836489f28b)
  INCLUDED         AIDE_Rebuild_Guide_v1.md  (sha256 01ceb45e507b)
  INCLUDED         AIDE_Rebuild_Overview_v1.md  (sha256 5a65c44f5991)
  INCLUDED         AIDE_Rebuild_SettledDecisions_v1.md  (sha256 33593102e982)
  INCLUDED         ProjectDesign_Decisions_Pending_v1.md  (sha256 647aacf4c1ad)
  INCLUDED         ProjectDesign_Design_Pending_v1.md  (sha256 587bc4c6165f)
  INCLUDED         ProjectDesign_StandardInputs_Pending_v1.md  (sha256 710b74bb0958)
  INCLUDED         ProjectDesign_WorkRegister_Pending_v1.md  (sha256 638ebbfb6eef)
  SKIPPED          AIDE_DesignApproach_WIP_v1.md: matches exclude_files pattern "*_WIP_*"
  SKIPPED          AIDE_Rebuild_WIP_v24.md: matches exclude_files pattern "*_WIP_*"

------------------------------------------------------------------------
Result: 69 included, 4 skipped, 1 written, 1 deleted
========================================================================

========================================================================
binder builder   2026-09-15 12:08:28   LIVE
binder:   AIDE_Documentation
root:     C:\Users\david\dev\repos\DigitalBusiness-AIDE\Documentation
settings: C:\Users\david\dev\repos\DigitalBusiness-AIDE\Documentation\_aide\utilities\binder-builder\binder_builder_AIDE_Documentation_settings.json
include:  ~/_rebuild
folders collected from: 14
change detection: AIDE_Documentation_Binder_v65.md: 4 added, 5 removed, 2 changed (Core/Core_Brief_v2.md, Core/Core_Decisions_v1.md, Core/Core_Design_v1.md, and 8 more) - rebuilding
------------------------------------------------------------------------

[.]
  INCLUDED         AIDE_Solution_Map.md  (sha256 3c2294f7ae2b)
  SKIPPED          AIDE_Documentation_WIP_v13.md: matches exclude_files pattern "*_WIP_*"
  SKIPPED          AIDE_Orchestration_WIP_v1.md: matches exclude_files pattern "*_WIP_*"

[Core]
  INCLUDED         _index.md  (sha256 31c7a15e03eb)
  INCLUDED         Core_AIDEMap.md  (sha256 fd95d6407fb1)
  INCLUDED         Core_AIDEPrinciples_Decisions_v1.md  (sha256 655de3e64709)
  INCLUDED         Core_AIDEPrinciples_Design_v1.md  (sha256 60e20e8d0b9d)
  INCLUDED         Core_Brief_v2.md  (sha256 23d1f1d1f622)
  INCLUDED         Core_Charter_v1.md  (sha256 3e5f5332b783)
  INCLUDED         Core_Decisions_v1.md  (sha256 2545fa050c39)
  INCLUDED         Core_Design_v1.md  (sha256 18fbae301399)
  INCLUDED         Core_Schema_Standard_v3.md  (sha256 49c6de8da5bb)
  INCLUDED         Core_Structure_Decisions_v1.md  (sha256 2217f6768b89)
  INCLUDED         Core_Structure_Design_v1.md  (sha256 f464dc43de50)
  INCLUDED         Core_Tags_Working_v1.md  (sha256 ae6557378adf)

[Documentation Methodology]
  INCLUDED         _index.md  (sha256 c3441fd9e4b4)
  INCLUDED         DocMeth_Brief_v1.md  (sha256 60c5cf3f5d79)
  INCLUDED         DocMeth_Decisions_v7.md  (sha256 15daf15e27ef)
  INCLUDED         DocMeth_Design_v6.md  (sha256 8b5d6a24a5d7)
  INCLUDED         DocMeth_Working_v9.md  (sha256 952a2287d1d0)
  INCLUDED         DocumentationMethodology_SchemaAuthoring_Standard_v1.md  (sha256 37a837a65cb3)
  INCLUDED         DocumentationMethodology_SchemaDefinitions_Standard_v1.md  (sha256 8098d9714c57)
  INCLUDED         DocumentationMethodology_Standard_v1.md  (sha256 8301aa2a0395)

[Infrastructure]
  INCLUDED         _index.md  (sha256 fb736219786c)
  INCLUDED         Infrastructure_CLI_Decisions_v1.md  (sha256 7a16726b5162)
  INCLUDED         Infrastructure_CLI_Design_v1.md  (sha256 12e05744ff4a)
  INCLUDED         Infrastructure_Working_v1.md  (sha256 1d7a11e25a57)

[Infrastructure\binder-builder]
  INCLUDED         binder_builder_Documentation_settings.json  (sha256 b9b89306305b)
  INCLUDED         BinderBuilder_Design_v10.md  (sha256 07a3284570d1)
  INCLUDED         README.md  (sha256 9c905047ab5a)

[Infrastructure\file-update-package]
  INCLUDED         file_update_package_settings.json  (sha256 15617061295c)
  INCLUDED         FileUpdatePackage_Design_v2.md  (sha256 142b729606f8)
  INCLUDED         README.md  (sha256 747bc371ff85)

[Infrastructure\version-cleanup]
  INCLUDED         README.md  (sha256 307a43363adb)
  INCLUDED         version_cleanup_settings.json  (sha256 c17e9142e485)
  INCLUDED         VersionCleanup_Design_v3.md  (sha256 329d08514ab2)

[Principles]
  INCLUDED         Principles_Decisions_v5.md  (sha256 33df0c86fba0)
  INCLUDED         Principles_Design_v5.md  (sha256 ba6e146bf1b7)
  INCLUDED         Principles_Standard_v2.md  (sha256 a2c5cf6f320d)

[Project Design]
  INCLUDED         _index.md  (sha256 589d24282970)
  INCLUDED         ProjectDesign_Decisions_v3.md  (sha256 61029b610785)
  INCLUDED         ProjectDesign_Design_v3.md  (sha256 845df7d3ba79)
  INCLUDED         ProjectDesign_Schema_Standard_v1.md  (sha256 23316ba5d013)
  INCLUDED         ProjectDesign_Standard_v4.md  (sha256 df3c448516ae)

[Standards]
  INCLUDED         _index.md  (sha256 3bd4678a60c0)
  INCLUDED         Standards_Authoring_Standard_v8.md  (sha256 e52f99825c80)
  INCLUDED         Standards_Consumption_Standard_v3.md  (sha256 b801499930ac)
  INCLUDED         Standards_Decisions_v4.md  (sha256 fcda250bc8aa)
  INCLUDED         Standards_Design_v3.md  (sha256 4a6a79a3a0f1)
  INCLUDED         Standards_Working_v1.md  (sha256 9677537477ab)

[Tools]
  INCLUDED         _index.md  (sha256 7bb05b130edc)
  INCLUDED         Tools_Authoring_Standard_v8.md  (sha256 d05452eddaa6)
  INCLUDED         Tools_Decisions_v7.md  (sha256 f83f2411202f)
  INCLUDED         Tools_Design_v6.md  (sha256 62b2eb15c979)

[Working Practices]
  INCLUDED         _index.md  (sha256 f1d40d14c547)
  INCLUDED         WP_Capture_Working_v1.md  (sha256 54171d4dea8b)
  INCLUDED         WP_ContentDelivery_Working_v1.md  (sha256 6b858ff04f50)
  INCLUDED         WP_WorkManagement_Working_v1.md  (sha256 59a0bba2401c)

[Working Practices\FileOps]
  INCLUDED         WP_FileOps_Working_v1.md  (sha256 f2ffcdd7c76f)

[_binder]
  DELETED          AIDE_Documentation_Binder_v65.md
  WRITTEN          AIDE_Documentation_Binder_v66.md  (65 files, 681429 bytes)

[_rebuild]
  INCLUDED         AIDE_Component_PurposeLines_v2.md  (sha256 b1836489f28b)
  INCLUDED         AIDE_Rebuild_Guide_v1.md  (sha256 01ceb45e507b)
  INCLUDED         AIDE_Rebuild_Overview_v1.md  (sha256 5a65c44f5991)
  INCLUDED         AIDE_Rebuild_SettledDecisions_v1.md  (sha256 33593102e982)
  INCLUDED         ProjectDesign_Decisions_Pending_v1.md  (sha256 647aacf4c1ad)
  INCLUDED         ProjectDesign_Design_Pending_v1.md  (sha256 587bc4c6165f)
  INCLUDED         ProjectDesign_StandardInputs_Pending_v1.md  (sha256 710b74bb0958)
  INCLUDED         ProjectDesign_WorkRegister_Pending_v1.md  (sha256 638ebbfb6eef)
  SKIPPED          AIDE_DesignApproach_WIP_v1.md: matches exclude_files pattern "*_WIP_*"
  SKIPPED          AIDE_Rebuild_WIP_v24.md: matches exclude_files pattern "*_WIP_*"

------------------------------------------------------------------------
Result: 65 included, 4 skipped, 1 written, 1 deleted
========================================================================

========================================================================
binder builder   2026-09-15 12:19:59   LIVE
binder:   AIDE_Documentation
root:     C:\Users\david\dev\repos\DigitalBusiness-AIDE\Documentation
settings: C:\Users\david\dev\repos\DigitalBusiness-AIDE\Documentation\_aide\utilities\binder-builder\binder_builder_AIDE_Documentation_settings.json
include:  ~/_rebuild
folders collected from: 14
change detection: AIDE_Documentation_Binder_v66.md: 65 file(s) in scope, all matching the manifest - binder not rebuilt
------------------------------------------------------------------------

[.]
  SKIPPED          AIDE_Documentation_WIP_v13.md: matches exclude_files pattern "*_WIP_*"
  SKIPPED          AIDE_Orchestration_WIP_v1.md: matches exclude_files pattern "*_WIP_*"

[_binder]
  NO CHANGES       no changes detected since AIDE_Documentation_Binder_v66.md; binder not rebuilt

[_rebuild]
  SKIPPED          AIDE_DesignApproach_WIP_v1.md: matches exclude_files pattern "*_WIP_*"
  SKIPPED          AIDE_Rebuild_WIP_v24.md: matches exclude_files pattern "*_WIP_*"

------------------------------------------------------------------------
Result: 4 skipped, 1 no changes
========================================================================

========================================================================
binder builder   2026-09-15 12:21:49   LIVE
binder:   AIDE_Documentation
root:     C:\Users\david\dev\repos\DigitalBusiness-AIDE\Documentation
settings: C:\Users\david\dev\repos\DigitalBusiness-AIDE\Documentation\_aide\utilities\binder-builder\binder_builder_AIDE_Documentation_settings.json
include:  ~/_rebuild
folders collected from: 14
change detection: AIDE_Documentation_Binder_v66.md: 1 changed (Core/Core_Design_v1.md) - rebuilding
------------------------------------------------------------------------

[.]
  INCLUDED         AIDE_Solution_Map.md  (sha256 3c2294f7ae2b)
  SKIPPED          AIDE_Documentation_WIP_v13.md: matches exclude_files pattern "*_WIP_*"
  SKIPPED          AIDE_Orchestration_WIP_v1.md: matches exclude_files pattern "*_WIP_*"

[Core]
  INCLUDED         _index.md  (sha256 31c7a15e03eb)
  INCLUDED         Core_AIDEMap.md  (sha256 fd95d6407fb1)
  INCLUDED         Core_AIDEPrinciples_Decisions_v1.md  (sha256 655de3e64709)
  INCLUDED         Core_AIDEPrinciples_Design_v1.md  (sha256 60e20e8d0b9d)
  INCLUDED         Core_Brief_v2.md  (sha256 23d1f1d1f622)
  INCLUDED         Core_Charter_v1.md  (sha256 3e5f5332b783)
  INCLUDED         Core_Decisions_v1.md  (sha256 2545fa050c39)
  INCLUDED         Core_Design_v1.md  (sha256 e36645adafbd)
  INCLUDED         Core_Schema_Standard_v3.md  (sha256 49c6de8da5bb)
  INCLUDED         Core_Structure_Decisions_v1.md  (sha256 2217f6768b89)
  INCLUDED         Core_Structure_Design_v1.md  (sha256 f464dc43de50)
  INCLUDED         Core_Tags_Working_v1.md  (sha256 ae6557378adf)

[Documentation Methodology]
  INCLUDED         _index.md  (sha256 c3441fd9e4b4)
  INCLUDED         DocMeth_Brief_v1.md  (sha256 60c5cf3f5d79)
  INCLUDED         DocMeth_Decisions_v7.md  (sha256 15daf15e27ef)
  INCLUDED         DocMeth_Design_v6.md  (sha256 8b5d6a24a5d7)
  INCLUDED         DocMeth_Working_v9.md  (sha256 952a2287d1d0)
  INCLUDED         DocumentationMethodology_SchemaAuthoring_Standard_v1.md  (sha256 37a837a65cb3)
  INCLUDED         DocumentationMethodology_SchemaDefinitions_Standard_v1.md  (sha256 8098d9714c57)
  INCLUDED         DocumentationMethodology_Standard_v1.md  (sha256 8301aa2a0395)

[Infrastructure]
  INCLUDED         _index.md  (sha256 fb736219786c)
  INCLUDED         Infrastructure_CLI_Decisions_v1.md  (sha256 7a16726b5162)
  INCLUDED         Infrastructure_CLI_Design_v1.md  (sha256 12e05744ff4a)
  INCLUDED         Infrastructure_Working_v1.md  (sha256 1d7a11e25a57)

[Infrastructure\binder-builder]
  INCLUDED         binder_builder_Documentation_settings.json  (sha256 b9b89306305b)
  INCLUDED         BinderBuilder_Design_v10.md  (sha256 07a3284570d1)
  INCLUDED         README.md  (sha256 9c905047ab5a)

[Infrastructure\file-update-package]
  INCLUDED         file_update_package_settings.json  (sha256 15617061295c)
  INCLUDED         FileUpdatePackage_Design_v2.md  (sha256 142b729606f8)
  INCLUDED         README.md  (sha256 747bc371ff85)

[Infrastructure\version-cleanup]
  INCLUDED         README.md  (sha256 307a43363adb)
  INCLUDED         version_cleanup_settings.json  (sha256 c17e9142e485)
  INCLUDED         VersionCleanup_Design_v3.md  (sha256 329d08514ab2)

[Principles]
  INCLUDED         Principles_Decisions_v5.md  (sha256 33df0c86fba0)
  INCLUDED         Principles_Design_v5.md  (sha256 ba6e146bf1b7)
  INCLUDED         Principles_Standard_v2.md  (sha256 a2c5cf6f320d)

[Project Design]
  INCLUDED         _index.md  (sha256 589d24282970)
  INCLUDED         ProjectDesign_Decisions_v3.md  (sha256 61029b610785)
  INCLUDED         ProjectDesign_Design_v3.md  (sha256 845df7d3ba79)
  INCLUDED         ProjectDesign_Schema_Standard_v1.md  (sha256 23316ba5d013)
  INCLUDED         ProjectDesign_Standard_v4.md  (sha256 df3c448516ae)

[Standards]
  INCLUDED         _index.md  (sha256 3bd4678a60c0)
  INCLUDED         Standards_Authoring_Standard_v8.md  (sha256 e52f99825c80)
  INCLUDED         Standards_Consumption_Standard_v3.md  (sha256 b801499930ac)
  INCLUDED         Standards_Decisions_v4.md  (sha256 fcda250bc8aa)
  INCLUDED         Standards_Design_v3.md  (sha256 4a6a79a3a0f1)
  INCLUDED         Standards_Working_v1.md  (sha256 9677537477ab)

[Tools]
  INCLUDED         _index.md  (sha256 7bb05b130edc)
  INCLUDED         Tools_Authoring_Standard_v8.md  (sha256 d05452eddaa6)
  INCLUDED         Tools_Decisions_v7.md  (sha256 f83f2411202f)
  INCLUDED         Tools_Design_v6.md  (sha256 62b2eb15c979)

[Working Practices]
  INCLUDED         _index.md  (sha256 f1d40d14c547)
  INCLUDED         WP_Capture_Working_v1.md  (sha256 54171d4dea8b)
  INCLUDED         WP_ContentDelivery_Working_v1.md  (sha256 6b858ff04f50)
  INCLUDED         WP_WorkManagement_Working_v1.md  (sha256 59a0bba2401c)

[Working Practices\FileOps]
  INCLUDED         WP_FileOps_Working_v1.md  (sha256 f2ffcdd7c76f)

[_binder]
  DELETED          AIDE_Documentation_Binder_v66.md
  WRITTEN          AIDE_Documentation_Binder_v67.md  (65 files, 682281 bytes)

[_rebuild]
  INCLUDED         AIDE_Component_PurposeLines_v2.md  (sha256 b1836489f28b)
  INCLUDED         AIDE_Rebuild_Guide_v1.md  (sha256 01ceb45e507b)
  INCLUDED         AIDE_Rebuild_Overview_v1.md  (sha256 5a65c44f5991)
  INCLUDED         AIDE_Rebuild_SettledDecisions_v1.md  (sha256 33593102e982)
  INCLUDED         ProjectDesign_Decisions_Pending_v1.md  (sha256 647aacf4c1ad)
  INCLUDED         ProjectDesign_Design_Pending_v1.md  (sha256 587bc4c6165f)
  INCLUDED         ProjectDesign_StandardInputs_Pending_v1.md  (sha256 710b74bb0958)
  INCLUDED         ProjectDesign_WorkRegister_Pending_v1.md  (sha256 638ebbfb6eef)
  SKIPPED          AIDE_DesignApproach_WIP_v1.md: matches exclude_files pattern "*_WIP_*"
  SKIPPED          AIDE_Rebuild_WIP_v24.md: matches exclude_files pattern "*_WIP_*"

------------------------------------------------------------------------
Result: 65 included, 4 skipped, 1 written, 1 deleted
========================================================================

========================================================================
binder builder   2026-09-15 14:26:20   LIVE
binder:   AIDE_Documentation
root:     C:\Users\david\dev\repos\DigitalBusiness-AIDE\Documentation
settings: C:\Users\david\dev\repos\DigitalBusiness-AIDE\Documentation\_aide\utilities\binder-builder\binder_builder_AIDE_Documentation_settings.json
include:  ~/_rebuild
folders collected from: 14
change detection: AIDE_Documentation_Binder_v67.md: 6 added (Working Practices/WP_Brief_v1.md, Working Practices/WP_Decisions_v1.md, Working Practices/WP_Design_v1.md, and 3 more) - rebuilding
------------------------------------------------------------------------

[.]
  INCLUDED         AIDE_Solution_Map.md  (sha256 3c2294f7ae2b)
  SKIPPED          AIDE_Documentation_WIP_v13.md: matches exclude_files pattern "*_WIP_*"
  SKIPPED          AIDE_Orchestration_WIP_v1.md: matches exclude_files pattern "*_WIP_*"

[Core]
  INCLUDED         _index.md  (sha256 31c7a15e03eb)
  INCLUDED         Core_AIDEMap.md  (sha256 fd95d6407fb1)
  INCLUDED         Core_AIDEPrinciples_Decisions_v1.md  (sha256 655de3e64709)
  INCLUDED         Core_AIDEPrinciples_Design_v1.md  (sha256 60e20e8d0b9d)
  INCLUDED         Core_Brief_v2.md  (sha256 23d1f1d1f622)
  INCLUDED         Core_Charter_v1.md  (sha256 3e5f5332b783)
  INCLUDED         Core_Decisions_v1.md  (sha256 2545fa050c39)
  INCLUDED         Core_Design_v1.md  (sha256 e36645adafbd)
  INCLUDED         Core_Schema_Standard_v3.md  (sha256 49c6de8da5bb)
  INCLUDED         Core_Structure_Decisions_v1.md  (sha256 2217f6768b89)
  INCLUDED         Core_Structure_Design_v1.md  (sha256 f464dc43de50)
  INCLUDED         Core_Tags_Working_v1.md  (sha256 ae6557378adf)

[Documentation Methodology]
  INCLUDED         _index.md  (sha256 c3441fd9e4b4)
  INCLUDED         DocMeth_Brief_v1.md  (sha256 60c5cf3f5d79)
  INCLUDED         DocMeth_Decisions_v7.md  (sha256 15daf15e27ef)
  INCLUDED         DocMeth_Design_v6.md  (sha256 8b5d6a24a5d7)
  INCLUDED         DocMeth_Working_v9.md  (sha256 952a2287d1d0)
  INCLUDED         DocumentationMethodology_SchemaAuthoring_Standard_v1.md  (sha256 37a837a65cb3)
  INCLUDED         DocumentationMethodology_SchemaDefinitions_Standard_v1.md  (sha256 8098d9714c57)
  INCLUDED         DocumentationMethodology_Standard_v1.md  (sha256 8301aa2a0395)

[Infrastructure]
  INCLUDED         _index.md  (sha256 fb736219786c)
  INCLUDED         Infrastructure_CLI_Decisions_v1.md  (sha256 7a16726b5162)
  INCLUDED         Infrastructure_CLI_Design_v1.md  (sha256 12e05744ff4a)
  INCLUDED         Infrastructure_Working_v1.md  (sha256 1d7a11e25a57)

[Infrastructure\binder-builder]
  INCLUDED         binder_builder_Documentation_settings.json  (sha256 b9b89306305b)
  INCLUDED         BinderBuilder_Design_v10.md  (sha256 07a3284570d1)
  INCLUDED         README.md  (sha256 9c905047ab5a)

[Infrastructure\file-update-package]
  INCLUDED         file_update_package_settings.json  (sha256 15617061295c)
  INCLUDED         FileUpdatePackage_Design_v2.md  (sha256 142b729606f8)
  INCLUDED         README.md  (sha256 747bc371ff85)

[Infrastructure\version-cleanup]
  INCLUDED         README.md  (sha256 307a43363adb)
  INCLUDED         version_cleanup_settings.json  (sha256 c17e9142e485)
  INCLUDED         VersionCleanup_Design_v3.md  (sha256 329d08514ab2)

[Principles]
  INCLUDED         Principles_Decisions_v5.md  (sha256 33df0c86fba0)
  INCLUDED         Principles_Design_v5.md  (sha256 ba6e146bf1b7)
  INCLUDED         Principles_Standard_v2.md  (sha256 a2c5cf6f320d)

[Project Design]
  INCLUDED         _index.md  (sha256 589d24282970)
  INCLUDED         ProjectDesign_Decisions_v3.md  (sha256 61029b610785)
  INCLUDED         ProjectDesign_Design_v3.md  (sha256 845df7d3ba79)
  INCLUDED         ProjectDesign_Schema_Standard_v1.md  (sha256 23316ba5d013)
  INCLUDED         ProjectDesign_Standard_v4.md  (sha256 df3c448516ae)

[Standards]
  INCLUDED         _index.md  (sha256 3bd4678a60c0)
  INCLUDED         Standards_Authoring_Standard_v8.md  (sha256 e52f99825c80)
  INCLUDED         Standards_Consumption_Standard_v3.md  (sha256 b801499930ac)
  INCLUDED         Standards_Decisions_v4.md  (sha256 fcda250bc8aa)
  INCLUDED         Standards_Design_v3.md  (sha256 4a6a79a3a0f1)
  INCLUDED         Standards_Working_v1.md  (sha256 9677537477ab)

[Tools]
  INCLUDED         _index.md  (sha256 7bb05b130edc)
  INCLUDED         Tools_Authoring_Standard_v8.md  (sha256 d05452eddaa6)
  INCLUDED         Tools_Decisions_v7.md  (sha256 f83f2411202f)
  INCLUDED         Tools_Design_v6.md  (sha256 62b2eb15c979)

[Working Practices]
  INCLUDED         _index.md  (sha256 f1d40d14c547)
  INCLUDED         WP_Brief_v1.md  (sha256 4a970773c638)
  INCLUDED         WP_Capture_Working_v1.md  (sha256 54171d4dea8b)
  INCLUDED         WP_ContentDelivery_Working_v1.md  (sha256 6b858ff04f50)
  INCLUDED         WP_Decisions_v1.md  (sha256 129dd0efccb0)
  INCLUDED         WP_Design_v1.md  (sha256 f7eba7256597)
  INCLUDED         WP_WorkManagement_Working_v1.md  (sha256 59a0bba2401c)

[Working Practices\FileOps]
  INCLUDED         WP_FileOps_Working_v1.md  (sha256 f2ffcdd7c76f)

[_binder]
  DELETED          AIDE_Documentation_Binder_v67.md
  WRITTEN          AIDE_Documentation_Binder_v68.md  (71 files, 721883 bytes)

[_rebuild]
  INCLUDED         AIDE_Component_PurposeLines_v2.md  (sha256 b1836489f28b)
  INCLUDED         AIDE_Rebuild_Guide_v1.md  (sha256 01ceb45e507b)
  INCLUDED         AIDE_Rebuild_Overview_v1.md  (sha256 5a65c44f5991)
  INCLUDED         AIDE_Rebuild_SettledDecisions_v1.md  (sha256 33593102e982)
  INCLUDED         Assurance_Brief_Sketch_v1.md  (sha256 4fe1f626645a)
  INCLUDED         ProjectDesign_Decisions_Pending_v1.md  (sha256 647aacf4c1ad)
  INCLUDED         ProjectDesign_Design_Pending_v1.md  (sha256 587bc4c6165f)
  INCLUDED         ProjectDesign_StandardInputs_Pending_v1.md  (sha256 710b74bb0958)
  INCLUDED         ProjectDesign_WorkRegister_Pending_v1.md  (sha256 638ebbfb6eef)
  INCLUDED         WP_Check1_Assessment_v1.md  (sha256 dba57b98ffda)
  INCLUDED         WP_CoreCarries_v1.md  (sha256 bdd10968efe3)
  SKIPPED          AIDE_DesignApproach_WIP_v1.md: matches exclude_files pattern "*_WIP_*"
  SKIPPED          AIDE_Rebuild_WIP_v24.md: matches exclude_files pattern "*_WIP_*"

------------------------------------------------------------------------
Result: 71 included, 4 skipped, 1 written, 1 deleted
========================================================================

========================================================================
binder builder   2026-09-15 14:29:16   LIVE
binder:   AIDE_Documentation
root:     C:\Users\david\dev\repos\DigitalBusiness-AIDE\Documentation
settings: C:\Users\david\dev\repos\DigitalBusiness-AIDE\Documentation\_aide\utilities\binder-builder\binder_builder_AIDE_Documentation_settings.json
include:  ~/_rebuild
folders collected from: 14
change detection: AIDE_Documentation_Binder_v68.md: 71 file(s) in scope, all matching the manifest - binder not rebuilt
------------------------------------------------------------------------

[.]
  SKIPPED          AIDE_Documentation_WIP_v14.md: matches exclude_files pattern "*_WIP_*"
  SKIPPED          AIDE_Orchestration_WIP_v1.md: matches exclude_files pattern "*_WIP_*"

[_binder]
  NO CHANGES       no changes detected since AIDE_Documentation_Binder_v68.md; binder not rebuilt

[_rebuild]
  SKIPPED          AIDE_DesignApproach_WIP_v1.md: matches exclude_files pattern "*_WIP_*"
  SKIPPED          AIDE_Rebuild_WIP_v24.md: matches exclude_files pattern "*_WIP_*"

------------------------------------------------------------------------
Result: 4 skipped, 1 no changes
========================================================================

========================================================================
binder builder   2026-09-15 17:56:36   LIVE
binder:   AIDE_Documentation
root:     C:\Users\david\dev\repos\DigitalBusiness-AIDE\Documentation
settings: C:\Users\david\dev\repos\DigitalBusiness-AIDE\Documentation\_aide\utilities\binder-builder\binder_builder_AIDE_Documentation_settings.json
include:  ~/_rebuild
folders collected from: 14
change detection: AIDE_Documentation_Binder_v68.md: 5 added, 4 removed (Working Practices/WP_Decisions_v2.md, Working Practices/WP_Design_v2.md, _rebuild/Assurance_Brief_Sketch_v2.md, and 6 more) - rebuilding
------------------------------------------------------------------------

[.]
  INCLUDED         AIDE_Solution_Map.md  (sha256 3c2294f7ae2b)
  SKIPPED          AIDE_Documentation_WIP_v15.md: matches exclude_files pattern "*_WIP_*"
  SKIPPED          AIDE_Orchestration_WIP_v1.md: matches exclude_files pattern "*_WIP_*"

[Core]
  INCLUDED         _index.md  (sha256 31c7a15e03eb)
  INCLUDED         Core_AIDEMap.md  (sha256 fd95d6407fb1)
  INCLUDED         Core_AIDEPrinciples_Decisions_v1.md  (sha256 655de3e64709)
  INCLUDED         Core_AIDEPrinciples_Design_v1.md  (sha256 60e20e8d0b9d)
  INCLUDED         Core_Brief_v2.md  (sha256 23d1f1d1f622)
  INCLUDED         Core_Charter_v1.md  (sha256 3e5f5332b783)
  INCLUDED         Core_Decisions_v1.md  (sha256 2545fa050c39)
  INCLUDED         Core_Design_v1.md  (sha256 e36645adafbd)
  INCLUDED         Core_Schema_Standard_v3.md  (sha256 49c6de8da5bb)
  INCLUDED         Core_Structure_Decisions_v1.md  (sha256 2217f6768b89)
  INCLUDED         Core_Structure_Design_v1.md  (sha256 f464dc43de50)
  INCLUDED         Core_Tags_Working_v1.md  (sha256 ae6557378adf)

[Documentation Methodology]
  INCLUDED         _index.md  (sha256 c3441fd9e4b4)
  INCLUDED         DocMeth_Brief_v1.md  (sha256 60c5cf3f5d79)
  INCLUDED         DocMeth_Decisions_v7.md  (sha256 15daf15e27ef)
  INCLUDED         DocMeth_Design_v6.md  (sha256 8b5d6a24a5d7)
  INCLUDED         DocMeth_Working_v9.md  (sha256 952a2287d1d0)
  INCLUDED         DocumentationMethodology_SchemaAuthoring_Standard_v1.md  (sha256 37a837a65cb3)
  INCLUDED         DocumentationMethodology_SchemaDefinitions_Standard_v1.md  (sha256 8098d9714c57)
  INCLUDED         DocumentationMethodology_Standard_v1.md  (sha256 8301aa2a0395)

[Infrastructure]
  INCLUDED         _index.md  (sha256 fb736219786c)
  INCLUDED         Infrastructure_CLI_Decisions_v1.md  (sha256 7a16726b5162)
  INCLUDED         Infrastructure_CLI_Design_v1.md  (sha256 12e05744ff4a)
  INCLUDED         Infrastructure_Working_v1.md  (sha256 1d7a11e25a57)

[Infrastructure\binder-builder]
  INCLUDED         binder_builder_Documentation_settings.json  (sha256 b9b89306305b)
  INCLUDED         BinderBuilder_Design_v10.md  (sha256 07a3284570d1)
  INCLUDED         README.md  (sha256 9c905047ab5a)

[Infrastructure\file-update-package]
  INCLUDED         file_update_package_settings.json  (sha256 15617061295c)
  INCLUDED         FileUpdatePackage_Design_v2.md  (sha256 142b729606f8)
  INCLUDED         README.md  (sha256 747bc371ff85)

[Infrastructure\version-cleanup]
  INCLUDED         README.md  (sha256 307a43363adb)
  INCLUDED         version_cleanup_settings.json  (sha256 c17e9142e485)
  INCLUDED         VersionCleanup_Design_v3.md  (sha256 329d08514ab2)

[Principles]
  INCLUDED         Principles_Decisions_v5.md  (sha256 33df0c86fba0)
  INCLUDED         Principles_Design_v5.md  (sha256 ba6e146bf1b7)
  INCLUDED         Principles_Standard_v2.md  (sha256 a2c5cf6f320d)

[Project Design]
  INCLUDED         _index.md  (sha256 589d24282970)
  INCLUDED         ProjectDesign_Decisions_v3.md  (sha256 61029b610785)
  INCLUDED         ProjectDesign_Design_v3.md  (sha256 845df7d3ba79)
  INCLUDED         ProjectDesign_Schema_Standard_v1.md  (sha256 23316ba5d013)
  INCLUDED         ProjectDesign_Standard_v4.md  (sha256 df3c448516ae)

[Standards]
  INCLUDED         _index.md  (sha256 3bd4678a60c0)
  INCLUDED         Standards_Authoring_Standard_v8.md  (sha256 e52f99825c80)
  INCLUDED         Standards_Consumption_Standard_v3.md  (sha256 b801499930ac)
  INCLUDED         Standards_Decisions_v4.md  (sha256 fcda250bc8aa)
  INCLUDED         Standards_Design_v3.md  (sha256 4a6a79a3a0f1)
  INCLUDED         Standards_Working_v1.md  (sha256 9677537477ab)

[Tools]
  INCLUDED         _index.md  (sha256 7bb05b130edc)
  INCLUDED         Tools_Authoring_Standard_v8.md  (sha256 d05452eddaa6)
  INCLUDED         Tools_Decisions_v7.md  (sha256 f83f2411202f)
  INCLUDED         Tools_Design_v6.md  (sha256 62b2eb15c979)

[Working Practices]
  INCLUDED         _index.md  (sha256 f1d40d14c547)
  INCLUDED         WP_Brief_v1.md  (sha256 4a970773c638)
  INCLUDED         WP_Capture_Working_v1.md  (sha256 54171d4dea8b)
  INCLUDED         WP_ContentDelivery_Working_v1.md  (sha256 6b858ff04f50)
  INCLUDED         WP_Decisions_v2.md  (sha256 4f8e32b0cc88)
  INCLUDED         WP_Design_v2.md  (sha256 1daab8c38faa)
  INCLUDED         WP_WorkManagement_Working_v1.md  (sha256 59a0bba2401c)

[Working Practices\FileOps]
  INCLUDED         WP_FileOps_Working_v1.md  (sha256 f2ffcdd7c76f)

[_binder]
  DELETED          AIDE_Documentation_Binder_v68.md
  WRITTEN          AIDE_Documentation_Binder_v69.md  (72 files, 731004 bytes)

[_rebuild]
  INCLUDED         AIDE_Component_PurposeLines_v2.md  (sha256 b1836489f28b)
  INCLUDED         AIDE_Rebuild_Guide_v1.md  (sha256 01ceb45e507b)
  INCLUDED         AIDE_Rebuild_Overview_v1.md  (sha256 5a65c44f5991)
  INCLUDED         AIDE_Rebuild_SettledDecisions_v1.md  (sha256 33593102e982)
  INCLUDED         Assurance_Brief_Sketch_v2.md  (sha256 1c61ea8c6846)
  INCLUDED         Build_Input_Working_v1.md  (sha256 1bb3513464e6)
  INCLUDED         ProjectDesign_Decisions_Pending_v1.md  (sha256 647aacf4c1ad)
  INCLUDED         ProjectDesign_Design_Pending_v1.md  (sha256 587bc4c6165f)
  INCLUDED         ProjectDesign_StandardInputs_Pending_v1.md  (sha256 710b74bb0958)
  INCLUDED         ProjectDesign_WorkRegister_Pending_v1.md  (sha256 638ebbfb6eef)
  INCLUDED         WP_Check1_Assessment_v1.md  (sha256 dba57b98ffda)
  INCLUDED         WP_CoreCarries_v2.md  (sha256 2f3ab75ce434)
  SKIPPED          AIDE_DesignApproach_WIP_v1.md: matches exclude_files pattern "*_WIP_*"
  SKIPPED          AIDE_Rebuild_WIP_v24.md: matches exclude_files pattern "*_WIP_*"

------------------------------------------------------------------------
Result: 72 included, 4 skipped, 1 written, 1 deleted
========================================================================

========================================================================
binder builder   2026-09-15 19:53:49   LIVE
binder:   AIDE_Documentation
root:     C:\Users\david\dev\repos\DigitalBusiness-AIDE\Documentation
settings: C:\Users\david\dev\repos\DigitalBusiness-AIDE\Documentation\_aide\utilities\binder-builder\binder_builder_AIDE_Documentation_settings.json
include:  ~/_rebuild
folders collected from: 16
change detection: AIDE_Documentation_Binder_v69.md: 4 added (AIDE_Orchestration_Investigation_Findings.md, Assurance/Assurance_Decisions_v1.md, Assurance/Assurance_Design_v1.md, and 1 more) - rebuilding
------------------------------------------------------------------------

[.]
  INCLUDED         AIDE_Orchestration_Investigation_Findings.md  (sha256 e7c281c19fb4)
  INCLUDED         AIDE_Solution_Map.md  (sha256 3c2294f7ae2b)
  SKIPPED          AIDE_Documentation_WIP_v15.md: matches exclude_files pattern "*_WIP_*"
  SKIPPED          AIDE_Orchestration_WIP_v1.md: matches exclude_files pattern "*_WIP_*"

[Assurance]
  INCLUDED         _index.md  (sha256 fde4b0521828)
  INCLUDED         Assurance_Decisions_v1.md  (sha256 23b64a56b9c6)
  INCLUDED         Assurance_Design_v1.md  (sha256 892f555cbc92)

[Core]
  INCLUDED         _index.md  (sha256 31c7a15e03eb)
  INCLUDED         Core_AIDEMap.md  (sha256 fd95d6407fb1)
  INCLUDED         Core_AIDEPrinciples_Decisions_v1.md  (sha256 655de3e64709)
  INCLUDED         Core_AIDEPrinciples_Design_v1.md  (sha256 60e20e8d0b9d)
  INCLUDED         Core_Brief_v2.md  (sha256 23d1f1d1f622)
  INCLUDED         Core_Charter_v1.md  (sha256 3e5f5332b783)
  INCLUDED         Core_Decisions_v1.md  (sha256 2545fa050c39)
  INCLUDED         Core_Design_v1.md  (sha256 e36645adafbd)
  INCLUDED         Core_Schema_Standard_v3.md  (sha256 49c6de8da5bb)
  INCLUDED         Core_Structure_Decisions_v1.md  (sha256 2217f6768b89)
  INCLUDED         Core_Structure_Design_v1.md  (sha256 f464dc43de50)
  INCLUDED         Core_Tags_Working_v1.md  (sha256 ae6557378adf)

[Documentation Methodology]
  INCLUDED         _index.md  (sha256 c3441fd9e4b4)
  INCLUDED         DocMeth_Brief_v1.md  (sha256 60c5cf3f5d79)
  INCLUDED         DocMeth_Decisions_v7.md  (sha256 15daf15e27ef)
  INCLUDED         DocMeth_Design_v6.md  (sha256 8b5d6a24a5d7)
  INCLUDED         DocMeth_Working_v9.md  (sha256 952a2287d1d0)
  INCLUDED         DocumentationMethodology_SchemaAuthoring_Standard_v1.md  (sha256 37a837a65cb3)
  INCLUDED         DocumentationMethodology_SchemaDefinitions_Standard_v1.md  (sha256 8098d9714c57)
  INCLUDED         DocumentationMethodology_Standard_v1.md  (sha256 8301aa2a0395)

[Infrastructure]
  INCLUDED         _index.md  (sha256 fb736219786c)
  INCLUDED         Infrastructure_CLI_Decisions_v1.md  (sha256 7a16726b5162)
  INCLUDED         Infrastructure_CLI_Design_v1.md  (sha256 12e05744ff4a)
  INCLUDED         Infrastructure_Working_v1.md  (sha256 1d7a11e25a57)

[Infrastructure\binder-builder]
  INCLUDED         binder_builder_Documentation_settings.json  (sha256 b9b89306305b)
  INCLUDED         BinderBuilder_Design_v10.md  (sha256 07a3284570d1)
  INCLUDED         README.md  (sha256 9c905047ab5a)

[Infrastructure\file-update-package]
  INCLUDED         file_update_package_settings.json  (sha256 15617061295c)
  INCLUDED         FileUpdatePackage_Design_v2.md  (sha256 142b729606f8)
  INCLUDED         README.md  (sha256 747bc371ff85)

[Infrastructure\version-cleanup]
  INCLUDED         README.md  (sha256 307a43363adb)
  INCLUDED         version_cleanup_settings.json  (sha256 c17e9142e485)
  INCLUDED         VersionCleanup_Design_v3.md  (sha256 329d08514ab2)

[Principles]
  INCLUDED         Principles_Decisions_v5.md  (sha256 33df0c86fba0)
  INCLUDED         Principles_Design_v5.md  (sha256 ba6e146bf1b7)
  INCLUDED         Principles_Standard_v2.md  (sha256 a2c5cf6f320d)

[Project Design]
  INCLUDED         _index.md  (sha256 589d24282970)
  INCLUDED         ProjectDesign_Decisions_v3.md  (sha256 61029b610785)
  INCLUDED         ProjectDesign_Design_v3.md  (sha256 845df7d3ba79)
  INCLUDED         ProjectDesign_Schema_Standard_v1.md  (sha256 23316ba5d013)
  INCLUDED         ProjectDesign_Standard_v4.md  (sha256 df3c448516ae)

[Standards]
  INCLUDED         _index.md  (sha256 3bd4678a60c0)
  INCLUDED         Standards_Authoring_Standard_v8.md  (sha256 e52f99825c80)
  INCLUDED         Standards_Consumption_Standard_v3.md  (sha256 b801499930ac)
  INCLUDED         Standards_Decisions_v4.md  (sha256 fcda250bc8aa)
  INCLUDED         Standards_Design_v3.md  (sha256 4a6a79a3a0f1)
  INCLUDED         Standards_Working_v1.md  (sha256 9677537477ab)

[Tools]
  INCLUDED         _index.md  (sha256 7bb05b130edc)
  INCLUDED         Tools_Authoring_Standard_v8.md  (sha256 d05452eddaa6)
  INCLUDED         Tools_Decisions_v7.md  (sha256 f83f2411202f)
  INCLUDED         Tools_Design_v6.md  (sha256 62b2eb15c979)

[Working Practices]
  INCLUDED         _index.md  (sha256 f1d40d14c547)
  INCLUDED         WP_Brief_v1.md  (sha256 4a970773c638)
  INCLUDED         WP_Capture_Working_v1.md  (sha256 54171d4dea8b)
  INCLUDED         WP_ContentDelivery_Working_v1.md  (sha256 6b858ff04f50)
  INCLUDED         WP_Decisions_v2.md  (sha256 4f8e32b0cc88)
  INCLUDED         WP_Design_v2.md  (sha256 1daab8c38faa)
  INCLUDED         WP_WorkManagement_Working_v1.md  (sha256 59a0bba2401c)

[Working Practices\FileOps]
  INCLUDED         WP_FileOps_Working_v1.md  (sha256 f2ffcdd7c76f)

[_binder]
  DELETED          AIDE_Documentation_Binder_v69.md
  WRITTEN          AIDE_Documentation_Binder_v70.md  (76 files, 803912 bytes)

[_rebuild]
  INCLUDED         AIDE_Component_PurposeLines_v2.md  (sha256 b1836489f28b)
  INCLUDED         AIDE_Rebuild_Guide_v1.md  (sha256 01ceb45e507b)
  INCLUDED         AIDE_Rebuild_Overview_v1.md  (sha256 5a65c44f5991)
  INCLUDED         AIDE_Rebuild_SettledDecisions_v1.md  (sha256 33593102e982)
  INCLUDED         Assurance_Brief_Sketch_v2.md  (sha256 1c61ea8c6846)
  INCLUDED         Build_Input_Working_v1.md  (sha256 1bb3513464e6)
  INCLUDED         ProjectDesign_Decisions_Pending_v1.md  (sha256 647aacf4c1ad)
  INCLUDED         ProjectDesign_Design_Pending_v1.md  (sha256 587bc4c6165f)
  INCLUDED         ProjectDesign_StandardInputs_Pending_v1.md  (sha256 710b74bb0958)
  INCLUDED         ProjectDesign_WorkRegister_Pending_v1.md  (sha256 638ebbfb6eef)
  INCLUDED         WP_Check1_Assessment_v1.md  (sha256 dba57b98ffda)
  INCLUDED         WP_CoreCarries_v2.md  (sha256 2f3ab75ce434)
  SKIPPED          AIDE_DesignApproach_WIP_v1.md: matches exclude_files pattern "*_WIP_*"
  SKIPPED          AIDE_Rebuild_WIP_v24.md: matches exclude_files pattern "*_WIP_*"

------------------------------------------------------------------------
Result: 76 included, 4 skipped, 1 written, 1 deleted
========================================================================

========================================================================
binder builder   2026-09-15 20:14:19   LIVE
binder:   AIDE_Documentation
root:     C:\Users\david\dev\repos\DigitalBusiness-AIDE\Documentation
settings: C:\Users\david\dev\repos\DigitalBusiness-AIDE\Documentation\_aide\utilities\binder-builder\binder_builder_AIDE_Documentation_settings.json
include:  ~/_rebuild
folders collected from: 16
change detection: AIDE_Documentation_Binder_v70.md: 2 added (Assurance/Assurance_Decisions_v2.md, Assurance/Assurance_Design_v2.md) - rebuilding
------------------------------------------------------------------------

[.]
  INCLUDED         AIDE_Orchestration_Investigation_Findings.md  (sha256 e7c281c19fb4)
  INCLUDED         AIDE_Solution_Map.md  (sha256 3c2294f7ae2b)
  SKIPPED          AIDE_Documentation_WIP_v15.md: matches exclude_files pattern "*_WIP_*"
  SKIPPED          AIDE_Orchestration_WIP_v1.md: matches exclude_files pattern "*_WIP_*"

[Assurance]
  INCLUDED         _index.md  (sha256 fde4b0521828)
  INCLUDED         Assurance_Decisions_v1.md  (sha256 23b64a56b9c6)
  INCLUDED         Assurance_Decisions_v2.md  (sha256 d2025a524d8d)
  INCLUDED         Assurance_Design_v1.md  (sha256 892f555cbc92)
  INCLUDED         Assurance_Design_v2.md  (sha256 9b518c0163e1)

[Core]
  INCLUDED         _index.md  (sha256 31c7a15e03eb)
  INCLUDED         Core_AIDEMap.md  (sha256 fd95d6407fb1)
  INCLUDED         Core_AIDEPrinciples_Decisions_v1.md  (sha256 655de3e64709)
  INCLUDED         Core_AIDEPrinciples_Design_v1.md  (sha256 60e20e8d0b9d)
  INCLUDED         Core_Brief_v2.md  (sha256 23d1f1d1f622)
  INCLUDED         Core_Charter_v1.md  (sha256 3e5f5332b783)
  INCLUDED         Core_Decisions_v1.md  (sha256 2545fa050c39)
  INCLUDED         Core_Design_v1.md  (sha256 e36645adafbd)
  INCLUDED         Core_Schema_Standard_v3.md  (sha256 49c6de8da5bb)
  INCLUDED         Core_Structure_Decisions_v1.md  (sha256 2217f6768b89)
  INCLUDED         Core_Structure_Design_v1.md  (sha256 f464dc43de50)
  INCLUDED         Core_Tags_Working_v1.md  (sha256 ae6557378adf)

[Documentation Methodology]
  INCLUDED         _index.md  (sha256 c3441fd9e4b4)
  INCLUDED         DocMeth_Brief_v1.md  (sha256 60c5cf3f5d79)
  INCLUDED         DocMeth_Decisions_v7.md  (sha256 15daf15e27ef)
  INCLUDED         DocMeth_Design_v6.md  (sha256 8b5d6a24a5d7)
  INCLUDED         DocMeth_Working_v9.md  (sha256 952a2287d1d0)
  INCLUDED         DocumentationMethodology_SchemaAuthoring_Standard_v1.md  (sha256 37a837a65cb3)
  INCLUDED         DocumentationMethodology_SchemaDefinitions_Standard_v1.md  (sha256 8098d9714c57)
  INCLUDED         DocumentationMethodology_Standard_v1.md  (sha256 8301aa2a0395)

[Infrastructure]
  INCLUDED         _index.md  (sha256 fb736219786c)
  INCLUDED         Infrastructure_CLI_Decisions_v1.md  (sha256 7a16726b5162)
  INCLUDED         Infrastructure_CLI_Design_v1.md  (sha256 12e05744ff4a)
  INCLUDED         Infrastructure_Working_v1.md  (sha256 1d7a11e25a57)

[Infrastructure\binder-builder]
  INCLUDED         binder_builder_Documentation_settings.json  (sha256 b9b89306305b)
  INCLUDED         BinderBuilder_Design_v10.md  (sha256 07a3284570d1)
  INCLUDED         README.md  (sha256 9c905047ab5a)

[Infrastructure\file-update-package]
  INCLUDED         file_update_package_settings.json  (sha256 15617061295c)
  INCLUDED         FileUpdatePackage_Design_v2.md  (sha256 142b729606f8)
  INCLUDED         README.md  (sha256 747bc371ff85)

[Infrastructure\version-cleanup]
  INCLUDED         README.md  (sha256 307a43363adb)
  INCLUDED         version_cleanup_settings.json  (sha256 c17e9142e485)
  INCLUDED         VersionCleanup_Design_v3.md  (sha256 329d08514ab2)

[Principles]
  INCLUDED         Principles_Decisions_v5.md  (sha256 33df0c86fba0)
  INCLUDED         Principles_Design_v5.md  (sha256 ba6e146bf1b7)
  INCLUDED         Principles_Standard_v2.md  (sha256 a2c5cf6f320d)

[Project Design]
  INCLUDED         _index.md  (sha256 589d24282970)
  INCLUDED         ProjectDesign_Decisions_v3.md  (sha256 61029b610785)
  INCLUDED         ProjectDesign_Design_v3.md  (sha256 845df7d3ba79)
  INCLUDED         ProjectDesign_Schema_Standard_v1.md  (sha256 23316ba5d013)
  INCLUDED         ProjectDesign_Standard_v4.md  (sha256 df3c448516ae)

[Standards]
  INCLUDED         _index.md  (sha256 3bd4678a60c0)
  INCLUDED         Standards_Authoring_Standard_v8.md  (sha256 e52f99825c80)
  INCLUDED         Standards_Consumption_Standard_v3.md  (sha256 b801499930ac)
  INCLUDED         Standards_Decisions_v4.md  (sha256 fcda250bc8aa)
  INCLUDED         Standards_Design_v3.md  (sha256 4a6a79a3a0f1)
  INCLUDED         Standards_Working_v1.md  (sha256 9677537477ab)

[Tools]
  INCLUDED         _index.md  (sha256 7bb05b130edc)
  INCLUDED         Tools_Authoring_Standard_v8.md  (sha256 d05452eddaa6)
  INCLUDED         Tools_Decisions_v7.md  (sha256 f83f2411202f)
  INCLUDED         Tools_Design_v6.md  (sha256 62b2eb15c979)

[Working Practices]
  INCLUDED         _index.md  (sha256 f1d40d14c547)
  INCLUDED         WP_Brief_v1.md  (sha256 4a970773c638)
  INCLUDED         WP_Capture_Working_v1.md  (sha256 54171d4dea8b)
  INCLUDED         WP_ContentDelivery_Working_v1.md  (sha256 6b858ff04f50)
  INCLUDED         WP_Decisions_v2.md  (sha256 4f8e32b0cc88)
  INCLUDED         WP_Design_v2.md  (sha256 1daab8c38faa)
  INCLUDED         WP_WorkManagement_Working_v1.md  (sha256 59a0bba2401c)

[Working Practices\FileOps]
  INCLUDED         WP_FileOps_Working_v1.md  (sha256 f2ffcdd7c76f)

[_binder]
  DELETED          AIDE_Documentation_Binder_v70.md
  WRITTEN          AIDE_Documentation_Binder_v71.md  (78 files, 839333 bytes)

[_rebuild]
  INCLUDED         AIDE_Component_PurposeLines_v2.md  (sha256 b1836489f28b)
  INCLUDED         AIDE_Rebuild_Guide_v1.md  (sha256 01ceb45e507b)
  INCLUDED         AIDE_Rebuild_Overview_v1.md  (sha256 5a65c44f5991)
  INCLUDED         AIDE_Rebuild_SettledDecisions_v1.md  (sha256 33593102e982)
  INCLUDED         Assurance_Brief_Sketch_v2.md  (sha256 1c61ea8c6846)
  INCLUDED         Build_Input_Working_v1.md  (sha256 1bb3513464e6)
  INCLUDED         ProjectDesign_Decisions_Pending_v1.md  (sha256 647aacf4c1ad)
  INCLUDED         ProjectDesign_Design_Pending_v1.md  (sha256 587bc4c6165f)
  INCLUDED         ProjectDesign_StandardInputs_Pending_v1.md  (sha256 710b74bb0958)
  INCLUDED         ProjectDesign_WorkRegister_Pending_v1.md  (sha256 638ebbfb6eef)
  INCLUDED         WP_Check1_Assessment_v1.md  (sha256 dba57b98ffda)
  INCLUDED         WP_CoreCarries_v2.md  (sha256 2f3ab75ce434)
  SKIPPED          AIDE_DesignApproach_WIP_v1.md: matches exclude_files pattern "*_WIP_*"
  SKIPPED          AIDE_Rebuild_WIP_v24.md: matches exclude_files pattern "*_WIP_*"

------------------------------------------------------------------------
Result: 78 included, 4 skipped, 1 written, 1 deleted
========================================================================

========================================================================
binder builder   2026-09-15 20:28:26   LIVE
binder:   AIDE_Documentation
root:     C:\Users\david\dev\repos\DigitalBusiness-AIDE\Documentation
settings: C:\Users\david\dev\repos\DigitalBusiness-AIDE\Documentation\_aide\utilities\binder-builder\binder_builder_AIDE_Documentation_settings.json
include:  ~/_rebuild
folders collected from: 16
change detection: AIDE_Documentation_Binder_v71.md: 2 added (Assurance/Assurance_Decisions_v3.md, Assurance/Assurance_Design_v3.md) - rebuilding
------------------------------------------------------------------------

[.]
  INCLUDED         AIDE_Orchestration_Investigation_Findings.md  (sha256 e7c281c19fb4)
  INCLUDED         AIDE_Solution_Map.md  (sha256 3c2294f7ae2b)
  SKIPPED          AIDE_Documentation_WIP_v15.md: matches exclude_files pattern "*_WIP_*"
  SKIPPED          AIDE_Orchestration_WIP_v1.md: matches exclude_files pattern "*_WIP_*"

[Assurance]
  INCLUDED         _index.md  (sha256 fde4b0521828)
  INCLUDED         Assurance_Decisions_v1.md  (sha256 23b64a56b9c6)
  INCLUDED         Assurance_Decisions_v2.md  (sha256 d2025a524d8d)
  INCLUDED         Assurance_Decisions_v3.md  (sha256 86b11a8549ee)
  INCLUDED         Assurance_Design_v1.md  (sha256 892f555cbc92)
  INCLUDED         Assurance_Design_v2.md  (sha256 9b518c0163e1)
  INCLUDED         Assurance_Design_v3.md  (sha256 7d50d3996313)

[Core]
  INCLUDED         _index.md  (sha256 31c7a15e03eb)
  INCLUDED         Core_AIDEMap.md  (sha256 fd95d6407fb1)
  INCLUDED         Core_AIDEPrinciples_Decisions_v1.md  (sha256 655de3e64709)
  INCLUDED         Core_AIDEPrinciples_Design_v1.md  (sha256 60e20e8d0b9d)
  INCLUDED         Core_Brief_v2.md  (sha256 23d1f1d1f622)
  INCLUDED         Core_Charter_v1.md  (sha256 3e5f5332b783)
  INCLUDED         Core_Decisions_v1.md  (sha256 2545fa050c39)
  INCLUDED         Core_Design_v1.md  (sha256 e36645adafbd)
  INCLUDED         Core_Schema_Standard_v3.md  (sha256 49c6de8da5bb)
  INCLUDED         Core_Structure_Decisions_v1.md  (sha256 2217f6768b89)
  INCLUDED         Core_Structure_Design_v1.md  (sha256 f464dc43de50)
  INCLUDED         Core_Tags_Working_v1.md  (sha256 ae6557378adf)

[Documentation Methodology]
  INCLUDED         _index.md  (sha256 c3441fd9e4b4)
  INCLUDED         DocMeth_Brief_v1.md  (sha256 60c5cf3f5d79)
  INCLUDED         DocMeth_Decisions_v7.md  (sha256 15daf15e27ef)
  INCLUDED         DocMeth_Design_v6.md  (sha256 8b5d6a24a5d7)
  INCLUDED         DocMeth_Working_v9.md  (sha256 952a2287d1d0)
  INCLUDED         DocumentationMethodology_SchemaAuthoring_Standard_v1.md  (sha256 37a837a65cb3)
  INCLUDED         DocumentationMethodology_SchemaDefinitions_Standard_v1.md  (sha256 8098d9714c57)
  INCLUDED         DocumentationMethodology_Standard_v1.md  (sha256 8301aa2a0395)

[Infrastructure]
  INCLUDED         _index.md  (sha256 fb736219786c)
  INCLUDED         Infrastructure_CLI_Decisions_v1.md  (sha256 7a16726b5162)
  INCLUDED         Infrastructure_CLI_Design_v1.md  (sha256 12e05744ff4a)
  INCLUDED         Infrastructure_Working_v1.md  (sha256 1d7a11e25a57)

[Infrastructure\binder-builder]
  INCLUDED         binder_builder_Documentation_settings.json  (sha256 b9b89306305b)
  INCLUDED         BinderBuilder_Design_v10.md  (sha256 07a3284570d1)
  INCLUDED         README.md  (sha256 9c905047ab5a)

[Infrastructure\file-update-package]
  INCLUDED         file_update_package_settings.json  (sha256 15617061295c)
  INCLUDED         FileUpdatePackage_Design_v2.md  (sha256 142b729606f8)
  INCLUDED         README.md  (sha256 747bc371ff85)

[Infrastructure\version-cleanup]
  INCLUDED         README.md  (sha256 307a43363adb)
  INCLUDED         version_cleanup_settings.json  (sha256 c17e9142e485)
  INCLUDED         VersionCleanup_Design_v3.md  (sha256 329d08514ab2)

[Principles]
  INCLUDED         Principles_Decisions_v5.md  (sha256 33df0c86fba0)
  INCLUDED         Principles_Design_v5.md  (sha256 ba6e146bf1b7)
  INCLUDED         Principles_Standard_v2.md  (sha256 a2c5cf6f320d)

[Project Design]
  INCLUDED         _index.md  (sha256 589d24282970)
  INCLUDED         ProjectDesign_Decisions_v3.md  (sha256 61029b610785)
  INCLUDED         ProjectDesign_Design_v3.md  (sha256 845df7d3ba79)
  INCLUDED         ProjectDesign_Schema_Standard_v1.md  (sha256 23316ba5d013)
  INCLUDED         ProjectDesign_Standard_v4.md  (sha256 df3c448516ae)

[Standards]
  INCLUDED         _index.md  (sha256 3bd4678a60c0)
  INCLUDED         Standards_Authoring_Standard_v8.md  (sha256 e52f99825c80)
  INCLUDED         Standards_Consumption_Standard_v3.md  (sha256 b801499930ac)
  INCLUDED         Standards_Decisions_v4.md  (sha256 fcda250bc8aa)
  INCLUDED         Standards_Design_v3.md  (sha256 4a6a79a3a0f1)
  INCLUDED         Standards_Working_v1.md  (sha256 9677537477ab)

[Tools]
  INCLUDED         _index.md  (sha256 7bb05b130edc)
  INCLUDED         Tools_Authoring_Standard_v8.md  (sha256 d05452eddaa6)
  INCLUDED         Tools_Decisions_v7.md  (sha256 f83f2411202f)
  INCLUDED         Tools_Design_v6.md  (sha256 62b2eb15c979)

[Working Practices]
  INCLUDED         _index.md  (sha256 f1d40d14c547)
  INCLUDED         WP_Brief_v1.md  (sha256 4a970773c638)
  INCLUDED         WP_Capture_Working_v1.md  (sha256 54171d4dea8b)
  INCLUDED         WP_ContentDelivery_Working_v1.md  (sha256 6b858ff04f50)
  INCLUDED         WP_Decisions_v2.md  (sha256 4f8e32b0cc88)
  INCLUDED         WP_Design_v2.md  (sha256 1daab8c38faa)
  INCLUDED         WP_WorkManagement_Working_v1.md  (sha256 59a0bba2401c)

[Working Practices\FileOps]
  INCLUDED         WP_FileOps_Working_v1.md  (sha256 f2ffcdd7c76f)

[_binder]
  DELETED          AIDE_Documentation_Binder_v71.md
  WRITTEN          AIDE_Documentation_Binder_v72.md  (80 files, 879221 bytes)

[_rebuild]
  INCLUDED         AIDE_Component_PurposeLines_v2.md  (sha256 b1836489f28b)
  INCLUDED         AIDE_Rebuild_Guide_v1.md  (sha256 01ceb45e507b)
  INCLUDED         AIDE_Rebuild_Overview_v1.md  (sha256 5a65c44f5991)
  INCLUDED         AIDE_Rebuild_SettledDecisions_v1.md  (sha256 33593102e982)
  INCLUDED         Assurance_Brief_Sketch_v2.md  (sha256 1c61ea8c6846)
  INCLUDED         Build_Input_Working_v1.md  (sha256 1bb3513464e6)
  INCLUDED         ProjectDesign_Decisions_Pending_v1.md  (sha256 647aacf4c1ad)
  INCLUDED         ProjectDesign_Design_Pending_v1.md  (sha256 587bc4c6165f)
  INCLUDED         ProjectDesign_StandardInputs_Pending_v1.md  (sha256 710b74bb0958)
  INCLUDED         ProjectDesign_WorkRegister_Pending_v1.md  (sha256 638ebbfb6eef)
  INCLUDED         WP_Check1_Assessment_v1.md  (sha256 dba57b98ffda)
  INCLUDED         WP_CoreCarries_v2.md  (sha256 2f3ab75ce434)
  SKIPPED          AIDE_DesignApproach_WIP_v1.md: matches exclude_files pattern "*_WIP_*"
  SKIPPED          AIDE_Rebuild_WIP_v24.md: matches exclude_files pattern "*_WIP_*"

------------------------------------------------------------------------
Result: 80 included, 4 skipped, 1 written, 1 deleted
========================================================================

========================================================================
binder builder   2026-09-15 20:42:27   LIVE
binder:   AIDE_Documentation
root:     C:\Users\david\dev\repos\DigitalBusiness-AIDE\Documentation
settings: C:\Users\david\dev\repos\DigitalBusiness-AIDE\Documentation\_aide\utilities\binder-builder\binder_builder_AIDE_Documentation_settings.json
include:  ~/_rebuild
folders collected from: 16
change detection: AIDE_Documentation_Binder_v72.md: 2 changed (Assurance/Assurance_Decisions_v3.md, Assurance/Assurance_Design_v3.md) - rebuilding
------------------------------------------------------------------------

[.]
  INCLUDED         AIDE_Orchestration_Investigation_Findings.md  (sha256 e7c281c19fb4)
  INCLUDED         AIDE_Solution_Map.md  (sha256 3c2294f7ae2b)
  SKIPPED          AIDE_Documentation_WIP_v15.md: matches exclude_files pattern "*_WIP_*"
  SKIPPED          AIDE_Orchestration_WIP_v1.md: matches exclude_files pattern "*_WIP_*"

[Assurance]
  INCLUDED         _index.md  (sha256 fde4b0521828)
  INCLUDED         Assurance_Decisions_v1.md  (sha256 23b64a56b9c6)
  INCLUDED         Assurance_Decisions_v2.md  (sha256 d2025a524d8d)
  INCLUDED         Assurance_Decisions_v3.md  (sha256 da10aeeba9f4)
  INCLUDED         Assurance_Design_v1.md  (sha256 892f555cbc92)
  INCLUDED         Assurance_Design_v2.md  (sha256 9b518c0163e1)
  INCLUDED         Assurance_Design_v3.md  (sha256 9590897a017b)

[Core]
  INCLUDED         _index.md  (sha256 31c7a15e03eb)
  INCLUDED         Core_AIDEMap.md  (sha256 fd95d6407fb1)
  INCLUDED         Core_AIDEPrinciples_Decisions_v1.md  (sha256 655de3e64709)
  INCLUDED         Core_AIDEPrinciples_Design_v1.md  (sha256 60e20e8d0b9d)
  INCLUDED         Core_Brief_v2.md  (sha256 23d1f1d1f622)
  INCLUDED         Core_Charter_v1.md  (sha256 3e5f5332b783)
  INCLUDED         Core_Decisions_v1.md  (sha256 2545fa050c39)
  INCLUDED         Core_Design_v1.md  (sha256 e36645adafbd)
  INCLUDED         Core_Schema_Standard_v3.md  (sha256 49c6de8da5bb)
  INCLUDED         Core_Structure_Decisions_v1.md  (sha256 2217f6768b89)
  INCLUDED         Core_Structure_Design_v1.md  (sha256 f464dc43de50)
  INCLUDED         Core_Tags_Working_v1.md  (sha256 ae6557378adf)

[Documentation Methodology]
  INCLUDED         _index.md  (sha256 c3441fd9e4b4)
  INCLUDED         DocMeth_Brief_v1.md  (sha256 60c5cf3f5d79)
  INCLUDED         DocMeth_Decisions_v7.md  (sha256 15daf15e27ef)
  INCLUDED         DocMeth_Design_v6.md  (sha256 8b5d6a24a5d7)
  INCLUDED         DocMeth_Working_v9.md  (sha256 952a2287d1d0)
  INCLUDED         DocumentationMethodology_SchemaAuthoring_Standard_v1.md  (sha256 37a837a65cb3)
  INCLUDED         DocumentationMethodology_SchemaDefinitions_Standard_v1.md  (sha256 8098d9714c57)
  INCLUDED         DocumentationMethodology_Standard_v1.md  (sha256 8301aa2a0395)

[Infrastructure]
  INCLUDED         _index.md  (sha256 fb736219786c)
  INCLUDED         Infrastructure_CLI_Decisions_v1.md  (sha256 7a16726b5162)
  INCLUDED         Infrastructure_CLI_Design_v1.md  (sha256 12e05744ff4a)
  INCLUDED         Infrastructure_Working_v1.md  (sha256 1d7a11e25a57)

[Infrastructure\binder-builder]
  INCLUDED         binder_builder_Documentation_settings.json  (sha256 b9b89306305b)
  INCLUDED         BinderBuilder_Design_v10.md  (sha256 07a3284570d1)
  INCLUDED         README.md  (sha256 9c905047ab5a)

[Infrastructure\file-update-package]
  INCLUDED         file_update_package_settings.json  (sha256 15617061295c)
  INCLUDED         FileUpdatePackage_Design_v2.md  (sha256 142b729606f8)
  INCLUDED         README.md  (sha256 747bc371ff85)

[Infrastructure\version-cleanup]
  INCLUDED         README.md  (sha256 307a43363adb)
  INCLUDED         version_cleanup_settings.json  (sha256 c17e9142e485)
  INCLUDED         VersionCleanup_Design_v3.md  (sha256 329d08514ab2)

[Principles]
  INCLUDED         Principles_Decisions_v5.md  (sha256 33df0c86fba0)
  INCLUDED         Principles_Design_v5.md  (sha256 ba6e146bf1b7)
  INCLUDED         Principles_Standard_v2.md  (sha256 a2c5cf6f320d)

[Project Design]
  INCLUDED         _index.md  (sha256 589d24282970)
  INCLUDED         ProjectDesign_Decisions_v3.md  (sha256 61029b610785)
  INCLUDED         ProjectDesign_Design_v3.md  (sha256 845df7d3ba79)
  INCLUDED         ProjectDesign_Schema_Standard_v1.md  (sha256 23316ba5d013)
  INCLUDED         ProjectDesign_Standard_v4.md  (sha256 df3c448516ae)

[Standards]
  INCLUDED         _index.md  (sha256 3bd4678a60c0)
  INCLUDED         Standards_Authoring_Standard_v8.md  (sha256 e52f99825c80)
  INCLUDED         Standards_Consumption_Standard_v3.md  (sha256 b801499930ac)
  INCLUDED         Standards_Decisions_v4.md  (sha256 fcda250bc8aa)
  INCLUDED         Standards_Design_v3.md  (sha256 4a6a79a3a0f1)
  INCLUDED         Standards_Working_v1.md  (sha256 9677537477ab)

[Tools]
  INCLUDED         _index.md  (sha256 7bb05b130edc)
  INCLUDED         Tools_Authoring_Standard_v8.md  (sha256 d05452eddaa6)
  INCLUDED         Tools_Decisions_v7.md  (sha256 f83f2411202f)
  INCLUDED         Tools_Design_v6.md  (sha256 62b2eb15c979)

[Working Practices]
  INCLUDED         _index.md  (sha256 f1d40d14c547)
  INCLUDED         WP_Brief_v1.md  (sha256 4a970773c638)
  INCLUDED         WP_Capture_Working_v1.md  (sha256 54171d4dea8b)
  INCLUDED         WP_ContentDelivery_Working_v1.md  (sha256 6b858ff04f50)
  INCLUDED         WP_Decisions_v2.md  (sha256 4f8e32b0cc88)
  INCLUDED         WP_Design_v2.md  (sha256 1daab8c38faa)
  INCLUDED         WP_WorkManagement_Working_v1.md  (sha256 59a0bba2401c)

[Working Practices\FileOps]
  INCLUDED         WP_FileOps_Working_v1.md  (sha256 f2ffcdd7c76f)

[_binder]
  DELETED          AIDE_Documentation_Binder_v72.md
  WRITTEN          AIDE_Documentation_Binder_v73.md  (80 files, 879898 bytes)

[_rebuild]
  INCLUDED         AIDE_Component_PurposeLines_v2.md  (sha256 b1836489f28b)
  INCLUDED         AIDE_Rebuild_Guide_v1.md  (sha256 01ceb45e507b)
  INCLUDED         AIDE_Rebuild_Overview_v1.md  (sha256 5a65c44f5991)
  INCLUDED         AIDE_Rebuild_SettledDecisions_v1.md  (sha256 33593102e982)
  INCLUDED         Assurance_Brief_Sketch_v2.md  (sha256 1c61ea8c6846)
  INCLUDED         Build_Input_Working_v1.md  (sha256 1bb3513464e6)
  INCLUDED         ProjectDesign_Decisions_Pending_v1.md  (sha256 647aacf4c1ad)
  INCLUDED         ProjectDesign_Design_Pending_v1.md  (sha256 587bc4c6165f)
  INCLUDED         ProjectDesign_StandardInputs_Pending_v1.md  (sha256 710b74bb0958)
  INCLUDED         ProjectDesign_WorkRegister_Pending_v1.md  (sha256 638ebbfb6eef)
  INCLUDED         WP_Check1_Assessment_v1.md  (sha256 dba57b98ffda)
  INCLUDED         WP_CoreCarries_v2.md  (sha256 2f3ab75ce434)
  SKIPPED          AIDE_DesignApproach_WIP_v1.md: matches exclude_files pattern "*_WIP_*"
  SKIPPED          AIDE_Rebuild_WIP_v24.md: matches exclude_files pattern "*_WIP_*"

------------------------------------------------------------------------
Result: 80 included, 4 skipped, 1 written, 1 deleted
========================================================================

========================================================================
binder builder   2026-09-15 20:43:09   LIVE
binder:   AIDE_Documentation
root:     C:\Users\david\dev\repos\DigitalBusiness-AIDE\Documentation
settings: C:\Users\david\dev\repos\DigitalBusiness-AIDE\Documentation\_aide\utilities\binder-builder\binder_builder_AIDE_Documentation_settings.json
include:  ~/_rebuild
folders collected from: 16
change detection: AIDE_Documentation_Binder_v73.md: 4 removed (Assurance/Assurance_Decisions_v1.md, Assurance/Assurance_Decisions_v2.md, Assurance/Assurance_Design_v1.md, and 1 more) - rebuilding
------------------------------------------------------------------------

[.]
  INCLUDED         AIDE_Orchestration_Investigation_Findings.md  (sha256 e7c281c19fb4)
  INCLUDED         AIDE_Solution_Map.md  (sha256 3c2294f7ae2b)
  SKIPPED          AIDE_Documentation_WIP_v15.md: matches exclude_files pattern "*_WIP_*"
  SKIPPED          AIDE_Orchestration_WIP_v1.md: matches exclude_files pattern "*_WIP_*"

[Assurance]
  INCLUDED         _index.md  (sha256 fde4b0521828)
  INCLUDED         Assurance_Decisions_v3.md  (sha256 da10aeeba9f4)
  INCLUDED         Assurance_Design_v3.md  (sha256 9590897a017b)

[Core]
  INCLUDED         _index.md  (sha256 31c7a15e03eb)
  INCLUDED         Core_AIDEMap.md  (sha256 fd95d6407fb1)
  INCLUDED         Core_AIDEPrinciples_Decisions_v1.md  (sha256 655de3e64709)
  INCLUDED         Core_AIDEPrinciples_Design_v1.md  (sha256 60e20e8d0b9d)
  INCLUDED         Core_Brief_v2.md  (sha256 23d1f1d1f622)
  INCLUDED         Core_Charter_v1.md  (sha256 3e5f5332b783)
  INCLUDED         Core_Decisions_v1.md  (sha256 2545fa050c39)
  INCLUDED         Core_Design_v1.md  (sha256 e36645adafbd)
  INCLUDED         Core_Schema_Standard_v3.md  (sha256 49c6de8da5bb)
  INCLUDED         Core_Structure_Decisions_v1.md  (sha256 2217f6768b89)
  INCLUDED         Core_Structure_Design_v1.md  (sha256 f464dc43de50)
  INCLUDED         Core_Tags_Working_v1.md  (sha256 ae6557378adf)

[Documentation Methodology]
  INCLUDED         _index.md  (sha256 c3441fd9e4b4)
  INCLUDED         DocMeth_Brief_v1.md  (sha256 60c5cf3f5d79)
  INCLUDED         DocMeth_Decisions_v7.md  (sha256 15daf15e27ef)
  INCLUDED         DocMeth_Design_v6.md  (sha256 8b5d6a24a5d7)
  INCLUDED         DocMeth_Working_v9.md  (sha256 952a2287d1d0)
  INCLUDED         DocumentationMethodology_SchemaAuthoring_Standard_v1.md  (sha256 37a837a65cb3)
  INCLUDED         DocumentationMethodology_SchemaDefinitions_Standard_v1.md  (sha256 8098d9714c57)
  INCLUDED         DocumentationMethodology_Standard_v1.md  (sha256 8301aa2a0395)

[Infrastructure]
  INCLUDED         _index.md  (sha256 fb736219786c)
  INCLUDED         Infrastructure_CLI_Decisions_v1.md  (sha256 7a16726b5162)
  INCLUDED         Infrastructure_CLI_Design_v1.md  (sha256 12e05744ff4a)
  INCLUDED         Infrastructure_Working_v1.md  (sha256 1d7a11e25a57)

[Infrastructure\binder-builder]
  INCLUDED         binder_builder_Documentation_settings.json  (sha256 b9b89306305b)
  INCLUDED         BinderBuilder_Design_v10.md  (sha256 07a3284570d1)
  INCLUDED         README.md  (sha256 9c905047ab5a)

[Infrastructure\file-update-package]
  INCLUDED         file_update_package_settings.json  (sha256 15617061295c)
  INCLUDED         FileUpdatePackage_Design_v2.md  (sha256 142b729606f8)
  INCLUDED         README.md  (sha256 747bc371ff85)

[Infrastructure\version-cleanup]
  INCLUDED         README.md  (sha256 307a43363adb)
  INCLUDED         version_cleanup_settings.json  (sha256 c17e9142e485)
  INCLUDED         VersionCleanup_Design_v3.md  (sha256 329d08514ab2)

[Principles]
  INCLUDED         Principles_Decisions_v5.md  (sha256 33df0c86fba0)
  INCLUDED         Principles_Design_v5.md  (sha256 ba6e146bf1b7)
  INCLUDED         Principles_Standard_v2.md  (sha256 a2c5cf6f320d)

[Project Design]
  INCLUDED         _index.md  (sha256 589d24282970)
  INCLUDED         ProjectDesign_Decisions_v3.md  (sha256 61029b610785)
  INCLUDED         ProjectDesign_Design_v3.md  (sha256 845df7d3ba79)
  INCLUDED         ProjectDesign_Schema_Standard_v1.md  (sha256 23316ba5d013)
  INCLUDED         ProjectDesign_Standard_v4.md  (sha256 df3c448516ae)

[Standards]
  INCLUDED         _index.md  (sha256 3bd4678a60c0)
  INCLUDED         Standards_Authoring_Standard_v8.md  (sha256 e52f99825c80)
  INCLUDED         Standards_Consumption_Standard_v3.md  (sha256 b801499930ac)
  INCLUDED         Standards_Decisions_v4.md  (sha256 fcda250bc8aa)
  INCLUDED         Standards_Design_v3.md  (sha256 4a6a79a3a0f1)
  INCLUDED         Standards_Working_v1.md  (sha256 9677537477ab)

[Tools]
  INCLUDED         _index.md  (sha256 7bb05b130edc)
  INCLUDED         Tools_Authoring_Standard_v8.md  (sha256 d05452eddaa6)
  INCLUDED         Tools_Decisions_v7.md  (sha256 f83f2411202f)
  INCLUDED         Tools_Design_v6.md  (sha256 62b2eb15c979)

[Working Practices]
  INCLUDED         _index.md  (sha256 f1d40d14c547)
  INCLUDED         WP_Brief_v1.md  (sha256 4a970773c638)
  INCLUDED         WP_Capture_Working_v1.md  (sha256 54171d4dea8b)
  INCLUDED         WP_ContentDelivery_Working_v1.md  (sha256 6b858ff04f50)
  INCLUDED         WP_Decisions_v2.md  (sha256 4f8e32b0cc88)
  INCLUDED         WP_Design_v2.md  (sha256 1daab8c38faa)
  INCLUDED         WP_WorkManagement_Working_v1.md  (sha256 59a0bba2401c)

[Working Practices\FileOps]
  INCLUDED         WP_FileOps_Working_v1.md  (sha256 f2ffcdd7c76f)

[_binder]
  DELETED          AIDE_Documentation_Binder_v73.md
  WRITTEN          AIDE_Documentation_Binder_v74.md  (76 files, 816430 bytes)

[_rebuild]
  INCLUDED         AIDE_Component_PurposeLines_v2.md  (sha256 b1836489f28b)
  INCLUDED         AIDE_Rebuild_Guide_v1.md  (sha256 01ceb45e507b)
  INCLUDED         AIDE_Rebuild_Overview_v1.md  (sha256 5a65c44f5991)
  INCLUDED         AIDE_Rebuild_SettledDecisions_v1.md  (sha256 33593102e982)
  INCLUDED         Assurance_Brief_Sketch_v2.md  (sha256 1c61ea8c6846)
  INCLUDED         Build_Input_Working_v1.md  (sha256 1bb3513464e6)
  INCLUDED         ProjectDesign_Decisions_Pending_v1.md  (sha256 647aacf4c1ad)
  INCLUDED         ProjectDesign_Design_Pending_v1.md  (sha256 587bc4c6165f)
  INCLUDED         ProjectDesign_StandardInputs_Pending_v1.md  (sha256 710b74bb0958)
  INCLUDED         ProjectDesign_WorkRegister_Pending_v1.md  (sha256 638ebbfb6eef)
  INCLUDED         WP_Check1_Assessment_v1.md  (sha256 dba57b98ffda)
  INCLUDED         WP_CoreCarries_v2.md  (sha256 2f3ab75ce434)
  SKIPPED          AIDE_DesignApproach_WIP_v1.md: matches exclude_files pattern "*_WIP_*"
  SKIPPED          AIDE_Rebuild_WIP_v24.md: matches exclude_files pattern "*_WIP_*"

------------------------------------------------------------------------
Result: 76 included, 4 skipped, 1 written, 1 deleted
========================================================================

========================================================================
binder builder   2026-09-15 21:07:53   LIVE
binder:   AIDE_Documentation
root:     C:\Users\david\dev\repos\DigitalBusiness-AIDE\Documentation
settings: C:\Users\david\dev\repos\DigitalBusiness-AIDE\Documentation\_aide\utilities\binder-builder\binder_builder_AIDE_Documentation_settings.json
include:  ~/_rebuild
folders collected from: 16
change detection: AIDE_Documentation_Binder_v74.md: 1 added, 2 changed (Core/Core_Design_v2.md, Core/Core_AIDEMap.md, Core/_index.md) - rebuilding
------------------------------------------------------------------------

[.]
  INCLUDED         AIDE_Orchestration_Investigation_Findings.md  (sha256 e7c281c19fb4)
  INCLUDED         AIDE_Solution_Map.md  (sha256 3c2294f7ae2b)
  SKIPPED          AIDE_Documentation_WIP_v16.md: matches exclude_files pattern "*_WIP_*"
  SKIPPED          AIDE_Orchestration_WIP_v1.md: matches exclude_files pattern "*_WIP_*"

[Assurance]
  INCLUDED         _index.md  (sha256 fde4b0521828)
  INCLUDED         Assurance_Decisions_v3.md  (sha256 da10aeeba9f4)
  INCLUDED         Assurance_Design_v3.md  (sha256 9590897a017b)

[Core]
  INCLUDED         _index.md  (sha256 8746bf38a3fa)
  INCLUDED         Core_AIDEMap.md  (sha256 9cb56b3c7791)
  INCLUDED         Core_AIDEPrinciples_Decisions_v1.md  (sha256 655de3e64709)
  INCLUDED         Core_AIDEPrinciples_Design_v1.md  (sha256 60e20e8d0b9d)
  INCLUDED         Core_Brief_v2.md  (sha256 23d1f1d1f622)
  INCLUDED         Core_Charter_v1.md  (sha256 3e5f5332b783)
  INCLUDED         Core_Decisions_v1.md  (sha256 2545fa050c39)
  INCLUDED         Core_Design_v1.md  (sha256 e36645adafbd)
  INCLUDED         Core_Design_v2.md  (sha256 46954173d8a1)
  INCLUDED         Core_Schema_Standard_v3.md  (sha256 49c6de8da5bb)
  INCLUDED         Core_Structure_Decisions_v1.md  (sha256 2217f6768b89)
  INCLUDED         Core_Structure_Design_v1.md  (sha256 f464dc43de50)
  INCLUDED         Core_Tags_Working_v1.md  (sha256 ae6557378adf)

[Documentation Methodology]
  INCLUDED         _index.md  (sha256 c3441fd9e4b4)
  INCLUDED         DocMeth_Brief_v1.md  (sha256 60c5cf3f5d79)
  INCLUDED         DocMeth_Decisions_v7.md  (sha256 15daf15e27ef)
  INCLUDED         DocMeth_Design_v6.md  (sha256 8b5d6a24a5d7)
  INCLUDED         DocMeth_Working_v9.md  (sha256 952a2287d1d0)
  INCLUDED         DocumentationMethodology_SchemaAuthoring_Standard_v1.md  (sha256 37a837a65cb3)
  INCLUDED         DocumentationMethodology_SchemaDefinitions_Standard_v1.md  (sha256 8098d9714c57)
  INCLUDED         DocumentationMethodology_Standard_v1.md  (sha256 8301aa2a0395)

[Infrastructure]
  INCLUDED         _index.md  (sha256 fb736219786c)
  INCLUDED         Infrastructure_CLI_Decisions_v1.md  (sha256 7a16726b5162)
  INCLUDED         Infrastructure_CLI_Design_v1.md  (sha256 12e05744ff4a)
  INCLUDED         Infrastructure_Working_v1.md  (sha256 1d7a11e25a57)

[Infrastructure\binder-builder]
  INCLUDED         binder_builder_Documentation_settings.json  (sha256 b9b89306305b)
  INCLUDED         BinderBuilder_Design_v10.md  (sha256 07a3284570d1)
  INCLUDED         README.md  (sha256 9c905047ab5a)

[Infrastructure\file-update-package]
  INCLUDED         file_update_package_settings.json  (sha256 15617061295c)
  INCLUDED         FileUpdatePackage_Design_v2.md  (sha256 142b729606f8)
  INCLUDED         README.md  (sha256 747bc371ff85)

[Infrastructure\version-cleanup]
  INCLUDED         README.md  (sha256 307a43363adb)
  INCLUDED         version_cleanup_settings.json  (sha256 c17e9142e485)
  INCLUDED         VersionCleanup_Design_v3.md  (sha256 329d08514ab2)

[Principles]
  INCLUDED         Principles_Decisions_v5.md  (sha256 33df0c86fba0)
  INCLUDED         Principles_Design_v5.md  (sha256 ba6e146bf1b7)
  INCLUDED         Principles_Standard_v2.md  (sha256 a2c5cf6f320d)

[Project Design]
  INCLUDED         _index.md  (sha256 589d24282970)
  INCLUDED         ProjectDesign_Decisions_v3.md  (sha256 61029b610785)
  INCLUDED         ProjectDesign_Design_v3.md  (sha256 845df7d3ba79)
  INCLUDED         ProjectDesign_Schema_Standard_v1.md  (sha256 23316ba5d013)
  INCLUDED         ProjectDesign_Standard_v4.md  (sha256 df3c448516ae)

[Standards]
  INCLUDED         _index.md  (sha256 3bd4678a60c0)
  INCLUDED         Standards_Authoring_Standard_v8.md  (sha256 e52f99825c80)
  INCLUDED         Standards_Consumption_Standard_v3.md  (sha256 b801499930ac)
  INCLUDED         Standards_Decisions_v4.md  (sha256 fcda250bc8aa)
  INCLUDED         Standards_Design_v3.md  (sha256 4a6a79a3a0f1)
  INCLUDED         Standards_Working_v1.md  (sha256 9677537477ab)

[Tools]
  INCLUDED         _index.md  (sha256 7bb05b130edc)
  INCLUDED         Tools_Authoring_Standard_v8.md  (sha256 d05452eddaa6)
  INCLUDED         Tools_Decisions_v7.md  (sha256 f83f2411202f)
  INCLUDED         Tools_Design_v6.md  (sha256 62b2eb15c979)

[Working Practices]
  INCLUDED         _index.md  (sha256 f1d40d14c547)
  INCLUDED         WP_Brief_v1.md  (sha256 4a970773c638)
  INCLUDED         WP_Capture_Working_v1.md  (sha256 54171d4dea8b)
  INCLUDED         WP_ContentDelivery_Working_v1.md  (sha256 6b858ff04f50)
  INCLUDED         WP_Decisions_v2.md  (sha256 4f8e32b0cc88)
  INCLUDED         WP_Design_v2.md  (sha256 1daab8c38faa)
  INCLUDED         WP_WorkManagement_Working_v1.md  (sha256 59a0bba2401c)

[Working Practices\FileOps]
  INCLUDED         WP_FileOps_Working_v1.md  (sha256 f2ffcdd7c76f)

[_binder]
  DELETED          AIDE_Documentation_Binder_v74.md
  WRITTEN          AIDE_Documentation_Binder_v75.md  (77 files, 830840 bytes)

[_rebuild]
  INCLUDED         AIDE_Component_PurposeLines_v2.md  (sha256 b1836489f28b)
  INCLUDED         AIDE_Rebuild_Guide_v1.md  (sha256 01ceb45e507b)
  INCLUDED         AIDE_Rebuild_Overview_v1.md  (sha256 5a65c44f5991)
  INCLUDED         AIDE_Rebuild_SettledDecisions_v1.md  (sha256 33593102e982)
  INCLUDED         Assurance_Brief_Sketch_v2.md  (sha256 1c61ea8c6846)
  INCLUDED         Build_Input_Working_v1.md  (sha256 1bb3513464e6)
  INCLUDED         ProjectDesign_Decisions_Pending_v1.md  (sha256 647aacf4c1ad)
  INCLUDED         ProjectDesign_Design_Pending_v1.md  (sha256 587bc4c6165f)
  INCLUDED         ProjectDesign_StandardInputs_Pending_v1.md  (sha256 710b74bb0958)
  INCLUDED         ProjectDesign_WorkRegister_Pending_v1.md  (sha256 638ebbfb6eef)
  INCLUDED         WP_Check1_Assessment_v1.md  (sha256 dba57b98ffda)
  INCLUDED         WP_CoreCarries_v2.md  (sha256 2f3ab75ce434)
  SKIPPED          AIDE_DesignApproach_WIP_v1.md: matches exclude_files pattern "*_WIP_*"
  SKIPPED          AIDE_Rebuild_WIP_v24.md: matches exclude_files pattern "*_WIP_*"

------------------------------------------------------------------------
Result: 77 included, 4 skipped, 1 written, 1 deleted
========================================================================

========================================================================
binder builder   2026-09-15 21:18:29   LIVE
binder:   AIDE_Documentation
root:     C:\Users\david\dev\repos\DigitalBusiness-AIDE\Documentation
settings: C:\Users\david\dev\repos\DigitalBusiness-AIDE\Documentation\_aide\utilities\binder-builder\binder_builder_AIDE_Documentation_settings.json
include:  ~/_rebuild
folders collected from: 16
change detection: AIDE_Documentation_Binder_v75.md: 1 added, 2 removed (Core/Core_Design_v3.md, Core/Core_Design_v1.md, Core/Core_Design_v2.md) - rebuilding
------------------------------------------------------------------------

[.]
  INCLUDED         AIDE_Orchestration_Investigation_Findings.md  (sha256 e7c281c19fb4)
  INCLUDED         AIDE_Solution_Map.md  (sha256 3c2294f7ae2b)
  SKIPPED          AIDE_Documentation_WIP_v17.md: matches exclude_files pattern "*_WIP_*"
  SKIPPED          AIDE_Orchestration_WIP_v1.md: matches exclude_files pattern "*_WIP_*"

[Assurance]
  INCLUDED         _index.md  (sha256 fde4b0521828)
  INCLUDED         Assurance_Decisions_v3.md  (sha256 da10aeeba9f4)
  INCLUDED         Assurance_Design_v3.md  (sha256 9590897a017b)

[Core]
  INCLUDED         _index.md  (sha256 8746bf38a3fa)
  INCLUDED         Core_AIDEMap.md  (sha256 9cb56b3c7791)
  INCLUDED         Core_AIDEPrinciples_Decisions_v1.md  (sha256 655de3e64709)
  INCLUDED         Core_AIDEPrinciples_Design_v1.md  (sha256 60e20e8d0b9d)
  INCLUDED         Core_Brief_v2.md  (sha256 23d1f1d1f622)
  INCLUDED         Core_Charter_v1.md  (sha256 3e5f5332b783)
  INCLUDED         Core_Decisions_v1.md  (sha256 2545fa050c39)
  INCLUDED         Core_Design_v3.md  (sha256 89eb22d2a3fc)
  INCLUDED         Core_Schema_Standard_v3.md  (sha256 49c6de8da5bb)
  INCLUDED         Core_Structure_Decisions_v1.md  (sha256 2217f6768b89)
  INCLUDED         Core_Structure_Design_v1.md  (sha256 f464dc43de50)
  INCLUDED         Core_Tags_Working_v1.md  (sha256 ae6557378adf)

[Documentation Methodology]
  INCLUDED         _index.md  (sha256 c3441fd9e4b4)
  INCLUDED         DocMeth_Brief_v1.md  (sha256 60c5cf3f5d79)
  INCLUDED         DocMeth_Decisions_v7.md  (sha256 15daf15e27ef)
  INCLUDED         DocMeth_Design_v6.md  (sha256 8b5d6a24a5d7)
  INCLUDED         DocMeth_Working_v9.md  (sha256 952a2287d1d0)
  INCLUDED         DocumentationMethodology_SchemaAuthoring_Standard_v1.md  (sha256 37a837a65cb3)
  INCLUDED         DocumentationMethodology_SchemaDefinitions_Standard_v1.md  (sha256 8098d9714c57)
  INCLUDED         DocumentationMethodology_Standard_v1.md  (sha256 8301aa2a0395)

[Infrastructure]
  INCLUDED         _index.md  (sha256 fb736219786c)
  INCLUDED         Infrastructure_CLI_Decisions_v1.md  (sha256 7a16726b5162)
  INCLUDED         Infrastructure_CLI_Design_v1.md  (sha256 12e05744ff4a)
  INCLUDED         Infrastructure_Working_v1.md  (sha256 1d7a11e25a57)

[Infrastructure\binder-builder]
  INCLUDED         binder_builder_Documentation_settings.json  (sha256 b9b89306305b)
  INCLUDED         BinderBuilder_Design_v10.md  (sha256 07a3284570d1)
  INCLUDED         README.md  (sha256 9c905047ab5a)

[Infrastructure\file-update-package]
  INCLUDED         file_update_package_settings.json  (sha256 15617061295c)
  INCLUDED         FileUpdatePackage_Design_v2.md  (sha256 142b729606f8)
  INCLUDED         README.md  (sha256 747bc371ff85)

[Infrastructure\version-cleanup]
  INCLUDED         README.md  (sha256 307a43363adb)
  INCLUDED         version_cleanup_settings.json  (sha256 c17e9142e485)
  INCLUDED         VersionCleanup_Design_v3.md  (sha256 329d08514ab2)

[Principles]
  INCLUDED         Principles_Decisions_v5.md  (sha256 33df0c86fba0)
  INCLUDED         Principles_Design_v5.md  (sha256 ba6e146bf1b7)
  INCLUDED         Principles_Standard_v2.md  (sha256 a2c5cf6f320d)

[Project Design]
  INCLUDED         _index.md  (sha256 589d24282970)
  INCLUDED         ProjectDesign_Decisions_v3.md  (sha256 61029b610785)
  INCLUDED         ProjectDesign_Design_v3.md  (sha256 845df7d3ba79)
  INCLUDED         ProjectDesign_Schema_Standard_v1.md  (sha256 23316ba5d013)
  INCLUDED         ProjectDesign_Standard_v4.md  (sha256 df3c448516ae)

[Standards]
  INCLUDED         _index.md  (sha256 3bd4678a60c0)
  INCLUDED         Standards_Authoring_Standard_v8.md  (sha256 e52f99825c80)
  INCLUDED         Standards_Consumption_Standard_v3.md  (sha256 b801499930ac)
  INCLUDED         Standards_Decisions_v4.md  (sha256 fcda250bc8aa)
  INCLUDED         Standards_Design_v3.md  (sha256 4a6a79a3a0f1)
  INCLUDED         Standards_Working_v1.md  (sha256 9677537477ab)

[Tools]
  INCLUDED         _index.md  (sha256 7bb05b130edc)
  INCLUDED         Tools_Authoring_Standard_v8.md  (sha256 d05452eddaa6)
  INCLUDED         Tools_Decisions_v7.md  (sha256 f83f2411202f)
  INCLUDED         Tools_Design_v6.md  (sha256 62b2eb15c979)

[Working Practices]
  INCLUDED         _index.md  (sha256 f1d40d14c547)
  INCLUDED         WP_Brief_v1.md  (sha256 4a970773c638)
  INCLUDED         WP_Capture_Working_v1.md  (sha256 54171d4dea8b)
  INCLUDED         WP_ContentDelivery_Working_v1.md  (sha256 6b858ff04f50)
  INCLUDED         WP_Decisions_v2.md  (sha256 4f8e32b0cc88)
  INCLUDED         WP_Design_v2.md  (sha256 1daab8c38faa)
  INCLUDED         WP_WorkManagement_Working_v1.md  (sha256 59a0bba2401c)

[Working Practices\FileOps]
  INCLUDED         WP_FileOps_Working_v1.md  (sha256 f2ffcdd7c76f)

[_binder]
  DELETED          AIDE_Documentation_Binder_v75.md
  WRITTEN          AIDE_Documentation_Binder_v76.md  (76 files, 819289 bytes)

[_rebuild]
  INCLUDED         AIDE_Component_PurposeLines_v2.md  (sha256 b1836489f28b)
  INCLUDED         AIDE_Rebuild_Guide_v1.md  (sha256 01ceb45e507b)
  INCLUDED         AIDE_Rebuild_Overview_v1.md  (sha256 5a65c44f5991)
  INCLUDED         AIDE_Rebuild_SettledDecisions_v1.md  (sha256 33593102e982)
  INCLUDED         Assurance_Brief_Sketch_v2.md  (sha256 1c61ea8c6846)
  INCLUDED         Build_Input_Working_v1.md  (sha256 1bb3513464e6)
  INCLUDED         ProjectDesign_Decisions_Pending_v1.md  (sha256 647aacf4c1ad)
  INCLUDED         ProjectDesign_Design_Pending_v1.md  (sha256 587bc4c6165f)
  INCLUDED         ProjectDesign_StandardInputs_Pending_v1.md  (sha256 710b74bb0958)
  INCLUDED         ProjectDesign_WorkRegister_Pending_v1.md  (sha256 638ebbfb6eef)
  INCLUDED         WP_Check1_Assessment_v1.md  (sha256 dba57b98ffda)
  INCLUDED         WP_CoreCarries_v2.md  (sha256 2f3ab75ce434)
  SKIPPED          AIDE_DesignApproach_WIP_v1.md: matches exclude_files pattern "*_WIP_*"
  SKIPPED          AIDE_Rebuild_WIP_v24.md: matches exclude_files pattern "*_WIP_*"

------------------------------------------------------------------------
Result: 76 included, 4 skipped, 1 written, 1 deleted
========================================================================

========================================================================
binder builder   2026-09-15 21:19:08   LIVE
binder:   AIDE_Documentation
root:     C:\Users\david\dev\repos\DigitalBusiness-AIDE\Documentation
settings: C:\Users\david\dev\repos\DigitalBusiness-AIDE\Documentation\_aide\utilities\binder-builder\binder_builder_AIDE_Documentation_settings.json
include:  ~/_rebuild
folders collected from: 17
change detection: AIDE_Documentation_Binder_v76.md: 6 added (Messaging/Messaging_Brief_v1.md, Messaging/Messaging_Decisions_v1.md, Messaging/Messaging_Design_v1.md, and 3 more) - rebuilding
------------------------------------------------------------------------

[.]
  INCLUDED         AIDE_Orchestration_Investigation_Findings.md  (sha256 e7c281c19fb4)
  INCLUDED         AIDE_Solution_Map.md  (sha256 3c2294f7ae2b)
  SKIPPED          AIDE_Documentation_WIP_v17.md: matches exclude_files pattern "*_WIP_*"
  SKIPPED          AIDE_Orchestration_WIP_v1.md: matches exclude_files pattern "*_WIP_*"

[Assurance]
  INCLUDED         _index.md  (sha256 fde4b0521828)
  INCLUDED         Assurance_Decisions_v3.md  (sha256 da10aeeba9f4)
  INCLUDED         Assurance_Design_v3.md  (sha256 9590897a017b)

[Core]
  INCLUDED         _index.md  (sha256 8746bf38a3fa)
  INCLUDED         Core_AIDEMap.md  (sha256 9cb56b3c7791)
  INCLUDED         Core_AIDEPrinciples_Decisions_v1.md  (sha256 655de3e64709)
  INCLUDED         Core_AIDEPrinciples_Design_v1.md  (sha256 60e20e8d0b9d)
  INCLUDED         Core_Brief_v2.md  (sha256 23d1f1d1f622)
  INCLUDED         Core_Charter_v1.md  (sha256 3e5f5332b783)
  INCLUDED         Core_Decisions_v1.md  (sha256 2545fa050c39)
  INCLUDED         Core_Design_v3.md  (sha256 89eb22d2a3fc)
  INCLUDED         Core_Schema_Standard_v3.md  (sha256 49c6de8da5bb)
  INCLUDED         Core_Structure_Decisions_v1.md  (sha256 2217f6768b89)
  INCLUDED         Core_Structure_Design_v1.md  (sha256 f464dc43de50)
  INCLUDED         Core_Tags_Working_v1.md  (sha256 ae6557378adf)

[Documentation Methodology]
  INCLUDED         _index.md  (sha256 c3441fd9e4b4)
  INCLUDED         DocMeth_Brief_v1.md  (sha256 60c5cf3f5d79)
  INCLUDED         DocMeth_Decisions_v7.md  (sha256 15daf15e27ef)
  INCLUDED         DocMeth_Design_v6.md  (sha256 8b5d6a24a5d7)
  INCLUDED         DocMeth_Working_v9.md  (sha256 952a2287d1d0)
  INCLUDED         DocumentationMethodology_SchemaAuthoring_Standard_v1.md  (sha256 37a837a65cb3)
  INCLUDED         DocumentationMethodology_SchemaDefinitions_Standard_v1.md  (sha256 8098d9714c57)
  INCLUDED         DocumentationMethodology_Standard_v1.md  (sha256 8301aa2a0395)

[Infrastructure]
  INCLUDED         _index.md  (sha256 fb736219786c)
  INCLUDED         Infrastructure_CLI_Decisions_v1.md  (sha256 7a16726b5162)
  INCLUDED         Infrastructure_CLI_Design_v1.md  (sha256 12e05744ff4a)
  INCLUDED         Infrastructure_Working_v1.md  (sha256 1d7a11e25a57)

[Infrastructure\binder-builder]
  INCLUDED         binder_builder_Documentation_settings.json  (sha256 b9b89306305b)
  INCLUDED         BinderBuilder_Design_v10.md  (sha256 07a3284570d1)
  INCLUDED         README.md  (sha256 9c905047ab5a)

[Infrastructure\file-update-package]
  INCLUDED         file_update_package_settings.json  (sha256 15617061295c)
  INCLUDED         FileUpdatePackage_Design_v2.md  (sha256 142b729606f8)
  INCLUDED         README.md  (sha256 747bc371ff85)

[Infrastructure\version-cleanup]
  INCLUDED         README.md  (sha256 307a43363adb)
  INCLUDED         version_cleanup_settings.json  (sha256 c17e9142e485)
  INCLUDED         VersionCleanup_Design_v3.md  (sha256 329d08514ab2)

[Messaging]
  INCLUDED         _index.md  (sha256 f58053f2afc6)
  INCLUDED         Messaging_Brief_v1.md  (sha256 c1687d821833)
  INCLUDED         Messaging_Decisions_v1.md  (sha256 3766236c5cd7)
  INCLUDED         Messaging_Design_v1.md  (sha256 f19a2d41c606)
  INCLUDED         Messaging_Standard_v1.md  (sha256 4b831b1f802f)
  INCLUDED         Messaging_Tool_v1.md  (sha256 cf2b35fe6eec)

[Principles]
  INCLUDED         Principles_Decisions_v5.md  (sha256 33df0c86fba0)
  INCLUDED         Principles_Design_v5.md  (sha256 ba6e146bf1b7)
  INCLUDED         Principles_Standard_v2.md  (sha256 a2c5cf6f320d)

[Project Design]
  INCLUDED         _index.md  (sha256 589d24282970)
  INCLUDED         ProjectDesign_Decisions_v3.md  (sha256 61029b610785)
  INCLUDED         ProjectDesign_Design_v3.md  (sha256 845df7d3ba79)
  INCLUDED         ProjectDesign_Schema_Standard_v1.md  (sha256 23316ba5d013)
  INCLUDED         ProjectDesign_Standard_v4.md  (sha256 df3c448516ae)

[Standards]
  INCLUDED         _index.md  (sha256 3bd4678a60c0)
  INCLUDED         Standards_Authoring_Standard_v8.md  (sha256 e52f99825c80)
  INCLUDED         Standards_Consumption_Standard_v3.md  (sha256 b801499930ac)
  INCLUDED         Standards_Decisions_v4.md  (sha256 fcda250bc8aa)
  INCLUDED         Standards_Design_v3.md  (sha256 4a6a79a3a0f1)
  INCLUDED         Standards_Working_v1.md  (sha256 9677537477ab)

[Tools]
  INCLUDED         _index.md  (sha256 7bb05b130edc)
  INCLUDED         Tools_Authoring_Standard_v8.md  (sha256 d05452eddaa6)
  INCLUDED         Tools_Decisions_v7.md  (sha256 f83f2411202f)
  INCLUDED         Tools_Design_v6.md  (sha256 62b2eb15c979)

[Working Practices]
  INCLUDED         _index.md  (sha256 f1d40d14c547)
  INCLUDED         WP_Brief_v1.md  (sha256 4a970773c638)
  INCLUDED         WP_Capture_Working_v1.md  (sha256 54171d4dea8b)
  INCLUDED         WP_ContentDelivery_Working_v1.md  (sha256 6b858ff04f50)
  INCLUDED         WP_Decisions_v2.md  (sha256 4f8e32b0cc88)
  INCLUDED         WP_Design_v2.md  (sha256 1daab8c38faa)
  INCLUDED         WP_WorkManagement_Working_v1.md  (sha256 59a0bba2401c)

[Working Practices\FileOps]
  INCLUDED         WP_FileOps_Working_v1.md  (sha256 f2ffcdd7c76f)

[_binder]
  DELETED          AIDE_Documentation_Binder_v76.md
  WRITTEN          AIDE_Documentation_Binder_v77.md  (82 files, 872138 bytes)

[_rebuild]
  INCLUDED         AIDE_Component_PurposeLines_v2.md  (sha256 b1836489f28b)
  INCLUDED         AIDE_Rebuild_Guide_v1.md  (sha256 01ceb45e507b)
  INCLUDED         AIDE_Rebuild_Overview_v1.md  (sha256 5a65c44f5991)
  INCLUDED         AIDE_Rebuild_SettledDecisions_v1.md  (sha256 33593102e982)
  INCLUDED         Assurance_Brief_Sketch_v2.md  (sha256 1c61ea8c6846)
  INCLUDED         Build_Input_Working_v1.md  (sha256 1bb3513464e6)
  INCLUDED         ProjectDesign_Decisions_Pending_v1.md  (sha256 647aacf4c1ad)
  INCLUDED         ProjectDesign_Design_Pending_v1.md  (sha256 587bc4c6165f)
  INCLUDED         ProjectDesign_StandardInputs_Pending_v1.md  (sha256 710b74bb0958)
  INCLUDED         ProjectDesign_WorkRegister_Pending_v1.md  (sha256 638ebbfb6eef)
  INCLUDED         WP_Check1_Assessment_v1.md  (sha256 dba57b98ffda)
  INCLUDED         WP_CoreCarries_v2.md  (sha256 2f3ab75ce434)
  SKIPPED          AIDE_DesignApproach_WIP_v1.md: matches exclude_files pattern "*_WIP_*"
  SKIPPED          AIDE_Rebuild_WIP_v24.md: matches exclude_files pattern "*_WIP_*"

------------------------------------------------------------------------
Result: 82 included, 4 skipped, 1 written, 1 deleted
========================================================================

========================================================================
binder builder   2026-09-15 21:38:26   LIVE
binder:   AIDE_Documentation
root:     C:\Users\david\dev\repos\DigitalBusiness-AIDE\Documentation
settings: C:\Users\david\dev\repos\DigitalBusiness-AIDE\Documentation\_aide\utilities\binder-builder\binder_builder_AIDE_Documentation_settings.json
include:  ~/_rebuild
folders collected from: 17
change detection: AIDE_Documentation_Binder_v77.md: 4 added, 4 removed (Messaging/Messaging_Decisions_v2.md, Messaging/Messaging_Design_v2.md, Messaging/Messaging_Standard_v2.md, and 5 more) - rebuilding
------------------------------------------------------------------------

[.]
  INCLUDED         AIDE_Orchestration_Investigation_Findings.md  (sha256 e7c281c19fb4)
  INCLUDED         AIDE_Solution_Map.md  (sha256 3c2294f7ae2b)
  SKIPPED          AIDE_Documentation_WIP_v17.md: matches exclude_files pattern "*_WIP_*"
  SKIPPED          AIDE_Orchestration_WIP_v1.md: matches exclude_files pattern "*_WIP_*"

[Assurance]
  INCLUDED         _index.md  (sha256 fde4b0521828)
  INCLUDED         Assurance_Decisions_v3.md  (sha256 da10aeeba9f4)
  INCLUDED         Assurance_Design_v3.md  (sha256 9590897a017b)

[Core]
  INCLUDED         _index.md  (sha256 8746bf38a3fa)
  INCLUDED         Core_AIDEMap.md  (sha256 9cb56b3c7791)
  INCLUDED         Core_AIDEPrinciples_Decisions_v1.md  (sha256 655de3e64709)
  INCLUDED         Core_AIDEPrinciples_Design_v1.md  (sha256 60e20e8d0b9d)
  INCLUDED         Core_Brief_v2.md  (sha256 23d1f1d1f622)
  INCLUDED         Core_Charter_v1.md  (sha256 3e5f5332b783)
  INCLUDED         Core_Decisions_v1.md  (sha256 2545fa050c39)
  INCLUDED         Core_Design_v3.md  (sha256 89eb22d2a3fc)
  INCLUDED         Core_Schema_Standard_v3.md  (sha256 49c6de8da5bb)
  INCLUDED         Core_Structure_Decisions_v1.md  (sha256 2217f6768b89)
  INCLUDED         Core_Structure_Design_v1.md  (sha256 f464dc43de50)
  INCLUDED         Core_Tags_Working_v1.md  (sha256 ae6557378adf)

[Documentation Methodology]
  INCLUDED         _index.md  (sha256 c3441fd9e4b4)
  INCLUDED         DocMeth_Brief_v1.md  (sha256 60c5cf3f5d79)
  INCLUDED         DocMeth_Decisions_v7.md  (sha256 15daf15e27ef)
  INCLUDED         DocMeth_Design_v6.md  (sha256 8b5d6a24a5d7)
  INCLUDED         DocMeth_Working_v9.md  (sha256 952a2287d1d0)
  INCLUDED         DocumentationMethodology_SchemaAuthoring_Standard_v1.md  (sha256 37a837a65cb3)
  INCLUDED         DocumentationMethodology_SchemaDefinitions_Standard_v1.md  (sha256 8098d9714c57)
  INCLUDED         DocumentationMethodology_Standard_v1.md  (sha256 8301aa2a0395)

[Infrastructure]
  INCLUDED         _index.md  (sha256 fb736219786c)
  INCLUDED         Infrastructure_CLI_Decisions_v1.md  (sha256 7a16726b5162)
  INCLUDED         Infrastructure_CLI_Design_v1.md  (sha256 12e05744ff4a)
  INCLUDED         Infrastructure_Working_v1.md  (sha256 1d7a11e25a57)

[Infrastructure\binder-builder]
  INCLUDED         binder_builder_Documentation_settings.json  (sha256 b9b89306305b)
  INCLUDED         BinderBuilder_Design_v10.md  (sha256 07a3284570d1)
  INCLUDED         README.md  (sha256 9c905047ab5a)

[Infrastructure\file-update-package]
  INCLUDED         file_update_package_settings.json  (sha256 15617061295c)
  INCLUDED         FileUpdatePackage_Design_v2.md  (sha256 142b729606f8)
  INCLUDED         README.md  (sha256 747bc371ff85)

[Infrastructure\version-cleanup]
  INCLUDED         README.md  (sha256 307a43363adb)
  INCLUDED         version_cleanup_settings.json  (sha256 c17e9142e485)
  INCLUDED         VersionCleanup_Design_v3.md  (sha256 329d08514ab2)

[Messaging]
  INCLUDED         _index.md  (sha256 f58053f2afc6)
  INCLUDED         Messaging_Brief_v1.md  (sha256 c1687d821833)
  INCLUDED         Messaging_Decisions_v2.md  (sha256 3da2ea3af79a)
  INCLUDED         Messaging_Design_v2.md  (sha256 f54c550674e9)
  INCLUDED         Messaging_Standard_v2.md  (sha256 4815dbe0e0f5)
  INCLUDED         Messaging_Tool_v2.md  (sha256 db4042c0dd60)

[Principles]
  INCLUDED         Principles_Decisions_v5.md  (sha256 33df0c86fba0)
  INCLUDED         Principles_Design_v5.md  (sha256 ba6e146bf1b7)
  INCLUDED         Principles_Standard_v2.md  (sha256 a2c5cf6f320d)

[Project Design]
  INCLUDED         _index.md  (sha256 589d24282970)
  INCLUDED         ProjectDesign_Decisions_v3.md  (sha256 61029b610785)
  INCLUDED         ProjectDesign_Design_v3.md  (sha256 845df7d3ba79)
  INCLUDED         ProjectDesign_Schema_Standard_v1.md  (sha256 23316ba5d013)
  INCLUDED         ProjectDesign_Standard_v4.md  (sha256 df3c448516ae)

[Standards]
  INCLUDED         _index.md  (sha256 3bd4678a60c0)
  INCLUDED         Standards_Authoring_Standard_v8.md  (sha256 e52f99825c80)
  INCLUDED         Standards_Consumption_Standard_v3.md  (sha256 b801499930ac)
  INCLUDED         Standards_Decisions_v4.md  (sha256 fcda250bc8aa)
  INCLUDED         Standards_Design_v3.md  (sha256 4a6a79a3a0f1)
  INCLUDED         Standards_Working_v1.md  (sha256 9677537477ab)

[Tools]
  INCLUDED         _index.md  (sha256 7bb05b130edc)
  INCLUDED         Tools_Authoring_Standard_v8.md  (sha256 d05452eddaa6)
  INCLUDED         Tools_Decisions_v7.md  (sha256 f83f2411202f)
  INCLUDED         Tools_Design_v6.md  (sha256 62b2eb15c979)

[Working Practices]
  INCLUDED         _index.md  (sha256 f1d40d14c547)
  INCLUDED         WP_Brief_v1.md  (sha256 4a970773c638)
  INCLUDED         WP_Capture_Working_v1.md  (sha256 54171d4dea8b)
  INCLUDED         WP_ContentDelivery_Working_v1.md  (sha256 6b858ff04f50)
  INCLUDED         WP_Decisions_v2.md  (sha256 4f8e32b0cc88)
  INCLUDED         WP_Design_v2.md  (sha256 1daab8c38faa)
  INCLUDED         WP_WorkManagement_Working_v1.md  (sha256 59a0bba2401c)

[Working Practices\FileOps]
  INCLUDED         WP_FileOps_Working_v1.md  (sha256 f2ffcdd7c76f)

[_binder]
  DELETED          AIDE_Documentation_Binder_v77.md
  WRITTEN          AIDE_Documentation_Binder_v78.md  (82 files, 886463 bytes)

[_rebuild]
  INCLUDED         AIDE_Component_PurposeLines_v2.md  (sha256 b1836489f28b)
  INCLUDED         AIDE_Rebuild_Guide_v1.md  (sha256 01ceb45e507b)
  INCLUDED         AIDE_Rebuild_Overview_v1.md  (sha256 5a65c44f5991)
  INCLUDED         AIDE_Rebuild_SettledDecisions_v1.md  (sha256 33593102e982)
  INCLUDED         Assurance_Brief_Sketch_v2.md  (sha256 1c61ea8c6846)
  INCLUDED         Build_Input_Working_v1.md  (sha256 1bb3513464e6)
  INCLUDED         ProjectDesign_Decisions_Pending_v1.md  (sha256 647aacf4c1ad)
  INCLUDED         ProjectDesign_Design_Pending_v1.md  (sha256 587bc4c6165f)
  INCLUDED         ProjectDesign_StandardInputs_Pending_v1.md  (sha256 710b74bb0958)
  INCLUDED         ProjectDesign_WorkRegister_Pending_v1.md  (sha256 638ebbfb6eef)
  INCLUDED         WP_Check1_Assessment_v1.md  (sha256 dba57b98ffda)
  INCLUDED         WP_CoreCarries_v2.md  (sha256 2f3ab75ce434)
  SKIPPED          AIDE_DesignApproach_WIP_v1.md: matches exclude_files pattern "*_WIP_*"
  SKIPPED          AIDE_Rebuild_WIP_v24.md: matches exclude_files pattern "*_WIP_*"

------------------------------------------------------------------------
Result: 82 included, 4 skipped, 1 written, 1 deleted
========================================================================

========================================================================
binder builder   2026-09-15 21:46:08   LIVE
binder:   AIDE_Documentation
root:     C:\Users\david\dev\repos\DigitalBusiness-AIDE\Documentation
settings: C:\Users\david\dev\repos\DigitalBusiness-AIDE\Documentation\_aide\utilities\binder-builder\binder_builder_AIDE_Documentation_settings.json
include:  ~/_rebuild
folders collected from: 17
change detection: AIDE_Documentation_Binder_v78.md: 4 added, 4 removed (Messaging/Messaging_Decisions_v3.md, Messaging/Messaging_Design_v3.md, Messaging/Messaging_Standard_v3.md, and 5 more) - rebuilding
------------------------------------------------------------------------

[.]
  INCLUDED         AIDE_Orchestration_Investigation_Findings.md  (sha256 e7c281c19fb4)
  INCLUDED         AIDE_Solution_Map.md  (sha256 3c2294f7ae2b)
  SKIPPED          AIDE_Documentation_WIP_v17.md: matches exclude_files pattern "*_WIP_*"
  SKIPPED          AIDE_Orchestration_WIP_v1.md: matches exclude_files pattern "*_WIP_*"

[Assurance]
  INCLUDED         _index.md  (sha256 fde4b0521828)
  INCLUDED         Assurance_Decisions_v3.md  (sha256 da10aeeba9f4)
  INCLUDED         Assurance_Design_v3.md  (sha256 9590897a017b)

[Core]
  INCLUDED         _index.md  (sha256 8746bf38a3fa)
  INCLUDED         Core_AIDEMap.md  (sha256 9cb56b3c7791)
  INCLUDED         Core_AIDEPrinciples_Decisions_v1.md  (sha256 655de3e64709)
  INCLUDED         Core_AIDEPrinciples_Design_v1.md  (sha256 60e20e8d0b9d)
  INCLUDED         Core_Brief_v2.md  (sha256 23d1f1d1f622)
  INCLUDED         Core_Charter_v1.md  (sha256 3e5f5332b783)
  INCLUDED         Core_Decisions_v1.md  (sha256 2545fa050c39)
  INCLUDED         Core_Design_v3.md  (sha256 89eb22d2a3fc)
  INCLUDED         Core_Schema_Standard_v3.md  (sha256 49c6de8da5bb)
  INCLUDED         Core_Structure_Decisions_v1.md  (sha256 2217f6768b89)
  INCLUDED         Core_Structure_Design_v1.md  (sha256 f464dc43de50)
  INCLUDED         Core_Tags_Working_v1.md  (sha256 ae6557378adf)

[Documentation Methodology]
  INCLUDED         _index.md  (sha256 c3441fd9e4b4)
  INCLUDED         DocMeth_Brief_v1.md  (sha256 60c5cf3f5d79)
  INCLUDED         DocMeth_Decisions_v7.md  (sha256 15daf15e27ef)
  INCLUDED         DocMeth_Design_v6.md  (sha256 8b5d6a24a5d7)
  INCLUDED         DocMeth_Working_v9.md  (sha256 952a2287d1d0)
  INCLUDED         DocumentationMethodology_SchemaAuthoring_Standard_v1.md  (sha256 37a837a65cb3)
  INCLUDED         DocumentationMethodology_SchemaDefinitions_Standard_v1.md  (sha256 8098d9714c57)
  INCLUDED         DocumentationMethodology_Standard_v1.md  (sha256 8301aa2a0395)

[Infrastructure]
  INCLUDED         _index.md  (sha256 fb736219786c)
  INCLUDED         Infrastructure_CLI_Decisions_v1.md  (sha256 7a16726b5162)
  INCLUDED         Infrastructure_CLI_Design_v1.md  (sha256 12e05744ff4a)
  INCLUDED         Infrastructure_Working_v1.md  (sha256 1d7a11e25a57)

[Infrastructure\binder-builder]
  INCLUDED         binder_builder_Documentation_settings.json  (sha256 b9b89306305b)
  INCLUDED         BinderBuilder_Design_v10.md  (sha256 07a3284570d1)
  INCLUDED         README.md  (sha256 9c905047ab5a)

[Infrastructure\file-update-package]
  INCLUDED         file_update_package_settings.json  (sha256 15617061295c)
  INCLUDED         FileUpdatePackage_Design_v2.md  (sha256 142b729606f8)
  INCLUDED         README.md  (sha256 747bc371ff85)

[Infrastructure\version-cleanup]
  INCLUDED         README.md  (sha256 307a43363adb)
  INCLUDED         version_cleanup_settings.json  (sha256 c17e9142e485)
  INCLUDED         VersionCleanup_Design_v3.md  (sha256 329d08514ab2)

[Messaging]
  INCLUDED         _index.md  (sha256 f58053f2afc6)
  INCLUDED         Messaging_Brief_v1.md  (sha256 c1687d821833)
  INCLUDED         Messaging_Decisions_v3.md  (sha256 c600d9d2eebf)
  INCLUDED         Messaging_Design_v3.md  (sha256 5874e21fdc21)
  INCLUDED         Messaging_Standard_v3.md  (sha256 771e76af2905)
  INCLUDED         Messaging_Tool_v3.md  (sha256 acf6ead3236f)

[Principles]
  INCLUDED         Principles_Decisions_v5.md  (sha256 33df0c86fba0)
  INCLUDED         Principles_Design_v5.md  (sha256 ba6e146bf1b7)
  INCLUDED         Principles_Standard_v2.md  (sha256 a2c5cf6f320d)

[Project Design]
  INCLUDED         _index.md  (sha256 589d24282970)
  INCLUDED         ProjectDesign_Decisions_v3.md  (sha256 61029b610785)
  INCLUDED         ProjectDesign_Design_v3.md  (sha256 845df7d3ba79)
  INCLUDED         ProjectDesign_Schema_Standard_v1.md  (sha256 23316ba5d013)
  INCLUDED         ProjectDesign_Standard_v4.md  (sha256 df3c448516ae)

[Standards]
  INCLUDED         _index.md  (sha256 3bd4678a60c0)
  INCLUDED         Standards_Authoring_Standard_v8.md  (sha256 e52f99825c80)
  INCLUDED         Standards_Consumption_Standard_v3.md  (sha256 b801499930ac)
  INCLUDED         Standards_Decisions_v4.md  (sha256 fcda250bc8aa)
  INCLUDED         Standards_Design_v3.md  (sha256 4a6a79a3a0f1)
  INCLUDED         Standards_Working_v1.md  (sha256 9677537477ab)

[Tools]
  INCLUDED         _index.md  (sha256 7bb05b130edc)
  INCLUDED         Tools_Authoring_Standard_v8.md  (sha256 d05452eddaa6)
  INCLUDED         Tools_Decisions_v7.md  (sha256 f83f2411202f)
  INCLUDED         Tools_Design_v6.md  (sha256 62b2eb15c979)

[Working Practices]
  INCLUDED         _index.md  (sha256 f1d40d14c547)
  INCLUDED         WP_Brief_v1.md  (sha256 4a970773c638)
  INCLUDED         WP_Capture_Working_v1.md  (sha256 54171d4dea8b)
  INCLUDED         WP_ContentDelivery_Working_v1.md  (sha256 6b858ff04f50)
  INCLUDED         WP_Decisions_v2.md  (sha256 4f8e32b0cc88)
  INCLUDED         WP_Design_v2.md  (sha256 1daab8c38faa)
  INCLUDED         WP_WorkManagement_Working_v1.md  (sha256 59a0bba2401c)

[Working Practices\FileOps]
  INCLUDED         WP_FileOps_Working_v1.md  (sha256 f2ffcdd7c76f)

[_binder]
  DELETED          AIDE_Documentation_Binder_v78.md
  WRITTEN          AIDE_Documentation_Binder_v79.md  (82 files, 896101 bytes)

[_rebuild]
  INCLUDED         AIDE_Component_PurposeLines_v2.md  (sha256 b1836489f28b)
  INCLUDED         AIDE_Rebuild_Guide_v1.md  (sha256 01ceb45e507b)
  INCLUDED         AIDE_Rebuild_Overview_v1.md  (sha256 5a65c44f5991)
  INCLUDED         AIDE_Rebuild_SettledDecisions_v1.md  (sha256 33593102e982)
  INCLUDED         Assurance_Brief_Sketch_v2.md  (sha256 1c61ea8c6846)
  INCLUDED         Build_Input_Working_v1.md  (sha256 1bb3513464e6)
  INCLUDED         ProjectDesign_Decisions_Pending_v1.md  (sha256 647aacf4c1ad)
  INCLUDED         ProjectDesign_Design_Pending_v1.md  (sha256 587bc4c6165f)
  INCLUDED         ProjectDesign_StandardInputs_Pending_v1.md  (sha256 710b74bb0958)
  INCLUDED         ProjectDesign_WorkRegister_Pending_v1.md  (sha256 638ebbfb6eef)
  INCLUDED         WP_Check1_Assessment_v1.md  (sha256 dba57b98ffda)
  INCLUDED         WP_CoreCarries_v2.md  (sha256 2f3ab75ce434)
  SKIPPED          AIDE_DesignApproach_WIP_v1.md: matches exclude_files pattern "*_WIP_*"
  SKIPPED          AIDE_Rebuild_WIP_v24.md: matches exclude_files pattern "*_WIP_*"

------------------------------------------------------------------------
Result: 82 included, 4 skipped, 1 written, 1 deleted
========================================================================

========================================================================
binder builder   2026-09-15 21:54:58   LIVE
binder:   AIDE_Documentation
root:     C:\Users\david\dev\repos\DigitalBusiness-AIDE\Documentation
settings: C:\Users\david\dev\repos\DigitalBusiness-AIDE\Documentation\_aide\utilities\binder-builder\binder_builder_AIDE_Documentation_settings.json
include:  ~/_rebuild
folders collected from: 17
change detection: AIDE_Documentation_Binder_v79.md: 4 added, 4 removed (Messaging/Messaging_Decisions_v4.md, Messaging/Messaging_Design_v4.md, Messaging/Messaging_Standard_v4.md, and 5 more) - rebuilding
------------------------------------------------------------------------

[.]
  INCLUDED         AIDE_Orchestration_Investigation_Findings.md  (sha256 e7c281c19fb4)
  INCLUDED         AIDE_Solution_Map.md  (sha256 3c2294f7ae2b)
  SKIPPED          AIDE_Documentation_WIP_v17.md: matches exclude_files pattern "*_WIP_*"
  SKIPPED          AIDE_Orchestration_WIP_v1.md: matches exclude_files pattern "*_WIP_*"

[Assurance]
  INCLUDED         _index.md  (sha256 fde4b0521828)
  INCLUDED         Assurance_Decisions_v3.md  (sha256 da10aeeba9f4)
  INCLUDED         Assurance_Design_v3.md  (sha256 9590897a017b)

[Core]
  INCLUDED         _index.md  (sha256 8746bf38a3fa)
  INCLUDED         Core_AIDEMap.md  (sha256 9cb56b3c7791)
  INCLUDED         Core_AIDEPrinciples_Decisions_v1.md  (sha256 655de3e64709)
  INCLUDED         Core_AIDEPrinciples_Design_v1.md  (sha256 60e20e8d0b9d)
  INCLUDED         Core_Brief_v2.md  (sha256 23d1f1d1f622)
  INCLUDED         Core_Charter_v1.md  (sha256 3e5f5332b783)
  INCLUDED         Core_Decisions_v1.md  (sha256 2545fa050c39)
  INCLUDED         Core_Design_v3.md  (sha256 89eb22d2a3fc)
  INCLUDED         Core_Schema_Standard_v3.md  (sha256 49c6de8da5bb)
  INCLUDED         Core_Structure_Decisions_v1.md  (sha256 2217f6768b89)
  INCLUDED         Core_Structure_Design_v1.md  (sha256 f464dc43de50)
  INCLUDED         Core_Tags_Working_v1.md  (sha256 ae6557378adf)

[Documentation Methodology]
  INCLUDED         _index.md  (sha256 c3441fd9e4b4)
  INCLUDED         DocMeth_Brief_v1.md  (sha256 60c5cf3f5d79)
  INCLUDED         DocMeth_Decisions_v7.md  (sha256 15daf15e27ef)
  INCLUDED         DocMeth_Design_v6.md  (sha256 8b5d6a24a5d7)
  INCLUDED         DocMeth_Working_v9.md  (sha256 952a2287d1d0)
  INCLUDED         DocumentationMethodology_SchemaAuthoring_Standard_v1.md  (sha256 37a837a65cb3)
  INCLUDED         DocumentationMethodology_SchemaDefinitions_Standard_v1.md  (sha256 8098d9714c57)
  INCLUDED         DocumentationMethodology_Standard_v1.md  (sha256 8301aa2a0395)

[Infrastructure]
  INCLUDED         _index.md  (sha256 fb736219786c)
  INCLUDED         Infrastructure_CLI_Decisions_v1.md  (sha256 7a16726b5162)
  INCLUDED         Infrastructure_CLI_Design_v1.md  (sha256 12e05744ff4a)
  INCLUDED         Infrastructure_Working_v1.md  (sha256 1d7a11e25a57)

[Infrastructure\binder-builder]
  INCLUDED         binder_builder_Documentation_settings.json  (sha256 b9b89306305b)
  INCLUDED         BinderBuilder_Design_v10.md  (sha256 07a3284570d1)
  INCLUDED         README.md  (sha256 9c905047ab5a)

[Infrastructure\file-update-package]
  INCLUDED         file_update_package_settings.json  (sha256 15617061295c)
  INCLUDED         FileUpdatePackage_Design_v2.md  (sha256 142b729606f8)
  INCLUDED         README.md  (sha256 747bc371ff85)

[Infrastructure\version-cleanup]
  INCLUDED         README.md  (sha256 307a43363adb)
  INCLUDED         version_cleanup_settings.json  (sha256 c17e9142e485)
  INCLUDED         VersionCleanup_Design_v3.md  (sha256 329d08514ab2)

[Messaging]
  INCLUDED         _index.md  (sha256 f58053f2afc6)
  INCLUDED         Messaging_Brief_v1.md  (sha256 c1687d821833)
  INCLUDED         Messaging_Decisions_v4.md  (sha256 c6a0f75cba95)
  INCLUDED         Messaging_Design_v4.md  (sha256 48b767e284b0)
  INCLUDED         Messaging_Standard_v4.md  (sha256 39a0045e2403)
  INCLUDED         Messaging_Tool_v4.md  (sha256 c0a40ad3383d)

[Principles]
  INCLUDED         Principles_Decisions_v5.md  (sha256 33df0c86fba0)
  INCLUDED         Principles_Design_v5.md  (sha256 ba6e146bf1b7)
  INCLUDED         Principles_Standard_v2.md  (sha256 a2c5cf6f320d)

[Project Design]
  INCLUDED         _index.md  (sha256 589d24282970)
  INCLUDED         ProjectDesign_Decisions_v3.md  (sha256 61029b610785)
  INCLUDED         ProjectDesign_Design_v3.md  (sha256 845df7d3ba79)
  INCLUDED         ProjectDesign_Schema_Standard_v1.md  (sha256 23316ba5d013)
  INCLUDED         ProjectDesign_Standard_v4.md  (sha256 df3c448516ae)

[Standards]
  INCLUDED         _index.md  (sha256 3bd4678a60c0)
  INCLUDED         Standards_Authoring_Standard_v8.md  (sha256 e52f99825c80)
  INCLUDED         Standards_Consumption_Standard_v3.md  (sha256 b801499930ac)
  INCLUDED         Standards_Decisions_v4.md  (sha256 fcda250bc8aa)
  INCLUDED         Standards_Design_v3.md  (sha256 4a6a79a3a0f1)
  INCLUDED         Standards_Working_v1.md  (sha256 9677537477ab)

[Tools]
  INCLUDED         _index.md  (sha256 7bb05b130edc)
  INCLUDED         Tools_Authoring_Standard_v8.md  (sha256 d05452eddaa6)
  INCLUDED         Tools_Decisions_v7.md  (sha256 f83f2411202f)
  INCLUDED         Tools_Design_v6.md  (sha256 62b2eb15c979)

[Working Practices]
  INCLUDED         _index.md  (sha256 f1d40d14c547)
  INCLUDED         WP_Brief_v1.md  (sha256 4a970773c638)
  INCLUDED         WP_Capture_Working_v1.md  (sha256 54171d4dea8b)
  INCLUDED         WP_ContentDelivery_Working_v1.md  (sha256 6b858ff04f50)
  INCLUDED         WP_Decisions_v2.md  (sha256 4f8e32b0cc88)
  INCLUDED         WP_Design_v2.md  (sha256 1daab8c38faa)
  INCLUDED         WP_WorkManagement_Working_v1.md  (sha256 59a0bba2401c)

[Working Practices\FileOps]
  INCLUDED         WP_FileOps_Working_v1.md  (sha256 f2ffcdd7c76f)

[_binder]
  DELETED          AIDE_Documentation_Binder_v79.md
  WRITTEN          AIDE_Documentation_Binder_v80.md  (82 files, 898749 bytes)

[_rebuild]
  INCLUDED         AIDE_Component_PurposeLines_v2.md  (sha256 b1836489f28b)
  INCLUDED         AIDE_Rebuild_Guide_v1.md  (sha256 01ceb45e507b)
  INCLUDED         AIDE_Rebuild_Overview_v1.md  (sha256 5a65c44f5991)
  INCLUDED         AIDE_Rebuild_SettledDecisions_v1.md  (sha256 33593102e982)
  INCLUDED         Assurance_Brief_Sketch_v2.md  (sha256 1c61ea8c6846)
  INCLUDED         Build_Input_Working_v1.md  (sha256 1bb3513464e6)
  INCLUDED         ProjectDesign_Decisions_Pending_v1.md  (sha256 647aacf4c1ad)
  INCLUDED         ProjectDesign_Design_Pending_v1.md  (sha256 587bc4c6165f)
  INCLUDED         ProjectDesign_StandardInputs_Pending_v1.md  (sha256 710b74bb0958)
  INCLUDED         ProjectDesign_WorkRegister_Pending_v1.md  (sha256 638ebbfb6eef)
  INCLUDED         WP_Check1_Assessment_v1.md  (sha256 dba57b98ffda)
  INCLUDED         WP_CoreCarries_v2.md  (sha256 2f3ab75ce434)
  SKIPPED          AIDE_DesignApproach_WIP_v1.md: matches exclude_files pattern "*_WIP_*"
  SKIPPED          AIDE_Rebuild_WIP_v24.md: matches exclude_files pattern "*_WIP_*"

------------------------------------------------------------------------
Result: 82 included, 4 skipped, 1 written, 1 deleted
========================================================================

========================================================================
binder builder   2026-09-16 14:20:38   LIVE
binder:   AIDE_Documentation
root:     C:\Users\david\dev\repos\DigitalBusiness-AIDE\Documentation
settings: C:\Users\david\dev\repos\DigitalBusiness-AIDE\Documentation\_aide\utilities\binder-builder\binder_builder_AIDE_Documentation_settings.json
include:  ~/_rebuild
folders collected from: 17
change detection: AIDE_Documentation_Binder_v80.md: 3 added (Orchestration/AIDE_Orchestration_Decisions_v1.md, Orchestration/AIDE_Orchestration_Design_v1.md, Orchestration/AIDE_Orchestration_UseCases_v1.md) - rebuilding
------------------------------------------------------------------------

[.]
  INCLUDED         AIDE_Orchestration_Investigation_Findings.md  (sha256 e7c281c19fb4)
  INCLUDED         AIDE_Solution_Map.md  (sha256 3c2294f7ae2b)
  SKIPPED          AIDE_Documentation_WIP_v17.md: matches exclude_files pattern "*_WIP_*"
  SKIPPED          AIDE_Orchestration_WIP_v1.md: matches exclude_files pattern "*_WIP_*"

[Assurance]
  INCLUDED         _index.md  (sha256 fde4b0521828)
  INCLUDED         Assurance_Decisions_v3.md  (sha256 da10aeeba9f4)
  INCLUDED         Assurance_Design_v3.md  (sha256 9590897a017b)

[Core]
  INCLUDED         _index.md  (sha256 8746bf38a3fa)
  INCLUDED         Core_AIDEMap.md  (sha256 9cb56b3c7791)
  INCLUDED         Core_AIDEPrinciples_Decisions_v1.md  (sha256 655de3e64709)
  INCLUDED         Core_AIDEPrinciples_Design_v1.md  (sha256 60e20e8d0b9d)
  INCLUDED         Core_Brief_v2.md  (sha256 23d1f1d1f622)
  INCLUDED         Core_Charter_v1.md  (sha256 3e5f5332b783)
  INCLUDED         Core_Decisions_v1.md  (sha256 2545fa050c39)
  INCLUDED         Core_Design_v3.md  (sha256 89eb22d2a3fc)
  INCLUDED         Core_Schema_Standard_v3.md  (sha256 49c6de8da5bb)
  INCLUDED         Core_Structure_Decisions_v1.md  (sha256 2217f6768b89)
  INCLUDED         Core_Structure_Design_v1.md  (sha256 f464dc43de50)
  INCLUDED         Core_Tags_Working_v1.md  (sha256 ae6557378adf)

[Documentation Methodology]
  INCLUDED         _index.md  (sha256 c3441fd9e4b4)
  INCLUDED         DocMeth_Brief_v1.md  (sha256 60c5cf3f5d79)
  INCLUDED         DocMeth_Decisions_v7.md  (sha256 15daf15e27ef)
  INCLUDED         DocMeth_Design_v6.md  (sha256 8b5d6a24a5d7)
  INCLUDED         DocMeth_Working_v9.md  (sha256 952a2287d1d0)
  INCLUDED         DocumentationMethodology_SchemaAuthoring_Standard_v1.md  (sha256 37a837a65cb3)
  INCLUDED         DocumentationMethodology_SchemaDefinitions_Standard_v1.md  (sha256 8098d9714c57)
  INCLUDED         DocumentationMethodology_Standard_v1.md  (sha256 8301aa2a0395)

[Infrastructure]
  INCLUDED         _index.md  (sha256 fb736219786c)
  INCLUDED         Infrastructure_CLI_Decisions_v1.md  (sha256 7a16726b5162)
  INCLUDED         Infrastructure_CLI_Design_v1.md  (sha256 12e05744ff4a)
  INCLUDED         Infrastructure_Working_v1.md  (sha256 1d7a11e25a57)

[Infrastructure\binder-builder]
  INCLUDED         binder_builder_Documentation_settings.json  (sha256 b9b89306305b)
  INCLUDED         BinderBuilder_Design_v10.md  (sha256 07a3284570d1)
  INCLUDED         README.md  (sha256 9c905047ab5a)

[Infrastructure\file-update-package]
  INCLUDED         file_update_package_settings.json  (sha256 15617061295c)
  INCLUDED         FileUpdatePackage_Design_v2.md  (sha256 142b729606f8)
  INCLUDED         README.md  (sha256 747bc371ff85)

[Infrastructure\version-cleanup]
  INCLUDED         README.md  (sha256 307a43363adb)
  INCLUDED         version_cleanup_settings.json  (sha256 c17e9142e485)
  INCLUDED         VersionCleanup_Design_v3.md  (sha256 329d08514ab2)

[Messaging]
  INCLUDED         _index.md  (sha256 f58053f2afc6)
  INCLUDED         Messaging_Brief_v1.md  (sha256 c1687d821833)
  INCLUDED         Messaging_Decisions_v4.md  (sha256 c6a0f75cba95)
  INCLUDED         Messaging_Design_v4.md  (sha256 48b767e284b0)
  INCLUDED         Messaging_Standard_v4.md  (sha256 39a0045e2403)
  INCLUDED         Messaging_Tool_v4.md  (sha256 c0a40ad3383d)

[Orchestration]
  INCLUDED         AIDE_Orchestration_Decisions_v1.md  (sha256 4e13b3c845d2)
  INCLUDED         AIDE_Orchestration_Design_v1.md  (sha256 20d4133b9ae3)
  INCLUDED         AIDE_Orchestration_UseCases_v1.md  (sha256 10fc0efe40fa)

[Principles]
  INCLUDED         Principles_Decisions_v5.md  (sha256 33df0c86fba0)
  INCLUDED         Principles_Design_v5.md  (sha256 ba6e146bf1b7)
  INCLUDED         Principles_Standard_v2.md  (sha256 a2c5cf6f320d)

[Project Design]
  INCLUDED         _index.md  (sha256 589d24282970)
  INCLUDED         ProjectDesign_Decisions_v3.md  (sha256 61029b610785)
  INCLUDED         ProjectDesign_Design_v3.md  (sha256 845df7d3ba79)
  INCLUDED         ProjectDesign_Schema_Standard_v1.md  (sha256 23316ba5d013)
  INCLUDED         ProjectDesign_Standard_v4.md  (sha256 df3c448516ae)

[Standards]
  INCLUDED         _index.md  (sha256 3bd4678a60c0)
  INCLUDED         Standards_Authoring_Standard_v8.md  (sha256 e52f99825c80)
  INCLUDED         Standards_Consumption_Standard_v3.md  (sha256 b801499930ac)
  INCLUDED         Standards_Decisions_v4.md  (sha256 fcda250bc8aa)
  INCLUDED         Standards_Design_v3.md  (sha256 4a6a79a3a0f1)
  INCLUDED         Standards_Working_v1.md  (sha256 9677537477ab)

[Tools]
  INCLUDED         _index.md  (sha256 7bb05b130edc)
  INCLUDED         Tools_Authoring_Standard_v8.md  (sha256 d05452eddaa6)
  INCLUDED         Tools_Decisions_v7.md  (sha256 f83f2411202f)
  INCLUDED         Tools_Design_v6.md  (sha256 62b2eb15c979)

[Working Practices]
  INCLUDED         _index.md  (sha256 f1d40d14c547)
  INCLUDED         WP_Brief_v1.md  (sha256 4a970773c638)
  INCLUDED         WP_Capture_Working_v1.md  (sha256 54171d4dea8b)
  INCLUDED         WP_ContentDelivery_Working_v1.md  (sha256 6b858ff04f50)
  INCLUDED         WP_Decisions_v2.md  (sha256 4f8e32b0cc88)
  INCLUDED         WP_Design_v2.md  (sha256 1daab8c38faa)
  INCLUDED         WP_WorkManagement_Working_v1.md  (sha256 59a0bba2401c)

[Working Practices\FileOps]
  INCLUDED         WP_FileOps_Working_v1.md  (sha256 f2ffcdd7c76f)

[_binder]
  DELETED          AIDE_Documentation_Binder_v80.md
  WRITTEN          AIDE_Documentation_Binder_v81.md  (85 files, 933389 bytes)

[_rebuild]
  INCLUDED         AIDE_Component_PurposeLines_v2.md  (sha256 b1836489f28b)
  INCLUDED         AIDE_Rebuild_Guide_v1.md  (sha256 01ceb45e507b)
  INCLUDED         AIDE_Rebuild_Overview_v1.md  (sha256 5a65c44f5991)
  INCLUDED         AIDE_Rebuild_SettledDecisions_v1.md  (sha256 33593102e982)
  INCLUDED         Assurance_Brief_Sketch_v2.md  (sha256 1c61ea8c6846)
  INCLUDED         Build_Input_Working_v1.md  (sha256 1bb3513464e6)
  INCLUDED         ProjectDesign_Decisions_Pending_v1.md  (sha256 647aacf4c1ad)
  INCLUDED         ProjectDesign_Design_Pending_v1.md  (sha256 587bc4c6165f)
  INCLUDED         ProjectDesign_StandardInputs_Pending_v1.md  (sha256 710b74bb0958)
  INCLUDED         ProjectDesign_WorkRegister_Pending_v1.md  (sha256 638ebbfb6eef)
  INCLUDED         WP_Check1_Assessment_v1.md  (sha256 dba57b98ffda)
  INCLUDED         WP_CoreCarries_v2.md  (sha256 2f3ab75ce434)
  SKIPPED          AIDE_DesignApproach_WIP_v1.md: matches exclude_files pattern "*_WIP_*"
  SKIPPED          AIDE_Rebuild_WIP_v24.md: matches exclude_files pattern "*_WIP_*"

------------------------------------------------------------------------
Result: 85 included, 4 skipped, 1 written, 1 deleted
========================================================================

========================================================================
binder builder   2026-09-16 14:27:53   LIVE
binder:   AIDE_Documentation
root:     C:\Users\david\dev\repos\DigitalBusiness-AIDE\Documentation
settings: C:\Users\david\dev\repos\DigitalBusiness-AIDE\Documentation\_aide\utilities\binder-builder\binder_builder_AIDE_Documentation_settings.json
include:  ~/_rebuild
folders collected from: 17
change detection: AIDE_Documentation_Binder_v81.md: 1 added, 3 changed (Infrastructure/AIDE_Infrastructure_MCPDeliveryModel_v1.md, Orchestration/AIDE_Orchestration_Decisions_v1.md, Orchestration/AIDE_Orchestration_Design_v1.md, and 1 more) - rebuilding
------------------------------------------------------------------------

[.]
  INCLUDED         AIDE_Orchestration_Investigation_Findings.md  (sha256 e7c281c19fb4)
  INCLUDED         AIDE_Solution_Map.md  (sha256 3c2294f7ae2b)
  SKIPPED          AIDE_Documentation_WIP_v17.md: matches exclude_files pattern "*_WIP_*"
  SKIPPED          AIDE_Orchestration_WIP_v1.md: matches exclude_files pattern "*_WIP_*"

[Assurance]
  INCLUDED         _index.md  (sha256 fde4b0521828)
  INCLUDED         Assurance_Decisions_v3.md  (sha256 da10aeeba9f4)
  INCLUDED         Assurance_Design_v3.md  (sha256 9590897a017b)

[Core]
  INCLUDED         _index.md  (sha256 8746bf38a3fa)
  INCLUDED         Core_AIDEMap.md  (sha256 9cb56b3c7791)
  INCLUDED         Core_AIDEPrinciples_Decisions_v1.md  (sha256 655de3e64709)
  INCLUDED         Core_AIDEPrinciples_Design_v1.md  (sha256 60e20e8d0b9d)
  INCLUDED         Core_Brief_v2.md  (sha256 23d1f1d1f622)
  INCLUDED         Core_Charter_v1.md  (sha256 3e5f5332b783)
  INCLUDED         Core_Decisions_v1.md  (sha256 2545fa050c39)
  INCLUDED         Core_Design_v3.md  (sha256 89eb22d2a3fc)
  INCLUDED         Core_Schema_Standard_v3.md  (sha256 49c6de8da5bb)
  INCLUDED         Core_Structure_Decisions_v1.md  (sha256 2217f6768b89)
  INCLUDED         Core_Structure_Design_v1.md  (sha256 f464dc43de50)
  INCLUDED         Core_Tags_Working_v1.md  (sha256 ae6557378adf)

[Documentation Methodology]
  INCLUDED         _index.md  (sha256 c3441fd9e4b4)
  INCLUDED         DocMeth_Brief_v1.md  (sha256 60c5cf3f5d79)
  INCLUDED         DocMeth_Decisions_v7.md  (sha256 15daf15e27ef)
  INCLUDED         DocMeth_Design_v6.md  (sha256 8b5d6a24a5d7)
  INCLUDED         DocMeth_Working_v9.md  (sha256 952a2287d1d0)
  INCLUDED         DocumentationMethodology_SchemaAuthoring_Standard_v1.md  (sha256 37a837a65cb3)
  INCLUDED         DocumentationMethodology_SchemaDefinitions_Standard_v1.md  (sha256 8098d9714c57)
  INCLUDED         DocumentationMethodology_Standard_v1.md  (sha256 8301aa2a0395)

[Infrastructure]
  INCLUDED         _index.md  (sha256 fb736219786c)
  INCLUDED         AIDE_Infrastructure_MCPDeliveryModel_v1.md  (sha256 c4d945c33191)
  INCLUDED         Infrastructure_CLI_Decisions_v1.md  (sha256 7a16726b5162)
  INCLUDED         Infrastructure_CLI_Design_v1.md  (sha256 12e05744ff4a)
  INCLUDED         Infrastructure_Working_v1.md  (sha256 1d7a11e25a57)

[Infrastructure\binder-builder]
  INCLUDED         binder_builder_Documentation_settings.json  (sha256 b9b89306305b)
  INCLUDED         BinderBuilder_Design_v10.md  (sha256 07a3284570d1)
  INCLUDED         README.md  (sha256 9c905047ab5a)

[Infrastructure\file-update-package]
  INCLUDED         file_update_package_settings.json  (sha256 15617061295c)
  INCLUDED         FileUpdatePackage_Design_v2.md  (sha256 142b729606f8)
  INCLUDED         README.md  (sha256 747bc371ff85)

[Infrastructure\version-cleanup]
  INCLUDED         README.md  (sha256 307a43363adb)
  INCLUDED         version_cleanup_settings.json  (sha256 c17e9142e485)
  INCLUDED         VersionCleanup_Design_v3.md  (sha256 329d08514ab2)

[Messaging]
  INCLUDED         _index.md  (sha256 f58053f2afc6)
  INCLUDED         Messaging_Brief_v1.md  (sha256 c1687d821833)
  INCLUDED         Messaging_Decisions_v4.md  (sha256 c6a0f75cba95)
  INCLUDED         Messaging_Design_v4.md  (sha256 48b767e284b0)
  INCLUDED         Messaging_Standard_v4.md  (sha256 39a0045e2403)
  INCLUDED         Messaging_Tool_v4.md  (sha256 c0a40ad3383d)

[Orchestration]
  INCLUDED         AIDE_Orchestration_Decisions_v1.md  (sha256 b34068fcf859)
  INCLUDED         AIDE_Orchestration_Design_v1.md  (sha256 8522dab2dcc5)
  INCLUDED         AIDE_Orchestration_UseCases_v1.md  (sha256 1bd571eb3e80)

[Principles]
  INCLUDED         Principles_Decisions_v5.md  (sha256 33df0c86fba0)
  INCLUDED         Principles_Design_v5.md  (sha256 ba6e146bf1b7)
  INCLUDED         Principles_Standard_v2.md  (sha256 a2c5cf6f320d)

[Project Design]
  INCLUDED         _index.md  (sha256 589d24282970)
  INCLUDED         ProjectDesign_Decisions_v3.md  (sha256 61029b610785)
  INCLUDED         ProjectDesign_Design_v3.md  (sha256 845df7d3ba79)
  INCLUDED         ProjectDesign_Schema_Standard_v1.md  (sha256 23316ba5d013)
  INCLUDED         ProjectDesign_Standard_v4.md  (sha256 df3c448516ae)

[Standards]
  INCLUDED         _index.md  (sha256 3bd4678a60c0)
  INCLUDED         Standards_Authoring_Standard_v8.md  (sha256 e52f99825c80)
  INCLUDED         Standards_Consumption_Standard_v3.md  (sha256 b801499930ac)
  INCLUDED         Standards_Decisions_v4.md  (sha256 fcda250bc8aa)
  INCLUDED         Standards_Design_v3.md  (sha256 4a6a79a3a0f1)
  INCLUDED         Standards_Working_v1.md  (sha256 9677537477ab)

[Tools]
  INCLUDED         _index.md  (sha256 7bb05b130edc)
  INCLUDED         Tools_Authoring_Standard_v8.md  (sha256 d05452eddaa6)
  INCLUDED         Tools_Decisions_v7.md  (sha256 f83f2411202f)
  INCLUDED         Tools_Design_v6.md  (sha256 62b2eb15c979)

[Working Practices]
  INCLUDED         _index.md  (sha256 f1d40d14c547)
  INCLUDED         WP_Brief_v1.md  (sha256 4a970773c638)
  INCLUDED         WP_Capture_Working_v1.md  (sha256 54171d4dea8b)
  INCLUDED         WP_ContentDelivery_Working_v1.md  (sha256 6b858ff04f50)
  INCLUDED         WP_Decisions_v2.md  (sha256 4f8e32b0cc88)
  INCLUDED         WP_Design_v2.md  (sha256 1daab8c38faa)
  INCLUDED         WP_WorkManagement_Working_v1.md  (sha256 59a0bba2401c)

[Working Practices\FileOps]
  INCLUDED         WP_FileOps_Working_v1.md  (sha256 f2ffcdd7c76f)

[_binder]
  DELETED          AIDE_Documentation_Binder_v81.md
  WRITTEN          AIDE_Documentation_Binder_v82.md  (86 files, 947563 bytes)

[_rebuild]
  INCLUDED         AIDE_Component_PurposeLines_v2.md  (sha256 b1836489f28b)
  INCLUDED         AIDE_Rebuild_Guide_v1.md  (sha256 01ceb45e507b)
  INCLUDED         AIDE_Rebuild_Overview_v1.md  (sha256 5a65c44f5991)
  INCLUDED         AIDE_Rebuild_SettledDecisions_v1.md  (sha256 33593102e982)
  INCLUDED         Assurance_Brief_Sketch_v2.md  (sha256 1c61ea8c6846)
  INCLUDED         Build_Input_Working_v1.md  (sha256 1bb3513464e6)
  INCLUDED         ProjectDesign_Decisions_Pending_v1.md  (sha256 647aacf4c1ad)
  INCLUDED         ProjectDesign_Design_Pending_v1.md  (sha256 587bc4c6165f)
  INCLUDED         ProjectDesign_StandardInputs_Pending_v1.md  (sha256 710b74bb0958)
  INCLUDED         ProjectDesign_WorkRegister_Pending_v1.md  (sha256 638ebbfb6eef)
  INCLUDED         WP_Check1_Assessment_v1.md  (sha256 dba57b98ffda)
  INCLUDED         WP_CoreCarries_v2.md  (sha256 2f3ab75ce434)
  SKIPPED          AIDE_DesignApproach_WIP_v1.md: matches exclude_files pattern "*_WIP_*"
  SKIPPED          AIDE_Rebuild_WIP_v24.md: matches exclude_files pattern "*_WIP_*"

------------------------------------------------------------------------
Result: 86 included, 4 skipped, 1 written, 1 deleted
========================================================================

========================================================================
binder builder   2026-09-16 14:37:44   LIVE
binder:   AIDE_Documentation
root:     C:\Users\david\dev\repos\DigitalBusiness-AIDE\Documentation
settings: C:\Users\david\dev\repos\DigitalBusiness-AIDE\Documentation\_aide\utilities\binder-builder\binder_builder_AIDE_Documentation_settings.json
include:  ~/_rebuild
folders collected from: 17
change detection: AIDE_Documentation_Binder_v82.md: 1 added (Assurance/AIDE_Assurance_Cases_Working_v1.md) - rebuilding
------------------------------------------------------------------------

[.]
  INCLUDED         AIDE_Orchestration_Investigation_Findings.md  (sha256 e7c281c19fb4)
  INCLUDED         AIDE_Solution_Map.md  (sha256 3c2294f7ae2b)
  SKIPPED          AIDE_Documentation_WIP_v17.md: matches exclude_files pattern "*_WIP_*"
  SKIPPED          AIDE_Orchestration_WIP_v1.md: matches exclude_files pattern "*_WIP_*"

[Assurance]
  INCLUDED         _index.md  (sha256 fde4b0521828)
  INCLUDED         AIDE_Assurance_Cases_Working_v1.md  (sha256 b8b37eb9fa3a)
  INCLUDED         Assurance_Decisions_v3.md  (sha256 da10aeeba9f4)
  INCLUDED         Assurance_Design_v3.md  (sha256 9590897a017b)

[Core]
  INCLUDED         _index.md  (sha256 8746bf38a3fa)
  INCLUDED         Core_AIDEMap.md  (sha256 9cb56b3c7791)
  INCLUDED         Core_AIDEPrinciples_Decisions_v1.md  (sha256 655de3e64709)
  INCLUDED         Core_AIDEPrinciples_Design_v1.md  (sha256 60e20e8d0b9d)
  INCLUDED         Core_Brief_v2.md  (sha256 23d1f1d1f622)
  INCLUDED         Core_Charter_v1.md  (sha256 3e5f5332b783)
  INCLUDED         Core_Decisions_v1.md  (sha256 2545fa050c39)
  INCLUDED         Core_Design_v3.md  (sha256 89eb22d2a3fc)
  INCLUDED         Core_Schema_Standard_v3.md  (sha256 49c6de8da5bb)
  INCLUDED         Core_Structure_Decisions_v1.md  (sha256 2217f6768b89)
  INCLUDED         Core_Structure_Design_v1.md  (sha256 f464dc43de50)
  INCLUDED         Core_Tags_Working_v1.md  (sha256 ae6557378adf)

[Documentation Methodology]
  INCLUDED         _index.md  (sha256 c3441fd9e4b4)
  INCLUDED         DocMeth_Brief_v1.md  (sha256 60c5cf3f5d79)
  INCLUDED         DocMeth_Decisions_v7.md  (sha256 15daf15e27ef)
  INCLUDED         DocMeth_Design_v6.md  (sha256 8b5d6a24a5d7)
  INCLUDED         DocMeth_Working_v9.md  (sha256 952a2287d1d0)
  INCLUDED         DocumentationMethodology_SchemaAuthoring_Standard_v1.md  (sha256 37a837a65cb3)
  INCLUDED         DocumentationMethodology_SchemaDefinitions_Standard_v1.md  (sha256 8098d9714c57)
  INCLUDED         DocumentationMethodology_Standard_v1.md  (sha256 8301aa2a0395)

[Infrastructure]
  INCLUDED         _index.md  (sha256 fb736219786c)
  INCLUDED         AIDE_Infrastructure_MCPDeliveryModel_v1.md  (sha256 c4d945c33191)
  INCLUDED         Infrastructure_CLI_Decisions_v1.md  (sha256 7a16726b5162)
  INCLUDED         Infrastructure_CLI_Design_v1.md  (sha256 12e05744ff4a)
  INCLUDED         Infrastructure_Working_v1.md  (sha256 1d7a11e25a57)

[Infrastructure\binder-builder]
  INCLUDED         binder_builder_Documentation_settings.json  (sha256 b9b89306305b)
  INCLUDED         BinderBuilder_Design_v10.md  (sha256 07a3284570d1)
  INCLUDED         README.md  (sha256 9c905047ab5a)

[Infrastructure\file-update-package]
  INCLUDED         file_update_package_settings.json  (sha256 15617061295c)
  INCLUDED         FileUpdatePackage_Design_v2.md  (sha256 142b729606f8)
  INCLUDED         README.md  (sha256 747bc371ff85)

[Infrastructure\version-cleanup]
  INCLUDED         README.md  (sha256 307a43363adb)
  INCLUDED         version_cleanup_settings.json  (sha256 c17e9142e485)
  INCLUDED         VersionCleanup_Design_v3.md  (sha256 329d08514ab2)

[Messaging]
  INCLUDED         _index.md  (sha256 f58053f2afc6)
  INCLUDED         Messaging_Brief_v1.md  (sha256 c1687d821833)
  INCLUDED         Messaging_Decisions_v4.md  (sha256 c6a0f75cba95)
  INCLUDED         Messaging_Design_v4.md  (sha256 48b767e284b0)
  INCLUDED         Messaging_Standard_v4.md  (sha256 39a0045e2403)
  INCLUDED         Messaging_Tool_v4.md  (sha256 c0a40ad3383d)

[Orchestration]
  INCLUDED         AIDE_Orchestration_Decisions_v1.md  (sha256 b34068fcf859)
  INCLUDED         AIDE_Orchestration_Design_v1.md  (sha256 8522dab2dcc5)
  INCLUDED         AIDE_Orchestration_UseCases_v1.md  (sha256 1bd571eb3e80)

[Principles]
  INCLUDED         Principles_Decisions_v5.md  (sha256 33df0c86fba0)
  INCLUDED         Principles_Design_v5.md  (sha256 ba6e146bf1b7)
  INCLUDED         Principles_Standard_v2.md  (sha256 a2c5cf6f320d)

[Project Design]
  INCLUDED         _index.md  (sha256 589d24282970)
  INCLUDED         ProjectDesign_Decisions_v3.md  (sha256 61029b610785)
  INCLUDED         ProjectDesign_Design_v3.md  (sha256 845df7d3ba79)
  INCLUDED         ProjectDesign_Schema_Standard_v1.md  (sha256 23316ba5d013)
  INCLUDED         ProjectDesign_Standard_v4.md  (sha256 df3c448516ae)

[Standards]
  INCLUDED         _index.md  (sha256 3bd4678a60c0)
  INCLUDED         Standards_Authoring_Standard_v8.md  (sha256 e52f99825c80)
  INCLUDED         Standards_Consumption_Standard_v3.md  (sha256 b801499930ac)
  INCLUDED         Standards_Decisions_v4.md  (sha256 fcda250bc8aa)
  INCLUDED         Standards_Design_v3.md  (sha256 4a6a79a3a0f1)
  INCLUDED         Standards_Working_v1.md  (sha256 9677537477ab)

[Tools]
  INCLUDED         _index.md  (sha256 7bb05b130edc)
  INCLUDED         Tools_Authoring_Standard_v8.md  (sha256 d05452eddaa6)
  INCLUDED         Tools_Decisions_v7.md  (sha256 f83f2411202f)
  INCLUDED         Tools_Design_v6.md  (sha256 62b2eb15c979)

[Working Practices]
  INCLUDED         _index.md  (sha256 f1d40d14c547)
  INCLUDED         WP_Brief_v1.md  (sha256 4a970773c638)
  INCLUDED         WP_Capture_Working_v1.md  (sha256 54171d4dea8b)
  INCLUDED         WP_ContentDelivery_Working_v1.md  (sha256 6b858ff04f50)
  INCLUDED         WP_Decisions_v2.md  (sha256 4f8e32b0cc88)
  INCLUDED         WP_Design_v2.md  (sha256 1daab8c38faa)
  INCLUDED         WP_WorkManagement_Working_v1.md  (sha256 59a0bba2401c)

[Working Practices\FileOps]
  INCLUDED         WP_FileOps_Working_v1.md  (sha256 f2ffcdd7c76f)

[_binder]
  DELETED          AIDE_Documentation_Binder_v82.md
  WRITTEN          AIDE_Documentation_Binder_v83.md  (87 files, 951078 bytes)

[_rebuild]
  INCLUDED         AIDE_Component_PurposeLines_v2.md  (sha256 b1836489f28b)
  INCLUDED         AIDE_Rebuild_Guide_v1.md  (sha256 01ceb45e507b)
  INCLUDED         AIDE_Rebuild_Overview_v1.md  (sha256 5a65c44f5991)
  INCLUDED         AIDE_Rebuild_SettledDecisions_v1.md  (sha256 33593102e982)
  INCLUDED         Assurance_Brief_Sketch_v2.md  (sha256 1c61ea8c6846)
  INCLUDED         Build_Input_Working_v1.md  (sha256 1bb3513464e6)
  INCLUDED         ProjectDesign_Decisions_Pending_v1.md  (sha256 647aacf4c1ad)
  INCLUDED         ProjectDesign_Design_Pending_v1.md  (sha256 587bc4c6165f)
  INCLUDED         ProjectDesign_StandardInputs_Pending_v1.md  (sha256 710b74bb0958)
  INCLUDED         ProjectDesign_WorkRegister_Pending_v1.md  (sha256 638ebbfb6eef)
  INCLUDED         WP_Check1_Assessment_v1.md  (sha256 dba57b98ffda)
  INCLUDED         WP_CoreCarries_v2.md  (sha256 2f3ab75ce434)
  SKIPPED          AIDE_DesignApproach_WIP_v1.md: matches exclude_files pattern "*_WIP_*"
  SKIPPED          AIDE_Rebuild_WIP_v24.md: matches exclude_files pattern "*_WIP_*"

------------------------------------------------------------------------
Result: 87 included, 4 skipped, 1 written, 1 deleted
========================================================================

========================================================================
binder builder   2026-09-16 15:12:10   LIVE
binder:   AIDE_Documentation
root:     C:\Users\david\dev\repos\DigitalBusiness-AIDE\Documentation
settings: C:\Users\david\dev\repos\DigitalBusiness-AIDE\Documentation\_aide\utilities\binder-builder\binder_builder_AIDE_Documentation_settings.json
include:  ~/_rebuild
folders collected from: 17
change detection: AIDE_Documentation_Binder_v83.md: 87 file(s) in scope, all matching the manifest - binder not rebuilt
------------------------------------------------------------------------

[.]
  SKIPPED          AIDE_Documentation_WIP_v17.md: matches exclude_files pattern "*_WIP_*"
  SKIPPED          AIDE_Documentation_WIP_v18.md: matches exclude_files pattern "*_WIP_*"
  SKIPPED          AIDE_Orchestration_WIP_v1.md: matches exclude_files pattern "*_WIP_*"

[_binder]
  NO CHANGES       no changes detected since AIDE_Documentation_Binder_v83.md; binder not rebuilt

[_rebuild]
  SKIPPED          AIDE_DesignApproach_WIP_v1.md: matches exclude_files pattern "*_WIP_*"
  SKIPPED          AIDE_Rebuild_WIP_v24.md: matches exclude_files pattern "*_WIP_*"

------------------------------------------------------------------------
Result: 5 skipped, 1 no changes
========================================================================

========================================================================
binder builder   2026-09-16 17:05:16   LIVE
binder:   AIDE_Documentation
root:     C:\Users\david\dev\repos\DigitalBusiness-AIDE\Documentation
settings: C:\Users\david\dev\repos\DigitalBusiness-AIDE\Documentation\_aide\utilities\binder-builder\binder_builder_AIDE_Documentation_settings.json
include:  ~/_rebuild
folders collected from: 17
change detection: AIDE_Documentation_Binder_v83.md: 2 changed (Assurance/AIDE_Assurance_Cases_Working_v1.md, Infrastructure/AIDE_Infrastructure_MCPDeliveryModel_v1.md) - rebuilding
------------------------------------------------------------------------

[.]
  INCLUDED         AIDE_Orchestration_Investigation_Findings.md  (sha256 e7c281c19fb4)
  INCLUDED         AIDE_Solution_Map.md  (sha256 3c2294f7ae2b)
  SKIPPED          AIDE_Documentation_WIP_v17.md: matches exclude_files pattern "*_WIP_*"
  SKIPPED          AIDE_Documentation_WIP_v18.md: matches exclude_files pattern "*_WIP_*"
  SKIPPED          AIDE_Orchestration_WIP_v1.md: matches exclude_files pattern "*_WIP_*"

[Assurance]
  INCLUDED         _index.md  (sha256 fde4b0521828)
  INCLUDED         AIDE_Assurance_Cases_Working_v1.md  (sha256 2147d7d8e090)
  INCLUDED         Assurance_Decisions_v3.md  (sha256 da10aeeba9f4)
  INCLUDED         Assurance_Design_v3.md  (sha256 9590897a017b)

[Core]
  INCLUDED         _index.md  (sha256 8746bf38a3fa)
  INCLUDED         Core_AIDEMap.md  (sha256 9cb56b3c7791)
  INCLUDED         Core_AIDEPrinciples_Decisions_v1.md  (sha256 655de3e64709)
  INCLUDED         Core_AIDEPrinciples_Design_v1.md  (sha256 60e20e8d0b9d)
  INCLUDED         Core_Brief_v2.md  (sha256 23d1f1d1f622)
  INCLUDED         Core_Charter_v1.md  (sha256 3e5f5332b783)
  INCLUDED         Core_Decisions_v1.md  (sha256 2545fa050c39)
  INCLUDED         Core_Design_v3.md  (sha256 89eb22d2a3fc)
  INCLUDED         Core_Schema_Standard_v3.md  (sha256 49c6de8da5bb)
  INCLUDED         Core_Structure_Decisions_v1.md  (sha256 2217f6768b89)
  INCLUDED         Core_Structure_Design_v1.md  (sha256 f464dc43de50)
  INCLUDED         Core_Tags_Working_v1.md  (sha256 ae6557378adf)

[Documentation Methodology]
  INCLUDED         _index.md  (sha256 c3441fd9e4b4)
  INCLUDED         DocMeth_Brief_v1.md  (sha256 60c5cf3f5d79)
  INCLUDED         DocMeth_Decisions_v7.md  (sha256 15daf15e27ef)
  INCLUDED         DocMeth_Design_v6.md  (sha256 8b5d6a24a5d7)
  INCLUDED         DocMeth_Working_v9.md  (sha256 952a2287d1d0)
  INCLUDED         DocumentationMethodology_SchemaAuthoring_Standard_v1.md  (sha256 37a837a65cb3)
  INCLUDED         DocumentationMethodology_SchemaDefinitions_Standard_v1.md  (sha256 8098d9714c57)
  INCLUDED         DocumentationMethodology_Standard_v1.md  (sha256 8301aa2a0395)

[Infrastructure]
  INCLUDED         _index.md  (sha256 fb736219786c)
  INCLUDED         AIDE_Infrastructure_MCPDeliveryModel_v1.md  (sha256 c49386cc8cb5)
  INCLUDED         Infrastructure_CLI_Decisions_v1.md  (sha256 7a16726b5162)
  INCLUDED         Infrastructure_CLI_Design_v1.md  (sha256 12e05744ff4a)
  INCLUDED         Infrastructure_Working_v1.md  (sha256 1d7a11e25a57)

[Infrastructure\binder-builder]
  INCLUDED         binder_builder_Documentation_settings.json  (sha256 b9b89306305b)
  INCLUDED         BinderBuilder_Design_v10.md  (sha256 07a3284570d1)
  INCLUDED         README.md  (sha256 9c905047ab5a)

[Infrastructure\file-update-package]
  INCLUDED         file_update_package_settings.json  (sha256 15617061295c)
  INCLUDED         FileUpdatePackage_Design_v2.md  (sha256 142b729606f8)
  INCLUDED         README.md  (sha256 747bc371ff85)

[Infrastructure\version-cleanup]
  INCLUDED         README.md  (sha256 307a43363adb)
  INCLUDED         version_cleanup_settings.json  (sha256 c17e9142e485)
  INCLUDED         VersionCleanup_Design_v3.md  (sha256 329d08514ab2)

[Messaging]
  INCLUDED         _index.md  (sha256 f58053f2afc6)
  INCLUDED         Messaging_Brief_v1.md  (sha256 c1687d821833)
  INCLUDED         Messaging_Decisions_v4.md  (sha256 c6a0f75cba95)
  INCLUDED         Messaging_Design_v4.md  (sha256 48b767e284b0)
  INCLUDED         Messaging_Standard_v4.md  (sha256 39a0045e2403)
  INCLUDED         Messaging_Tool_v4.md  (sha256 c0a40ad3383d)

[Orchestration]
  INCLUDED         AIDE_Orchestration_Decisions_v1.md  (sha256 b34068fcf859)
  INCLUDED         AIDE_Orchestration_Design_v1.md  (sha256 8522dab2dcc5)
  INCLUDED         AIDE_Orchestration_UseCases_v1.md  (sha256 1bd571eb3e80)

[Principles]
  INCLUDED         Principles_Decisions_v5.md  (sha256 33df0c86fba0)
  INCLUDED         Principles_Design_v5.md  (sha256 ba6e146bf1b7)
  INCLUDED         Principles_Standard_v2.md  (sha256 a2c5cf6f320d)

[Project Design]
  INCLUDED         _index.md  (sha256 589d24282970)
  INCLUDED         ProjectDesign_Decisions_v3.md  (sha256 61029b610785)
  INCLUDED         ProjectDesign_Design_v3.md  (sha256 845df7d3ba79)
  INCLUDED         ProjectDesign_Schema_Standard_v1.md  (sha256 23316ba5d013)
  INCLUDED         ProjectDesign_Standard_v4.md  (sha256 df3c448516ae)

[Standards]
  INCLUDED         _index.md  (sha256 3bd4678a60c0)
  INCLUDED         Standards_Authoring_Standard_v8.md  (sha256 e52f99825c80)
  INCLUDED         Standards_Consumption_Standard_v3.md  (sha256 b801499930ac)
  INCLUDED         Standards_Decisions_v4.md  (sha256 fcda250bc8aa)
  INCLUDED         Standards_Design_v3.md  (sha256 4a6a79a3a0f1)
  INCLUDED         Standards_Working_v1.md  (sha256 9677537477ab)

[Tools]
  INCLUDED         _index.md  (sha256 7bb05b130edc)
  INCLUDED         Tools_Authoring_Standard_v8.md  (sha256 d05452eddaa6)
  INCLUDED         Tools_Decisions_v7.md  (sha256 f83f2411202f)
  INCLUDED         Tools_Design_v6.md  (sha256 62b2eb15c979)

[Working Practices]
  INCLUDED         _index.md  (sha256 f1d40d14c547)
  INCLUDED         WP_Brief_v1.md  (sha256 4a970773c638)
  INCLUDED         WP_Capture_Working_v1.md  (sha256 54171d4dea8b)
  INCLUDED         WP_ContentDelivery_Working_v1.md  (sha256 6b858ff04f50)
  INCLUDED         WP_Decisions_v2.md  (sha256 4f8e32b0cc88)
  INCLUDED         WP_Design_v2.md  (sha256 1daab8c38faa)
  INCLUDED         WP_WorkManagement_Working_v1.md  (sha256 59a0bba2401c)

[Working Practices\FileOps]
  INCLUDED         WP_FileOps_Working_v1.md  (sha256 f2ffcdd7c76f)

[_binder]
  DELETED          AIDE_Documentation_Binder_v83.md
  WRITTEN          AIDE_Documentation_Binder_v84.md  (87 files, 956165 bytes)

[_rebuild]
  INCLUDED         AIDE_Component_PurposeLines_v2.md  (sha256 b1836489f28b)
  INCLUDED         AIDE_Rebuild_Guide_v1.md  (sha256 01ceb45e507b)
  INCLUDED         AIDE_Rebuild_Overview_v1.md  (sha256 5a65c44f5991)
  INCLUDED         AIDE_Rebuild_SettledDecisions_v1.md  (sha256 33593102e982)
  INCLUDED         Assurance_Brief_Sketch_v2.md  (sha256 1c61ea8c6846)
  INCLUDED         Build_Input_Working_v1.md  (sha256 1bb3513464e6)
  INCLUDED         ProjectDesign_Decisions_Pending_v1.md  (sha256 647aacf4c1ad)
  INCLUDED         ProjectDesign_Design_Pending_v1.md  (sha256 587bc4c6165f)
  INCLUDED         ProjectDesign_StandardInputs_Pending_v1.md  (sha256 710b74bb0958)
  INCLUDED         ProjectDesign_WorkRegister_Pending_v1.md  (sha256 638ebbfb6eef)
  INCLUDED         WP_Check1_Assessment_v1.md  (sha256 dba57b98ffda)
  INCLUDED         WP_CoreCarries_v2.md  (sha256 2f3ab75ce434)
  SKIPPED          AIDE_DesignApproach_WIP_v1.md: matches exclude_files pattern "*_WIP_*"
  SKIPPED          AIDE_Rebuild_WIP_v24.md: matches exclude_files pattern "*_WIP_*"

------------------------------------------------------------------------
Result: 87 included, 5 skipped, 1 written, 1 deleted
========================================================================

========================================================================
binder builder   2026-09-16 19:51:21   LIVE
binder:   AIDE_Documentation
root:     C:\Users\david\dev\repos\DigitalBusiness-AIDE\Documentation
settings: C:\Users\david\dev\repos\DigitalBusiness-AIDE\Documentation\_aide\utilities\binder-builder\binder_builder_AIDE_Documentation_settings.json
include:  ~/_rebuild
folders collected from: 18
change detection: AIDE_Documentation_Binder_v84.md: 3 added (Build/Build_Brief_v1.md, Build/Build_Decisions_v1.md, Build/Build_Design_v1.md) - rebuilding
------------------------------------------------------------------------

[.]
  INCLUDED         AIDE_Orchestration_Investigation_Findings.md  (sha256 e7c281c19fb4)
  INCLUDED         AIDE_Solution_Map.md  (sha256 3c2294f7ae2b)
  SKIPPED          AIDE_Documentation_WIP_v18.md: matches exclude_files pattern "*_WIP_*"
  SKIPPED          AIDE_Orchestration_WIP_v1.md: matches exclude_files pattern "*_WIP_*"

[Assurance]
  INCLUDED         _index.md  (sha256 fde4b0521828)
  INCLUDED         AIDE_Assurance_Cases_Working_v1.md  (sha256 2147d7d8e090)
  INCLUDED         Assurance_Decisions_v3.md  (sha256 da10aeeba9f4)
  INCLUDED         Assurance_Design_v3.md  (sha256 9590897a017b)

[Build]
  INCLUDED         Build_Brief_v1.md  (sha256 cfba70989170)
  INCLUDED         Build_Decisions_v1.md  (sha256 8027f0ab727a)
  INCLUDED         Build_Design_v1.md  (sha256 a46b0f3f868b)

[Core]
  INCLUDED         _index.md  (sha256 8746bf38a3fa)
  INCLUDED         Core_AIDEMap.md  (sha256 9cb56b3c7791)
  INCLUDED         Core_AIDEPrinciples_Decisions_v1.md  (sha256 655de3e64709)
  INCLUDED         Core_AIDEPrinciples_Design_v1.md  (sha256 60e20e8d0b9d)
  INCLUDED         Core_Brief_v2.md  (sha256 23d1f1d1f622)
  INCLUDED         Core_Charter_v1.md  (sha256 3e5f5332b783)
  INCLUDED         Core_Decisions_v1.md  (sha256 2545fa050c39)
  INCLUDED         Core_Design_v3.md  (sha256 89eb22d2a3fc)
  INCLUDED         Core_Schema_Standard_v3.md  (sha256 49c6de8da5bb)
  INCLUDED         Core_Structure_Decisions_v1.md  (sha256 2217f6768b89)
  INCLUDED         Core_Structure_Design_v1.md  (sha256 f464dc43de50)
  INCLUDED         Core_Tags_Working_v1.md  (sha256 ae6557378adf)

[Documentation Methodology]
  INCLUDED         _index.md  (sha256 c3441fd9e4b4)
  INCLUDED         DocMeth_Brief_v1.md  (sha256 60c5cf3f5d79)
  INCLUDED         DocMeth_Decisions_v7.md  (sha256 15daf15e27ef)
  INCLUDED         DocMeth_Design_v6.md  (sha256 8b5d6a24a5d7)
  INCLUDED         DocMeth_Working_v9.md  (sha256 952a2287d1d0)
  INCLUDED         DocumentationMethodology_SchemaAuthoring_Standard_v1.md  (sha256 37a837a65cb3)
  INCLUDED         DocumentationMethodology_SchemaDefinitions_Standard_v1.md  (sha256 8098d9714c57)
  INCLUDED         DocumentationMethodology_Standard_v1.md  (sha256 8301aa2a0395)

[Infrastructure]
  INCLUDED         _index.md  (sha256 fb736219786c)
  INCLUDED         AIDE_Infrastructure_MCPDeliveryModel_v1.md  (sha256 c49386cc8cb5)
  INCLUDED         Infrastructure_CLI_Decisions_v1.md  (sha256 7a16726b5162)
  INCLUDED         Infrastructure_CLI_Design_v1.md  (sha256 12e05744ff4a)
  INCLUDED         Infrastructure_Working_v1.md  (sha256 1d7a11e25a57)

[Infrastructure\binder-builder]
  INCLUDED         binder_builder_Documentation_settings.json  (sha256 b9b89306305b)
  INCLUDED         BinderBuilder_Design_v10.md  (sha256 07a3284570d1)
  INCLUDED         README.md  (sha256 9c905047ab5a)

[Infrastructure\file-update-package]
  INCLUDED         file_update_package_settings.json  (sha256 15617061295c)
  INCLUDED         FileUpdatePackage_Design_v2.md  (sha256 142b729606f8)
  INCLUDED         README.md  (sha256 747bc371ff85)

[Infrastructure\version-cleanup]
  INCLUDED         README.md  (sha256 307a43363adb)
  INCLUDED         version_cleanup_settings.json  (sha256 c17e9142e485)
  INCLUDED         VersionCleanup_Design_v3.md  (sha256 329d08514ab2)

[Messaging]
  INCLUDED         _index.md  (sha256 f58053f2afc6)
  INCLUDED         Messaging_Brief_v1.md  (sha256 c1687d821833)
  INCLUDED         Messaging_Decisions_v4.md  (sha256 c6a0f75cba95)
  INCLUDED         Messaging_Design_v4.md  (sha256 48b767e284b0)
  INCLUDED         Messaging_Standard_v4.md  (sha256 39a0045e2403)
  INCLUDED         Messaging_Tool_v4.md  (sha256 c0a40ad3383d)

[Orchestration]
  INCLUDED         AIDE_Orchestration_Decisions_v1.md  (sha256 b34068fcf859)
  INCLUDED         AIDE_Orchestration_Design_v1.md  (sha256 8522dab2dcc5)
  INCLUDED         AIDE_Orchestration_UseCases_v1.md  (sha256 1bd571eb3e80)

[Principles]
  INCLUDED         Principles_Decisions_v5.md  (sha256 33df0c86fba0)
  INCLUDED         Principles_Design_v5.md  (sha256 ba6e146bf1b7)
  INCLUDED         Principles_Standard_v2.md  (sha256 a2c5cf6f320d)

[Project Design]
  INCLUDED         _index.md  (sha256 589d24282970)
  INCLUDED         ProjectDesign_Decisions_v3.md  (sha256 61029b610785)
  INCLUDED         ProjectDesign_Design_v3.md  (sha256 845df7d3ba79)
  INCLUDED         ProjectDesign_Schema_Standard_v1.md  (sha256 23316ba5d013)
  INCLUDED         ProjectDesign_Standard_v4.md  (sha256 df3c448516ae)

[Standards]
  INCLUDED         _index.md  (sha256 3bd4678a60c0)
  INCLUDED         Standards_Authoring_Standard_v8.md  (sha256 e52f99825c80)
  INCLUDED         Standards_Consumption_Standard_v3.md  (sha256 b801499930ac)
  INCLUDED         Standards_Decisions_v4.md  (sha256 fcda250bc8aa)
  INCLUDED         Standards_Design_v3.md  (sha256 4a6a79a3a0f1)
  INCLUDED         Standards_Working_v1.md  (sha256 9677537477ab)

[Tools]
  INCLUDED         _index.md  (sha256 7bb05b130edc)
  INCLUDED         Tools_Authoring_Standard_v8.md  (sha256 d05452eddaa6)
  INCLUDED         Tools_Decisions_v7.md  (sha256 f83f2411202f)
  INCLUDED         Tools_Design_v6.md  (sha256 62b2eb15c979)

[Working Practices]
  INCLUDED         _index.md  (sha256 f1d40d14c547)
  INCLUDED         WP_Brief_v1.md  (sha256 4a970773c638)
  INCLUDED         WP_Capture_Working_v1.md  (sha256 54171d4dea8b)
  INCLUDED         WP_ContentDelivery_Working_v1.md  (sha256 6b858ff04f50)
  INCLUDED         WP_Decisions_v2.md  (sha256 4f8e32b0cc88)
  INCLUDED         WP_Design_v2.md  (sha256 1daab8c38faa)
  INCLUDED         WP_WorkManagement_Working_v1.md  (sha256 59a0bba2401c)

[Working Practices\FileOps]
  INCLUDED         WP_FileOps_Working_v1.md  (sha256 f2ffcdd7c76f)

[_binder]
  DELETED          AIDE_Documentation_Binder_v84.md
  WRITTEN          AIDE_Documentation_Binder_v85.md  (90 files, 980319 bytes)

[_rebuild]
  INCLUDED         AIDE_Component_PurposeLines_v2.md  (sha256 b1836489f28b)
  INCLUDED         AIDE_Rebuild_Guide_v1.md  (sha256 01ceb45e507b)
  INCLUDED         AIDE_Rebuild_Overview_v1.md  (sha256 5a65c44f5991)
  INCLUDED         AIDE_Rebuild_SettledDecisions_v1.md  (sha256 33593102e982)
  INCLUDED         Assurance_Brief_Sketch_v2.md  (sha256 1c61ea8c6846)
  INCLUDED         Build_Input_Working_v1.md  (sha256 1bb3513464e6)
  INCLUDED         ProjectDesign_Decisions_Pending_v1.md  (sha256 647aacf4c1ad)
  INCLUDED         ProjectDesign_Design_Pending_v1.md  (sha256 587bc4c6165f)
  INCLUDED         ProjectDesign_StandardInputs_Pending_v1.md  (sha256 710b74bb0958)
  INCLUDED         ProjectDesign_WorkRegister_Pending_v1.md  (sha256 638ebbfb6eef)
  INCLUDED         WP_Check1_Assessment_v1.md  (sha256 dba57b98ffda)
  INCLUDED         WP_CoreCarries_v2.md  (sha256 2f3ab75ce434)
  SKIPPED          AIDE_DesignApproach_WIP_v1.md: matches exclude_files pattern "*_WIP_*"
  SKIPPED          AIDE_Rebuild_WIP_v24.md: matches exclude_files pattern "*_WIP_*"

------------------------------------------------------------------------
Result: 90 included, 4 skipped, 1 written, 1 deleted
========================================================================

========================================================================
binder builder   2026-09-16 20:23:40   LIVE
binder:   AIDE_Documentation
root:     C:\Users\david\dev\repos\DigitalBusiness-AIDE\Documentation
settings: C:\Users\david\dev\repos\DigitalBusiness-AIDE\Documentation\_aide\utilities\binder-builder\binder_builder_AIDE_Documentation_settings.json
include:  ~/_rebuild
folders collected from: 18
change detection: AIDE_Documentation_Binder_v85.md: 2 added, 2 removed (Build/Build_Decisions_v2.md, Build/Build_Design_v2.md, Build/Build_Decisions_v1.md, and 1 more) - rebuilding
------------------------------------------------------------------------

[.]
  INCLUDED         AIDE_Orchestration_Investigation_Findings.md  (sha256 e7c281c19fb4)
  INCLUDED         AIDE_Solution_Map.md  (sha256 3c2294f7ae2b)
  SKIPPED          AIDE_Documentation_WIP_v18.md: matches exclude_files pattern "*_WIP_*"
  SKIPPED          AIDE_Orchestration_WIP_v1.md: matches exclude_files pattern "*_WIP_*"

[Assurance]
  INCLUDED         _index.md  (sha256 fde4b0521828)
  INCLUDED         AIDE_Assurance_Cases_Working_v1.md  (sha256 2147d7d8e090)
  INCLUDED         Assurance_Decisions_v3.md  (sha256 da10aeeba9f4)
  INCLUDED         Assurance_Design_v3.md  (sha256 9590897a017b)

[Build]
  INCLUDED         Build_Brief_v1.md  (sha256 cfba70989170)
  INCLUDED         Build_Decisions_v2.md  (sha256 b4d24c25925a)
  INCLUDED         Build_Design_v2.md  (sha256 6c39b1ae6074)

[Core]
  INCLUDED         _index.md  (sha256 8746bf38a3fa)
  INCLUDED         Core_AIDEMap.md  (sha256 9cb56b3c7791)
  INCLUDED         Core_AIDEPrinciples_Decisions_v1.md  (sha256 655de3e64709)
  INCLUDED         Core_AIDEPrinciples_Design_v1.md  (sha256 60e20e8d0b9d)
  INCLUDED         Core_Brief_v2.md  (sha256 23d1f1d1f622)
  INCLUDED         Core_Charter_v1.md  (sha256 3e5f5332b783)
  INCLUDED         Core_Decisions_v1.md  (sha256 2545fa050c39)
  INCLUDED         Core_Design_v3.md  (sha256 89eb22d2a3fc)
  INCLUDED         Core_Schema_Standard_v3.md  (sha256 49c6de8da5bb)
  INCLUDED         Core_Structure_Decisions_v1.md  (sha256 2217f6768b89)
  INCLUDED         Core_Structure_Design_v1.md  (sha256 f464dc43de50)
  INCLUDED         Core_Tags_Working_v1.md  (sha256 ae6557378adf)

[Documentation Methodology]
  INCLUDED         _index.md  (sha256 c3441fd9e4b4)
  INCLUDED         DocMeth_Brief_v1.md  (sha256 60c5cf3f5d79)
  INCLUDED         DocMeth_Decisions_v7.md  (sha256 15daf15e27ef)
  INCLUDED         DocMeth_Design_v6.md  (sha256 8b5d6a24a5d7)
  INCLUDED         DocMeth_Working_v9.md  (sha256 952a2287d1d0)
  INCLUDED         DocumentationMethodology_SchemaAuthoring_Standard_v1.md  (sha256 37a837a65cb3)
  INCLUDED         DocumentationMethodology_SchemaDefinitions_Standard_v1.md  (sha256 8098d9714c57)
  INCLUDED         DocumentationMethodology_Standard_v1.md  (sha256 8301aa2a0395)

[Infrastructure]
  INCLUDED         _index.md  (sha256 fb736219786c)
  INCLUDED         AIDE_Infrastructure_MCPDeliveryModel_v1.md  (sha256 c49386cc8cb5)
  INCLUDED         Infrastructure_CLI_Decisions_v1.md  (sha256 7a16726b5162)
  INCLUDED         Infrastructure_CLI_Design_v1.md  (sha256 12e05744ff4a)
  INCLUDED         Infrastructure_Working_v1.md  (sha256 1d7a11e25a57)

[Infrastructure\binder-builder]
  INCLUDED         binder_builder_Documentation_settings.json  (sha256 b9b89306305b)
  INCLUDED         BinderBuilder_Design_v10.md  (sha256 07a3284570d1)
  INCLUDED         README.md  (sha256 9c905047ab5a)

[Infrastructure\file-update-package]
  INCLUDED         file_update_package_settings.json  (sha256 15617061295c)
  INCLUDED         FileUpdatePackage_Design_v2.md  (sha256 142b729606f8)
  INCLUDED         README.md  (sha256 747bc371ff85)

[Infrastructure\version-cleanup]
  INCLUDED         README.md  (sha256 307a43363adb)
  INCLUDED         version_cleanup_settings.json  (sha256 c17e9142e485)
  INCLUDED         VersionCleanup_Design_v3.md  (sha256 329d08514ab2)

[Messaging]
  INCLUDED         _index.md  (sha256 f58053f2afc6)
  INCLUDED         Messaging_Brief_v1.md  (sha256 c1687d821833)
  INCLUDED         Messaging_Decisions_v4.md  (sha256 c6a0f75cba95)
  INCLUDED         Messaging_Design_v4.md  (sha256 48b767e284b0)
  INCLUDED         Messaging_Standard_v4.md  (sha256 39a0045e2403)
  INCLUDED         Messaging_Tool_v4.md  (sha256 c0a40ad3383d)

[Orchestration]
  INCLUDED         AIDE_Orchestration_Decisions_v1.md  (sha256 b34068fcf859)
  INCLUDED         AIDE_Orchestration_Design_v1.md  (sha256 8522dab2dcc5)
  INCLUDED         AIDE_Orchestration_UseCases_v1.md  (sha256 1bd571eb3e80)

[Principles]
  INCLUDED         Principles_Decisions_v5.md  (sha256 33df0c86fba0)
  INCLUDED         Principles_Design_v5.md  (sha256 ba6e146bf1b7)
  INCLUDED         Principles_Standard_v2.md  (sha256 a2c5cf6f320d)

[Project Design]
  INCLUDED         _index.md  (sha256 589d24282970)
  INCLUDED         ProjectDesign_Decisions_v3.md  (sha256 61029b610785)
  INCLUDED         ProjectDesign_Design_v3.md  (sha256 845df7d3ba79)
  INCLUDED         ProjectDesign_Schema_Standard_v1.md  (sha256 23316ba5d013)
  INCLUDED         ProjectDesign_Standard_v4.md  (sha256 df3c448516ae)

[Standards]
  INCLUDED         _index.md  (sha256 3bd4678a60c0)
  INCLUDED         Standards_Authoring_Standard_v8.md  (sha256 e52f99825c80)
  INCLUDED         Standards_Consumption_Standard_v3.md  (sha256 b801499930ac)
  INCLUDED         Standards_Decisions_v4.md  (sha256 fcda250bc8aa)
  INCLUDED         Standards_Design_v3.md  (sha256 4a6a79a3a0f1)
  INCLUDED         Standards_Working_v1.md  (sha256 9677537477ab)

[Tools]
  INCLUDED         _index.md  (sha256 7bb05b130edc)
  INCLUDED         Tools_Authoring_Standard_v8.md  (sha256 d05452eddaa6)
  INCLUDED         Tools_Decisions_v7.md  (sha256 f83f2411202f)
  INCLUDED         Tools_Design_v6.md  (sha256 62b2eb15c979)

[Working Practices]
  INCLUDED         _index.md  (sha256 f1d40d14c547)
  INCLUDED         WP_Brief_v1.md  (sha256 4a970773c638)
  INCLUDED         WP_Capture_Working_v1.md  (sha256 54171d4dea8b)
  INCLUDED         WP_ContentDelivery_Working_v1.md  (sha256 6b858ff04f50)
  INCLUDED         WP_Decisions_v2.md  (sha256 4f8e32b0cc88)
  INCLUDED         WP_Design_v2.md  (sha256 1daab8c38faa)
  INCLUDED         WP_WorkManagement_Working_v1.md  (sha256 59a0bba2401c)

[Working Practices\FileOps]
  INCLUDED         WP_FileOps_Working_v1.md  (sha256 f2ffcdd7c76f)

[_binder]
  DELETED          AIDE_Documentation_Binder_v85.md
  WRITTEN          AIDE_Documentation_Binder_v86.md  (90 files, 1003069 bytes)

[_rebuild]
  INCLUDED         AIDE_Component_PurposeLines_v2.md  (sha256 b1836489f28b)
  INCLUDED         AIDE_Rebuild_Guide_v1.md  (sha256 01ceb45e507b)
  INCLUDED         AIDE_Rebuild_Overview_v1.md  (sha256 5a65c44f5991)
  INCLUDED         AIDE_Rebuild_SettledDecisions_v1.md  (sha256 33593102e982)
  INCLUDED         Assurance_Brief_Sketch_v2.md  (sha256 1c61ea8c6846)
  INCLUDED         Build_Input_Working_v1.md  (sha256 1bb3513464e6)
  INCLUDED         ProjectDesign_Decisions_Pending_v1.md  (sha256 647aacf4c1ad)
  INCLUDED         ProjectDesign_Design_Pending_v1.md  (sha256 587bc4c6165f)
  INCLUDED         ProjectDesign_StandardInputs_Pending_v1.md  (sha256 710b74bb0958)
  INCLUDED         ProjectDesign_WorkRegister_Pending_v1.md  (sha256 638ebbfb6eef)
  INCLUDED         WP_Check1_Assessment_v1.md  (sha256 dba57b98ffda)
  INCLUDED         WP_CoreCarries_v2.md  (sha256 2f3ab75ce434)
  SKIPPED          AIDE_DesignApproach_WIP_v1.md: matches exclude_files pattern "*_WIP_*"
  SKIPPED          AIDE_Rebuild_WIP_v24.md: matches exclude_files pattern "*_WIP_*"

------------------------------------------------------------------------
Result: 90 included, 4 skipped, 1 written, 1 deleted
========================================================================

========================================================================
binder builder   2026-09-17 00:27:13   LIVE
binder:   AIDE_Documentation
root:     C:\Users\david\dev\repos\DigitalBusiness-AIDE\Documentation
settings: C:\Users\david\dev\repos\DigitalBusiness-AIDE\Documentation\_aide\utilities\binder-builder\binder_builder_AIDE_Documentation_settings.json
include:  ~/_rebuild
folders collected from: 18
change detection: AIDE_Documentation_Binder_v87.md: 1 added, 1 removed (Infrastructure/AIDE_Infrastructure_MCPDeliveryModel_v2.md, Infrastructure/AIDE_Infrastructure_MCPDeliveryModel_v1.md) - rebuilding
------------------------------------------------------------------------

[.]
  INCLUDED         AIDE_Orchestration_Investigation_Findings.md  (sha256 e7c281c19fb4)
  INCLUDED         AIDE_Solution_Map.md  (sha256 3c2294f7ae2b)
  SKIPPED          AIDE_Documentation_WIP_v18.md: matches exclude_files pattern "*_WIP_*"
  SKIPPED          AIDE_Orchestration_WIP_v1.md: matches exclude_files pattern "*_WIP_*"

[Assurance]
  INCLUDED         _index.md  (sha256 fde4b0521828)
  INCLUDED         AIDE_Assurance_Cases_Working_v1.md  (sha256 2147d7d8e090)
  INCLUDED         Assurance_Decisions_v3.md  (sha256 da10aeeba9f4)
  INCLUDED         Assurance_Design_v3.md  (sha256 9590897a017b)

[Build]
  INCLUDED         Build_Brief_v1.md  (sha256 cfba70989170)
  INCLUDED         Build_Decisions_v3.md  (sha256 04bf75b2fee3)
  INCLUDED         Build_Design_v3.md  (sha256 c4e80f1034f7)
  INCLUDED         Build_Overview_v1.md  (sha256 13de71fecfbb)

[Core]
  INCLUDED         _index.md  (sha256 8746bf38a3fa)
  INCLUDED         Core_AIDEMap.md  (sha256 9cb56b3c7791)
  INCLUDED         Core_AIDEPrinciples_Decisions_v1.md  (sha256 655de3e64709)
  INCLUDED         Core_AIDEPrinciples_Design_v1.md  (sha256 60e20e8d0b9d)
  INCLUDED         Core_Brief_v2.md  (sha256 23d1f1d1f622)
  INCLUDED         Core_Charter_v1.md  (sha256 3e5f5332b783)
  INCLUDED         Core_Decisions_v1.md  (sha256 2545fa050c39)
  INCLUDED         Core_Design_v3.md  (sha256 89eb22d2a3fc)
  INCLUDED         Core_Schema_Standard_v3.md  (sha256 49c6de8da5bb)
  INCLUDED         Core_Structure_Decisions_v1.md  (sha256 2217f6768b89)
  INCLUDED         Core_Structure_Design_v1.md  (sha256 f464dc43de50)
  INCLUDED         Core_Tags_Working_v1.md  (sha256 ae6557378adf)

[Documentation Methodology]
  INCLUDED         _index.md  (sha256 c3441fd9e4b4)
  INCLUDED         DocMeth_Brief_v1.md  (sha256 60c5cf3f5d79)
  INCLUDED         DocMeth_Decisions_v7.md  (sha256 15daf15e27ef)
  INCLUDED         DocMeth_Design_v6.md  (sha256 8b5d6a24a5d7)
  INCLUDED         DocMeth_Working_v9.md  (sha256 952a2287d1d0)
  INCLUDED         DocumentationMethodology_SchemaAuthoring_Standard_v1.md  (sha256 37a837a65cb3)
  INCLUDED         DocumentationMethodology_SchemaDefinitions_Standard_v1.md  (sha256 8098d9714c57)
  INCLUDED         DocumentationMethodology_Standard_v1.md  (sha256 8301aa2a0395)

[Infrastructure]
  INCLUDED         _index.md  (sha256 fb736219786c)
  INCLUDED         AIDE_Infrastructure_MCPDeliveryModel_v2.md  (sha256 f3dc59b384b2)
  INCLUDED         Infrastructure_CLI_Decisions_v1.md  (sha256 7a16726b5162)
  INCLUDED         Infrastructure_CLI_Design_v1.md  (sha256 12e05744ff4a)
  INCLUDED         Infrastructure_Working_v1.md  (sha256 1d7a11e25a57)

[Infrastructure\binder-builder]
  INCLUDED         binder_builder_Documentation_settings.json  (sha256 b9b89306305b)
  INCLUDED         BinderBuilder_Design_v10.md  (sha256 07a3284570d1)
  INCLUDED         README.md  (sha256 9c905047ab5a)

[Infrastructure\file-update-package]
  INCLUDED         file_update_package_settings.json  (sha256 15617061295c)
  INCLUDED         FileUpdatePackage_Design_v2.md  (sha256 142b729606f8)
  INCLUDED         README.md  (sha256 747bc371ff85)

[Infrastructure\version-cleanup]
  INCLUDED         README.md  (sha256 307a43363adb)
  INCLUDED         version_cleanup_settings.json  (sha256 c17e9142e485)
  INCLUDED         VersionCleanup_Design_v3.md  (sha256 329d08514ab2)

[Messaging]
  INCLUDED         _index.md  (sha256 f58053f2afc6)
  INCLUDED         Messaging_Brief_v1.md  (sha256 c1687d821833)
  INCLUDED         Messaging_Decisions_v4.md  (sha256 c6a0f75cba95)
  INCLUDED         Messaging_Design_v4.md  (sha256 48b767e284b0)
  INCLUDED         Messaging_Standard_v4.md  (sha256 39a0045e2403)
  INCLUDED         Messaging_Tool_v4.md  (sha256 c0a40ad3383d)

[Orchestration]
  INCLUDED         AIDE_Orchestration_Decisions_v1.md  (sha256 b34068fcf859)
  INCLUDED         AIDE_Orchestration_Design_v1.md  (sha256 8522dab2dcc5)
  INCLUDED         AIDE_Orchestration_UseCases_v1.md  (sha256 1bd571eb3e80)

[Principles]
  INCLUDED         Principles_Decisions_v5.md  (sha256 33df0c86fba0)
  INCLUDED         Principles_Design_v5.md  (sha256 ba6e146bf1b7)
  INCLUDED         Principles_Standard_v2.md  (sha256 a2c5cf6f320d)

[Project Design]
  INCLUDED         _index.md  (sha256 589d24282970)
  INCLUDED         ProjectDesign_Decisions_v3.md  (sha256 61029b610785)
  INCLUDED         ProjectDesign_Design_v3.md  (sha256 845df7d3ba79)
  INCLUDED         ProjectDesign_Schema_Standard_v1.md  (sha256 23316ba5d013)
  INCLUDED         ProjectDesign_Standard_v4.md  (sha256 df3c448516ae)

[Standards]
  INCLUDED         _index.md  (sha256 3bd4678a60c0)
  INCLUDED         Standards_Authoring_Standard_v8.md  (sha256 e52f99825c80)
  INCLUDED         Standards_Consumption_Standard_v3.md  (sha256 b801499930ac)
  INCLUDED         Standards_Decisions_v4.md  (sha256 fcda250bc8aa)
  INCLUDED         Standards_Design_v3.md  (sha256 4a6a79a3a0f1)
  INCLUDED         Standards_Working_v1.md  (sha256 9677537477ab)

[Tools]
  INCLUDED         _index.md  (sha256 7bb05b130edc)
  INCLUDED         Tools_Authoring_Standard_v8.md  (sha256 d05452eddaa6)
  INCLUDED         Tools_Decisions_v7.md  (sha256 f83f2411202f)
  INCLUDED         Tools_Design_v6.md  (sha256 62b2eb15c979)

[Working Practices]
  INCLUDED         _index.md  (sha256 f1d40d14c547)
  INCLUDED         WP_Brief_v1.md  (sha256 4a970773c638)
  INCLUDED         WP_Capture_Working_v1.md  (sha256 54171d4dea8b)
  INCLUDED         WP_ContentDelivery_Working_v1.md  (sha256 6b858ff04f50)
  INCLUDED         WP_Decisions_v2.md  (sha256 4f8e32b0cc88)
  INCLUDED         WP_Design_v2.md  (sha256 1daab8c38faa)
  INCLUDED         WP_WorkManagement_Working_v1.md  (sha256 59a0bba2401c)

[Working Practices\FileOps]
  INCLUDED         WP_FileOps_Working_v1.md  (sha256 f2ffcdd7c76f)

[_binder]
  DELETED          AIDE_Documentation_Binder_v87.md
  WRITTEN          AIDE_Documentation_Binder_v88.md  (91 files, 1024980 bytes)

[_rebuild]
  INCLUDED         AIDE_Component_PurposeLines_v2.md  (sha256 b1836489f28b)
  INCLUDED         AIDE_Rebuild_Guide_v1.md  (sha256 01ceb45e507b)
  INCLUDED         AIDE_Rebuild_Overview_v1.md  (sha256 5a65c44f5991)
  INCLUDED         AIDE_Rebuild_SettledDecisions_v1.md  (sha256 33593102e982)
  INCLUDED         Assurance_Brief_Sketch_v2.md  (sha256 1c61ea8c6846)
  INCLUDED         Build_Input_Working_v1.md  (sha256 1bb3513464e6)
  INCLUDED         ProjectDesign_Decisions_Pending_v1.md  (sha256 647aacf4c1ad)
  INCLUDED         ProjectDesign_Design_Pending_v1.md  (sha256 587bc4c6165f)
  INCLUDED         ProjectDesign_StandardInputs_Pending_v1.md  (sha256 710b74bb0958)
  INCLUDED         ProjectDesign_WorkRegister_Pending_v1.md  (sha256 638ebbfb6eef)
  INCLUDED         WP_Check1_Assessment_v1.md  (sha256 dba57b98ffda)
  INCLUDED         WP_CoreCarries_v2.md  (sha256 2f3ab75ce434)
  SKIPPED          AIDE_DesignApproach_WIP_v1.md: matches exclude_files pattern "*_WIP_*"
  SKIPPED          AIDE_Rebuild_WIP_v24.md: matches exclude_files pattern "*_WIP_*"

------------------------------------------------------------------------
Result: 91 included, 4 skipped, 1 written, 1 deleted
========================================================================

========================================================================
binder builder   2026-09-17 00:33:04   LIVE
binder:   AIDE_Documentation
root:     C:\Users\david\dev\repos\DigitalBusiness-AIDE\Documentation
settings: C:\Users\david\dev\repos\DigitalBusiness-AIDE\Documentation\_aide\utilities\binder-builder\binder_builder_AIDE_Documentation_settings.json
include:  ~/_rebuild
folders collected from: 18
change detection: AIDE_Documentation_Binder_v88.md: 1 added (_rebuild/deployment_plugin_working_v1.md) - rebuilding
------------------------------------------------------------------------

[.]
  INCLUDED         AIDE_Orchestration_Investigation_Findings.md  (sha256 e7c281c19fb4)
  INCLUDED         AIDE_Solution_Map.md  (sha256 3c2294f7ae2b)
  SKIPPED          AIDE_Documentation_WIP_v18.md: matches exclude_files pattern "*_WIP_*"
  SKIPPED          AIDE_Orchestration_WIP_v1.md: matches exclude_files pattern "*_WIP_*"

[Assurance]
  INCLUDED         _index.md  (sha256 fde4b0521828)
  INCLUDED         AIDE_Assurance_Cases_Working_v1.md  (sha256 2147d7d8e090)
  INCLUDED         Assurance_Decisions_v3.md  (sha256 da10aeeba9f4)
  INCLUDED         Assurance_Design_v3.md  (sha256 9590897a017b)

[Build]
  INCLUDED         Build_Brief_v1.md  (sha256 cfba70989170)
  INCLUDED         Build_Decisions_v3.md  (sha256 04bf75b2fee3)
  INCLUDED         Build_Design_v3.md  (sha256 c4e80f1034f7)
  INCLUDED         Build_Overview_v1.md  (sha256 13de71fecfbb)

[Core]
  INCLUDED         _index.md  (sha256 8746bf38a3fa)
  INCLUDED         Core_AIDEMap.md  (sha256 9cb56b3c7791)
  INCLUDED         Core_AIDEPrinciples_Decisions_v1.md  (sha256 655de3e64709)
  INCLUDED         Core_AIDEPrinciples_Design_v1.md  (sha256 60e20e8d0b9d)
  INCLUDED         Core_Brief_v2.md  (sha256 23d1f1d1f622)
  INCLUDED         Core_Charter_v1.md  (sha256 3e5f5332b783)
  INCLUDED         Core_Decisions_v1.md  (sha256 2545fa050c39)
  INCLUDED         Core_Design_v3.md  (sha256 89eb22d2a3fc)
  INCLUDED         Core_Schema_Standard_v3.md  (sha256 49c6de8da5bb)
  INCLUDED         Core_Structure_Decisions_v1.md  (sha256 2217f6768b89)
  INCLUDED         Core_Structure_Design_v1.md  (sha256 f464dc43de50)
  INCLUDED         Core_Tags_Working_v1.md  (sha256 ae6557378adf)

[Documentation Methodology]
  INCLUDED         _index.md  (sha256 c3441fd9e4b4)
  INCLUDED         DocMeth_Brief_v1.md  (sha256 60c5cf3f5d79)
  INCLUDED         DocMeth_Decisions_v7.md  (sha256 15daf15e27ef)
  INCLUDED         DocMeth_Design_v6.md  (sha256 8b5d6a24a5d7)
  INCLUDED         DocMeth_Working_v9.md  (sha256 952a2287d1d0)
  INCLUDED         DocumentationMethodology_SchemaAuthoring_Standard_v1.md  (sha256 37a837a65cb3)
  INCLUDED         DocumentationMethodology_SchemaDefinitions_Standard_v1.md  (sha256 8098d9714c57)
  INCLUDED         DocumentationMethodology_Standard_v1.md  (sha256 8301aa2a0395)

[Infrastructure]
  INCLUDED         _index.md  (sha256 fb736219786c)
  INCLUDED         AIDE_Infrastructure_MCPDeliveryModel_v2.md  (sha256 f3dc59b384b2)
  INCLUDED         Infrastructure_CLI_Decisions_v1.md  (sha256 7a16726b5162)
  INCLUDED         Infrastructure_CLI_Design_v1.md  (sha256 12e05744ff4a)
  INCLUDED         Infrastructure_Working_v1.md  (sha256 1d7a11e25a57)

[Infrastructure\binder-builder]
  INCLUDED         binder_builder_Documentation_settings.json  (sha256 b9b89306305b)
  INCLUDED         BinderBuilder_Design_v10.md  (sha256 07a3284570d1)
  INCLUDED         README.md  (sha256 9c905047ab5a)

[Infrastructure\file-update-package]
  INCLUDED         file_update_package_settings.json  (sha256 15617061295c)
  INCLUDED         FileUpdatePackage_Design_v2.md  (sha256 142b729606f8)
  INCLUDED         README.md  (sha256 747bc371ff85)

[Infrastructure\version-cleanup]
  INCLUDED         README.md  (sha256 307a43363adb)
  INCLUDED         version_cleanup_settings.json  (sha256 c17e9142e485)
  INCLUDED         VersionCleanup_Design_v3.md  (sha256 329d08514ab2)

[Messaging]
  INCLUDED         _index.md  (sha256 f58053f2afc6)
  INCLUDED         Messaging_Brief_v1.md  (sha256 c1687d821833)
  INCLUDED         Messaging_Decisions_v4.md  (sha256 c6a0f75cba95)
  INCLUDED         Messaging_Design_v4.md  (sha256 48b767e284b0)
  INCLUDED         Messaging_Standard_v4.md  (sha256 39a0045e2403)
  INCLUDED         Messaging_Tool_v4.md  (sha256 c0a40ad3383d)

[Orchestration]
  INCLUDED         AIDE_Orchestration_Decisions_v1.md  (sha256 b34068fcf859)
  INCLUDED         AIDE_Orchestration_Design_v1.md  (sha256 8522dab2dcc5)
  INCLUDED         AIDE_Orchestration_UseCases_v1.md  (sha256 1bd571eb3e80)

[Principles]
  INCLUDED         Principles_Decisions_v5.md  (sha256 33df0c86fba0)
  INCLUDED         Principles_Design_v5.md  (sha256 ba6e146bf1b7)
  INCLUDED         Principles_Standard_v2.md  (sha256 a2c5cf6f320d)

[Project Design]
  INCLUDED         _index.md  (sha256 589d24282970)
  INCLUDED         ProjectDesign_Decisions_v3.md  (sha256 61029b610785)
  INCLUDED         ProjectDesign_Design_v3.md  (sha256 845df7d3ba79)
  INCLUDED         ProjectDesign_Schema_Standard_v1.md  (sha256 23316ba5d013)
  INCLUDED         ProjectDesign_Standard_v4.md  (sha256 df3c448516ae)

[Standards]
  INCLUDED         _index.md  (sha256 3bd4678a60c0)
  INCLUDED         Standards_Authoring_Standard_v8.md  (sha256 e52f99825c80)
  INCLUDED         Standards_Consumption_Standard_v3.md  (sha256 b801499930ac)
  INCLUDED         Standards_Decisions_v4.md  (sha256 fcda250bc8aa)
  INCLUDED         Standards_Design_v3.md  (sha256 4a6a79a3a0f1)
  INCLUDED         Standards_Working_v1.md  (sha256 9677537477ab)

[Tools]
  INCLUDED         _index.md  (sha256 7bb05b130edc)
  INCLUDED         Tools_Authoring_Standard_v8.md  (sha256 d05452eddaa6)
  INCLUDED         Tools_Decisions_v7.md  (sha256 f83f2411202f)
  INCLUDED         Tools_Design_v6.md  (sha256 62b2eb15c979)

[Working Practices]
  INCLUDED         _index.md  (sha256 f1d40d14c547)
  INCLUDED         WP_Brief_v1.md  (sha256 4a970773c638)
  INCLUDED         WP_Capture_Working_v1.md  (sha256 54171d4dea8b)
  INCLUDED         WP_ContentDelivery_Working_v1.md  (sha256 6b858ff04f50)
  INCLUDED         WP_Decisions_v2.md  (sha256 4f8e32b0cc88)
  INCLUDED         WP_Design_v2.md  (sha256 1daab8c38faa)
  INCLUDED         WP_WorkManagement_Working_v1.md  (sha256 59a0bba2401c)

[Working Practices\FileOps]
  INCLUDED         WP_FileOps_Working_v1.md  (sha256 f2ffcdd7c76f)

[_binder]
  DELETED          AIDE_Documentation_Binder_v88.md
  WRITTEN          AIDE_Documentation_Binder_v89.md  (92 files, 1029829 bytes)

[_rebuild]
  INCLUDED         AIDE_Component_PurposeLines_v2.md  (sha256 b1836489f28b)
  INCLUDED         AIDE_Rebuild_Guide_v1.md  (sha256 01ceb45e507b)
  INCLUDED         AIDE_Rebuild_Overview_v1.md  (sha256 5a65c44f5991)
  INCLUDED         AIDE_Rebuild_SettledDecisions_v1.md  (sha256 33593102e982)
  INCLUDED         Assurance_Brief_Sketch_v2.md  (sha256 1c61ea8c6846)
  INCLUDED         Build_Input_Working_v1.md  (sha256 1bb3513464e6)
  INCLUDED         deployment_plugin_working_v1.md  (sha256 87c99a1e5bf3)
  INCLUDED         ProjectDesign_Decisions_Pending_v1.md  (sha256 647aacf4c1ad)
  INCLUDED         ProjectDesign_Design_Pending_v1.md  (sha256 587bc4c6165f)
  INCLUDED         ProjectDesign_StandardInputs_Pending_v1.md  (sha256 710b74bb0958)
  INCLUDED         ProjectDesign_WorkRegister_Pending_v1.md  (sha256 638ebbfb6eef)
  INCLUDED         WP_Check1_Assessment_v1.md  (sha256 dba57b98ffda)
  INCLUDED         WP_CoreCarries_v2.md  (sha256 2f3ab75ce434)
  SKIPPED          AIDE_DesignApproach_WIP_v1.md: matches exclude_files pattern "*_WIP_*"
  SKIPPED          AIDE_Rebuild_WIP_v24.md: matches exclude_files pattern "*_WIP_*"

------------------------------------------------------------------------
Result: 92 included, 4 skipped, 1 written, 1 deleted
========================================================================

========================================================================
binder builder   2026-09-17 01:47:02   LIVE
binder:   AIDE_Documentation
root:     C:\Users\david\dev\repos\DigitalBusiness-AIDE\Documentation
settings: C:\Users\david\dev\repos\DigitalBusiness-AIDE\Documentation\_aide\utilities\binder-builder\binder_builder_AIDE_Documentation_settings.json
include:  ~/_rebuild
folders collected from: 18
change detection: AIDE_Documentation_Binder_v90.md: 3 added, 3 removed, 1 changed (Working Practices/WP_Brief_v2.md, Working Practices/WP_Decisions_v3.md, Working Practices/WP_Design_v3.md, and 4 more) - rebuilding
------------------------------------------------------------------------

[.]
  INCLUDED         AIDE_Orchestration_Investigation_Findings.md  (sha256 e7c281c19fb4)
  INCLUDED         AIDE_Solution_Map.md  (sha256 3c2294f7ae2b)
  SKIPPED          AIDE_Documentation_WIP_v21.md: matches exclude_files pattern "*_WIP_*"
  SKIPPED          AIDE_Orchestration_WIP_v1.md: matches exclude_files pattern "*_WIP_*"

[Assurance]
  INCLUDED         _index.md  (sha256 fde4b0521828)
  INCLUDED         AIDE_Assurance_Cases_Working_v1.md  (sha256 2147d7d8e090)
  INCLUDED         Assurance_Decisions_v3.md  (sha256 da10aeeba9f4)
  INCLUDED         Assurance_Design_v3.md  (sha256 9590897a017b)

[Build]
  INCLUDED         Build_Brief_v1.md  (sha256 cfba70989170)
  INCLUDED         Build_Decisions_v3.md  (sha256 04bf75b2fee3)
  INCLUDED         Build_Design_v3.md  (sha256 c4e80f1034f7)
  INCLUDED         Build_Overview_v1.md  (sha256 13de71fecfbb)

[Core]
  INCLUDED         _index.md  (sha256 8746bf38a3fa)
  INCLUDED         Core_AIDEMap.md  (sha256 9cb56b3c7791)
  INCLUDED         Core_AIDEPrinciples_Decisions_v1.md  (sha256 655de3e64709)
  INCLUDED         Core_AIDEPrinciples_Design_v1.md  (sha256 60e20e8d0b9d)
  INCLUDED         Core_Brief_v2.md  (sha256 23d1f1d1f622)
  INCLUDED         Core_Charter_v1.md  (sha256 3e5f5332b783)
  INCLUDED         Core_Decisions_v1.md  (sha256 2545fa050c39)
  INCLUDED         Core_Design_v3.md  (sha256 89eb22d2a3fc)
  INCLUDED         Core_Schema_Standard_v3.md  (sha256 49c6de8da5bb)
  INCLUDED         Core_Structure_Decisions_v1.md  (sha256 2217f6768b89)
  INCLUDED         Core_Structure_Design_v1.md  (sha256 f464dc43de50)
  INCLUDED         Core_Tags_Working_v1.md  (sha256 ae6557378adf)

[Documentation Methodology]
  INCLUDED         _index.md  (sha256 c3441fd9e4b4)
  INCLUDED         DocMeth_Brief_v1.md  (sha256 60c5cf3f5d79)
  INCLUDED         DocMeth_Decisions_v7.md  (sha256 15daf15e27ef)
  INCLUDED         DocMeth_Design_v6.md  (sha256 8b5d6a24a5d7)
  INCLUDED         DocMeth_Working_v9.md  (sha256 952a2287d1d0)
  INCLUDED         DocumentationMethodology_SchemaAuthoring_Standard_v1.md  (sha256 37a837a65cb3)
  INCLUDED         DocumentationMethodology_SchemaDefinitions_Standard_v1.md  (sha256 8098d9714c57)
  INCLUDED         DocumentationMethodology_Standard_v1.md  (sha256 8301aa2a0395)

[Infrastructure]
  INCLUDED         _index.md  (sha256 fb736219786c)
  INCLUDED         AIDE_Infrastructure_MCPDeliveryModel_v2.md  (sha256 f3dc59b384b2)
  INCLUDED         Infrastructure_CLI_Decisions_v1.md  (sha256 7a16726b5162)
  INCLUDED         Infrastructure_CLI_Design_v1.md  (sha256 12e05744ff4a)
  INCLUDED         Infrastructure_Working_v1.md  (sha256 1d7a11e25a57)

[Infrastructure\binder-builder]
  INCLUDED         binder_builder_Documentation_settings.json  (sha256 b9b89306305b)
  INCLUDED         BinderBuilder_Design_v10.md  (sha256 07a3284570d1)
  INCLUDED         README.md  (sha256 9c905047ab5a)

[Infrastructure\file-update-package]
  INCLUDED         file_update_package_settings.json  (sha256 15617061295c)
  INCLUDED         FileUpdatePackage_Design_v2.md  (sha256 142b729606f8)
  INCLUDED         README.md  (sha256 747bc371ff85)

[Infrastructure\version-cleanup]
  INCLUDED         README.md  (sha256 307a43363adb)
  INCLUDED         version_cleanup_settings.json  (sha256 c17e9142e485)
  INCLUDED         VersionCleanup_Design_v3.md  (sha256 329d08514ab2)

[Messaging]
  INCLUDED         _index.md  (sha256 0068c2702d8b)
  INCLUDED         Messaging_Brief_v1.md  (sha256 c1687d821833)
  INCLUDED         Messaging_Decisions_v4.md  (sha256 c6a0f75cba95)
  INCLUDED         Messaging_Design_v4.md  (sha256 48b767e284b0)
  INCLUDED         Messaging_Standard_v4.md  (sha256 39a0045e2403)
  INCLUDED         Messaging_Tool_v4.md  (sha256 c0a40ad3383d)

[Orchestration]
  INCLUDED         AIDE_Orchestration_Decisions_v1.md  (sha256 b34068fcf859)
  INCLUDED         AIDE_Orchestration_Design_v1.md  (sha256 8522dab2dcc5)
  INCLUDED         AIDE_Orchestration_UseCases_v1.md  (sha256 1bd571eb3e80)

[Principles]
  INCLUDED         Principles_Decisions_v5.md  (sha256 33df0c86fba0)
  INCLUDED         Principles_Design_v5.md  (sha256 ba6e146bf1b7)
  INCLUDED         Principles_Standard_v2.md  (sha256 a2c5cf6f320d)

[Project Design]
  INCLUDED         _index.md  (sha256 589d24282970)
  INCLUDED         ProjectDesign_Decisions_v3.md  (sha256 61029b610785)
  INCLUDED         ProjectDesign_Design_v3.md  (sha256 845df7d3ba79)
  INCLUDED         ProjectDesign_Schema_Standard_v1.md  (sha256 23316ba5d013)
  INCLUDED         ProjectDesign_Standard_v4.md  (sha256 df3c448516ae)

[Standards]
  INCLUDED         _index.md  (sha256 3bd4678a60c0)
  INCLUDED         Standards_Authoring_Standard_v8.md  (sha256 e52f99825c80)
  INCLUDED         Standards_Consumption_Standard_v3.md  (sha256 b801499930ac)
  INCLUDED         Standards_Decisions_v4.md  (sha256 fcda250bc8aa)
  INCLUDED         Standards_Design_v3.md  (sha256 4a6a79a3a0f1)
  INCLUDED         Standards_Working_v1.md  (sha256 9677537477ab)

[Tools]
  INCLUDED         _index.md  (sha256 7bb05b130edc)
  INCLUDED         Tools_Authoring_Standard_v8.md  (sha256 d05452eddaa6)
  INCLUDED         Tools_Decisions_v7.md  (sha256 f83f2411202f)
  INCLUDED         Tools_Design_v6.md  (sha256 62b2eb15c979)

[Working Practices]
  INCLUDED         _index.md  (sha256 f1d40d14c547)
  INCLUDED         WP_Brief_v2.md  (sha256 844fa051dedb)
  INCLUDED         WP_Capture_Working_v1.md  (sha256 54171d4dea8b)
  INCLUDED         WP_ContentDelivery_Working_v1.md  (sha256 6b858ff04f50)
  INCLUDED         WP_Decisions_v3.md  (sha256 04d898865dde)
  INCLUDED         WP_Design_v3.md  (sha256 feea15ece433)
  INCLUDED         WP_WorkManagement_Working_v1.md  (sha256 59a0bba2401c)

[Working Practices\FileOps]
  INCLUDED         WP_FileOps_Working_v1.md  (sha256 f2ffcdd7c76f)

[_binder]
  DELETED          AIDE_Documentation_Binder_v90.md
  WRITTEN          AIDE_Documentation_Binder_v91.md  (92 files, 1035309 bytes)

[_rebuild]
  INCLUDED         AIDE_Component_PurposeLines_v2.md  (sha256 b1836489f28b)
  INCLUDED         AIDE_Rebuild_Guide_v1.md  (sha256 01ceb45e507b)
  INCLUDED         AIDE_Rebuild_Overview_v1.md  (sha256 5a65c44f5991)
  INCLUDED         AIDE_Rebuild_SettledDecisions_v1.md  (sha256 33593102e982)
  INCLUDED         Assurance_Brief_Sketch_v2.md  (sha256 1c61ea8c6846)
  INCLUDED         Build_Input_Working_v1.md  (sha256 1bb3513464e6)
  INCLUDED         deployment_plugin_working_v1.md  (sha256 87c99a1e5bf3)
  INCLUDED         ProjectDesign_Decisions_Pending_v1.md  (sha256 647aacf4c1ad)
  INCLUDED         ProjectDesign_Design_Pending_v1.md  (sha256 587bc4c6165f)
  INCLUDED         ProjectDesign_StandardInputs_Pending_v1.md  (sha256 710b74bb0958)
  INCLUDED         ProjectDesign_WorkRegister_Pending_v1.md  (sha256 638ebbfb6eef)
  INCLUDED         WP_Check1_Assessment_v1.md  (sha256 dba57b98ffda)
  INCLUDED         WP_CoreCarries_v2.md  (sha256 2f3ab75ce434)
  SKIPPED          AIDE_DesignApproach_WIP_v1.md: matches exclude_files pattern "*_WIP_*"
  SKIPPED          AIDE_Rebuild_WIP_v24.md: matches exclude_files pattern "*_WIP_*"

------------------------------------------------------------------------
Result: 92 included, 4 skipped, 1 written, 1 deleted
========================================================================

========================================================================
binder builder   2026-09-17 01:58:03   LIVE
binder:   AIDE_Documentation
root:     C:\Users\david\dev\repos\DigitalBusiness-AIDE\Documentation
settings: C:\Users\david\dev\repos\DigitalBusiness-AIDE\Documentation\_aide\utilities\binder-builder\binder_builder_AIDE_Documentation_settings.json
include:  ~/_rebuild
folders collected from: 18
change detection: AIDE_Documentation_Binder_v91.md: 1 added, 1 removed (Working Practices/WP_Design_v4.md, Working Practices/WP_Design_v3.md) - rebuilding
------------------------------------------------------------------------

[.]
  INCLUDED         AIDE_Orchestration_Investigation_Findings.md  (sha256 e7c281c19fb4)
  INCLUDED         AIDE_Solution_Map.md  (sha256 3c2294f7ae2b)
  SKIPPED          AIDE_Documentation_WIP_v21.md: matches exclude_files pattern "*_WIP_*"
  SKIPPED          AIDE_Orchestration_WIP_v1.md: matches exclude_files pattern "*_WIP_*"

[Assurance]
  INCLUDED         _index.md  (sha256 fde4b0521828)
  INCLUDED         AIDE_Assurance_Cases_Working_v1.md  (sha256 2147d7d8e090)
  INCLUDED         Assurance_Decisions_v3.md  (sha256 da10aeeba9f4)
  INCLUDED         Assurance_Design_v3.md  (sha256 9590897a017b)

[Build]
  INCLUDED         Build_Brief_v1.md  (sha256 cfba70989170)
  INCLUDED         Build_Decisions_v3.md  (sha256 04bf75b2fee3)
  INCLUDED         Build_Design_v3.md  (sha256 c4e80f1034f7)
  INCLUDED         Build_Overview_v1.md  (sha256 13de71fecfbb)

[Core]
  INCLUDED         _index.md  (sha256 8746bf38a3fa)
  INCLUDED         Core_AIDEMap.md  (sha256 9cb56b3c7791)
  INCLUDED         Core_AIDEPrinciples_Decisions_v1.md  (sha256 655de3e64709)
  INCLUDED         Core_AIDEPrinciples_Design_v1.md  (sha256 60e20e8d0b9d)
  INCLUDED         Core_Brief_v2.md  (sha256 23d1f1d1f622)
  INCLUDED         Core_Charter_v1.md  (sha256 3e5f5332b783)
  INCLUDED         Core_Decisions_v1.md  (sha256 2545fa050c39)
  INCLUDED         Core_Design_v3.md  (sha256 89eb22d2a3fc)
  INCLUDED         Core_Schema_Standard_v3.md  (sha256 49c6de8da5bb)
  INCLUDED         Core_Structure_Decisions_v1.md  (sha256 2217f6768b89)
  INCLUDED         Core_Structure_Design_v1.md  (sha256 f464dc43de50)
  INCLUDED         Core_Tags_Working_v1.md  (sha256 ae6557378adf)

[Documentation Methodology]
  INCLUDED         _index.md  (sha256 c3441fd9e4b4)
  INCLUDED         DocMeth_Brief_v1.md  (sha256 60c5cf3f5d79)
  INCLUDED         DocMeth_Decisions_v7.md  (sha256 15daf15e27ef)
  INCLUDED         DocMeth_Design_v6.md  (sha256 8b5d6a24a5d7)
  INCLUDED         DocMeth_Working_v9.md  (sha256 952a2287d1d0)
  INCLUDED         DocumentationMethodology_SchemaAuthoring_Standard_v1.md  (sha256 37a837a65cb3)
  INCLUDED         DocumentationMethodology_SchemaDefinitions_Standard_v1.md  (sha256 8098d9714c57)
  INCLUDED         DocumentationMethodology_Standard_v1.md  (sha256 8301aa2a0395)

[Infrastructure]
  INCLUDED         _index.md  (sha256 fb736219786c)
  INCLUDED         AIDE_Infrastructure_MCPDeliveryModel_v2.md  (sha256 f3dc59b384b2)
  INCLUDED         Infrastructure_CLI_Decisions_v1.md  (sha256 7a16726b5162)
  INCLUDED         Infrastructure_CLI_Design_v1.md  (sha256 12e05744ff4a)
  INCLUDED         Infrastructure_Working_v1.md  (sha256 1d7a11e25a57)

[Infrastructure\binder-builder]
  INCLUDED         binder_builder_Documentation_settings.json  (sha256 b9b89306305b)
  INCLUDED         BinderBuilder_Design_v10.md  (sha256 07a3284570d1)
  INCLUDED         README.md  (sha256 9c905047ab5a)

[Infrastructure\file-update-package]
  INCLUDED         file_update_package_settings.json  (sha256 15617061295c)
  INCLUDED         FileUpdatePackage_Design_v2.md  (sha256 142b729606f8)
  INCLUDED         README.md  (sha256 747bc371ff85)

[Infrastructure\version-cleanup]
  INCLUDED         README.md  (sha256 307a43363adb)
  INCLUDED         version_cleanup_settings.json  (sha256 c17e9142e485)
  INCLUDED         VersionCleanup_Design_v3.md  (sha256 329d08514ab2)

[Messaging]
  INCLUDED         _index.md  (sha256 0068c2702d8b)
  INCLUDED         Messaging_Brief_v1.md  (sha256 c1687d821833)
  INCLUDED         Messaging_Decisions_v4.md  (sha256 c6a0f75cba95)
  INCLUDED         Messaging_Design_v4.md  (sha256 48b767e284b0)
  INCLUDED         Messaging_Standard_v4.md  (sha256 39a0045e2403)
  INCLUDED         Messaging_Tool_v4.md  (sha256 c0a40ad3383d)

[Orchestration]
  INCLUDED         AIDE_Orchestration_Decisions_v1.md  (sha256 b34068fcf859)
  INCLUDED         AIDE_Orchestration_Design_v1.md  (sha256 8522dab2dcc5)
  INCLUDED         AIDE_Orchestration_UseCases_v1.md  (sha256 1bd571eb3e80)

[Principles]
  INCLUDED         Principles_Decisions_v5.md  (sha256 33df0c86fba0)
  INCLUDED         Principles_Design_v5.md  (sha256 ba6e146bf1b7)
  INCLUDED         Principles_Standard_v2.md  (sha256 a2c5cf6f320d)

[Project Design]
  INCLUDED         _index.md  (sha256 589d24282970)
  INCLUDED         ProjectDesign_Decisions_v3.md  (sha256 61029b610785)
  INCLUDED         ProjectDesign_Design_v3.md  (sha256 845df7d3ba79)
  INCLUDED         ProjectDesign_Schema_Standard_v1.md  (sha256 23316ba5d013)
  INCLUDED         ProjectDesign_Standard_v4.md  (sha256 df3c448516ae)

[Standards]
  INCLUDED         _index.md  (sha256 3bd4678a60c0)
  INCLUDED         Standards_Authoring_Standard_v8.md  (sha256 e52f99825c80)
  INCLUDED         Standards_Consumption_Standard_v3.md  (sha256 b801499930ac)
  INCLUDED         Standards_Decisions_v4.md  (sha256 fcda250bc8aa)
  INCLUDED         Standards_Design_v3.md  (sha256 4a6a79a3a0f1)
  INCLUDED         Standards_Working_v1.md  (sha256 9677537477ab)

[Tools]
  INCLUDED         _index.md  (sha256 7bb05b130edc)
  INCLUDED         Tools_Authoring_Standard_v8.md  (sha256 d05452eddaa6)
  INCLUDED         Tools_Decisions_v7.md  (sha256 f83f2411202f)
  INCLUDED         Tools_Design_v6.md  (sha256 62b2eb15c979)

[Working Practices]
  INCLUDED         _index.md  (sha256 f1d40d14c547)
  INCLUDED         WP_Brief_v2.md  (sha256 844fa051dedb)
  INCLUDED         WP_Capture_Working_v1.md  (sha256 54171d4dea8b)
  INCLUDED         WP_ContentDelivery_Working_v1.md  (sha256 6b858ff04f50)
  INCLUDED         WP_Decisions_v3.md  (sha256 04d898865dde)
  INCLUDED         WP_Design_v4.md  (sha256 1aa9be2582ae)
  INCLUDED         WP_WorkManagement_Working_v1.md  (sha256 59a0bba2401c)

[Working Practices\FileOps]
  INCLUDED         WP_FileOps_Working_v1.md  (sha256 f2ffcdd7c76f)

[_binder]
  DELETED          AIDE_Documentation_Binder_v91.md
  WRITTEN          AIDE_Documentation_Binder_v92.md  (92 files, 1035455 bytes)

[_rebuild]
  INCLUDED         AIDE_Component_PurposeLines_v2.md  (sha256 b1836489f28b)
  INCLUDED         AIDE_Rebuild_Guide_v1.md  (sha256 01ceb45e507b)
  INCLUDED         AIDE_Rebuild_Overview_v1.md  (sha256 5a65c44f5991)
  INCLUDED         AIDE_Rebuild_SettledDecisions_v1.md  (sha256 33593102e982)
  INCLUDED         Assurance_Brief_Sketch_v2.md  (sha256 1c61ea8c6846)
  INCLUDED         Build_Input_Working_v1.md  (sha256 1bb3513464e6)
  INCLUDED         deployment_plugin_working_v1.md  (sha256 87c99a1e5bf3)
  INCLUDED         ProjectDesign_Decisions_Pending_v1.md  (sha256 647aacf4c1ad)
  INCLUDED         ProjectDesign_Design_Pending_v1.md  (sha256 587bc4c6165f)
  INCLUDED         ProjectDesign_StandardInputs_Pending_v1.md  (sha256 710b74bb0958)
  INCLUDED         ProjectDesign_WorkRegister_Pending_v1.md  (sha256 638ebbfb6eef)
  INCLUDED         WP_Check1_Assessment_v1.md  (sha256 dba57b98ffda)
  INCLUDED         WP_CoreCarries_v2.md  (sha256 2f3ab75ce434)
  SKIPPED          AIDE_DesignApproach_WIP_v1.md: matches exclude_files pattern "*_WIP_*"
  SKIPPED          AIDE_Rebuild_WIP_v24.md: matches exclude_files pattern "*_WIP_*"

------------------------------------------------------------------------
Result: 92 included, 4 skipped, 1 written, 1 deleted
========================================================================

========================================================================
binder builder   2026-09-17 02:00:32   LIVE
binder:   AIDE_Documentation
root:     C:\Users\david\dev\repos\DigitalBusiness-AIDE\Documentation
settings: C:\Users\david\dev\repos\DigitalBusiness-AIDE\Documentation\_aide\utilities\binder-builder\binder_builder_AIDE_Documentation_settings.json
include:  ~/_rebuild
folders collected from: 18
change detection: AIDE_Documentation_Binder_v92.md: 1 added (Working Practices/WP_Design_v5.md) - rebuilding
------------------------------------------------------------------------

[.]
  INCLUDED         AIDE_Orchestration_Investigation_Findings.md  (sha256 e7c281c19fb4)
  INCLUDED         AIDE_Solution_Map.md  (sha256 3c2294f7ae2b)
  SKIPPED          AIDE_Documentation_WIP_v21.md: matches exclude_files pattern "*_WIP_*"
  SKIPPED          AIDE_Orchestration_WIP_v1.md: matches exclude_files pattern "*_WIP_*"

[Assurance]
  INCLUDED         _index.md  (sha256 fde4b0521828)
  INCLUDED         AIDE_Assurance_Cases_Working_v1.md  (sha256 2147d7d8e090)
  INCLUDED         Assurance_Decisions_v3.md  (sha256 da10aeeba9f4)
  INCLUDED         Assurance_Design_v3.md  (sha256 9590897a017b)

[Build]
  INCLUDED         Build_Brief_v1.md  (sha256 cfba70989170)
  INCLUDED         Build_Decisions_v3.md  (sha256 04bf75b2fee3)
  INCLUDED         Build_Design_v3.md  (sha256 c4e80f1034f7)
  INCLUDED         Build_Overview_v1.md  (sha256 13de71fecfbb)

[Core]
  INCLUDED         _index.md  (sha256 8746bf38a3fa)
  INCLUDED         Core_AIDEMap.md  (sha256 9cb56b3c7791)
  INCLUDED         Core_AIDEPrinciples_Decisions_v1.md  (sha256 655de3e64709)
  INCLUDED         Core_AIDEPrinciples_Design_v1.md  (sha256 60e20e8d0b9d)
  INCLUDED         Core_Brief_v2.md  (sha256 23d1f1d1f622)
  INCLUDED         Core_Charter_v1.md  (sha256 3e5f5332b783)
  INCLUDED         Core_Decisions_v1.md  (sha256 2545fa050c39)
  INCLUDED         Core_Design_v3.md  (sha256 89eb22d2a3fc)
  INCLUDED         Core_Schema_Standard_v3.md  (sha256 49c6de8da5bb)
  INCLUDED         Core_Structure_Decisions_v1.md  (sha256 2217f6768b89)
  INCLUDED         Core_Structure_Design_v1.md  (sha256 f464dc43de50)
  INCLUDED         Core_Tags_Working_v1.md  (sha256 ae6557378adf)

[Documentation Methodology]
  INCLUDED         _index.md  (sha256 c3441fd9e4b4)
  INCLUDED         DocMeth_Brief_v1.md  (sha256 60c5cf3f5d79)
  INCLUDED         DocMeth_Decisions_v7.md  (sha256 15daf15e27ef)
  INCLUDED         DocMeth_Design_v6.md  (sha256 8b5d6a24a5d7)
  INCLUDED         DocMeth_Working_v9.md  (sha256 952a2287d1d0)
  INCLUDED         DocumentationMethodology_SchemaAuthoring_Standard_v1.md  (sha256 37a837a65cb3)
  INCLUDED         DocumentationMethodology_SchemaDefinitions_Standard_v1.md  (sha256 8098d9714c57)
  INCLUDED         DocumentationMethodology_Standard_v1.md  (sha256 8301aa2a0395)

[Infrastructure]
  INCLUDED         _index.md  (sha256 fb736219786c)
  INCLUDED         AIDE_Infrastructure_MCPDeliveryModel_v2.md  (sha256 f3dc59b384b2)
  INCLUDED         Infrastructure_CLI_Decisions_v1.md  (sha256 7a16726b5162)
  INCLUDED         Infrastructure_CLI_Design_v1.md  (sha256 12e05744ff4a)
  INCLUDED         Infrastructure_Working_v1.md  (sha256 1d7a11e25a57)

[Infrastructure\binder-builder]
  INCLUDED         binder_builder_Documentation_settings.json  (sha256 b9b89306305b)
  INCLUDED         BinderBuilder_Design_v10.md  (sha256 07a3284570d1)
  INCLUDED         README.md  (sha256 9c905047ab5a)

[Infrastructure\file-update-package]
  INCLUDED         file_update_package_settings.json  (sha256 15617061295c)
  INCLUDED         FileUpdatePackage_Design_v2.md  (sha256 142b729606f8)
  INCLUDED         README.md  (sha256 747bc371ff85)

[Infrastructure\version-cleanup]
  INCLUDED         README.md  (sha256 307a43363adb)
  INCLUDED         version_cleanup_settings.json  (sha256 c17e9142e485)
  INCLUDED         VersionCleanup_Design_v3.md  (sha256 329d08514ab2)

[Messaging]
  INCLUDED         _index.md  (sha256 0068c2702d8b)
  INCLUDED         Messaging_Brief_v1.md  (sha256 c1687d821833)
  INCLUDED         Messaging_Decisions_v4.md  (sha256 c6a0f75cba95)
  INCLUDED         Messaging_Design_v4.md  (sha256 48b767e284b0)
  INCLUDED         Messaging_Standard_v4.md  (sha256 39a0045e2403)
  INCLUDED         Messaging_Tool_v4.md  (sha256 c0a40ad3383d)

[Orchestration]
  INCLUDED         AIDE_Orchestration_Decisions_v1.md  (sha256 b34068fcf859)
  INCLUDED         AIDE_Orchestration_Design_v1.md  (sha256 8522dab2dcc5)
  INCLUDED         AIDE_Orchestration_UseCases_v1.md  (sha256 1bd571eb3e80)

[Principles]
  INCLUDED         Principles_Decisions_v5.md  (sha256 33df0c86fba0)
  INCLUDED         Principles_Design_v5.md  (sha256 ba6e146bf1b7)
  INCLUDED         Principles_Standard_v2.md  (sha256 a2c5cf6f320d)

[Project Design]
  INCLUDED         _index.md  (sha256 589d24282970)
  INCLUDED         ProjectDesign_Decisions_v3.md  (sha256 61029b610785)
  INCLUDED         ProjectDesign_Design_v3.md  (sha256 845df7d3ba79)
  INCLUDED         ProjectDesign_Schema_Standard_v1.md  (sha256 23316ba5d013)
  INCLUDED         ProjectDesign_Standard_v4.md  (sha256 df3c448516ae)

[Standards]
  INCLUDED         _index.md  (sha256 3bd4678a60c0)
  INCLUDED         Standards_Authoring_Standard_v8.md  (sha256 e52f99825c80)
  INCLUDED         Standards_Consumption_Standard_v3.md  (sha256 b801499930ac)
  INCLUDED         Standards_Decisions_v4.md  (sha256 fcda250bc8aa)
  INCLUDED         Standards_Design_v3.md  (sha256 4a6a79a3a0f1)
  INCLUDED         Standards_Working_v1.md  (sha256 9677537477ab)

[Tools]
  INCLUDED         _index.md  (sha256 7bb05b130edc)
  INCLUDED         Tools_Authoring_Standard_v8.md  (sha256 d05452eddaa6)
  INCLUDED         Tools_Decisions_v7.md  (sha256 f83f2411202f)
  INCLUDED         Tools_Design_v6.md  (sha256 62b2eb15c979)

[Working Practices]
  INCLUDED         _index.md  (sha256 f1d40d14c547)
  INCLUDED         WP_Brief_v2.md  (sha256 844fa051dedb)
  INCLUDED         WP_Capture_Working_v1.md  (sha256 54171d4dea8b)
  INCLUDED         WP_ContentDelivery_Working_v1.md  (sha256 6b858ff04f50)
  INCLUDED         WP_Decisions_v3.md  (sha256 04d898865dde)
  INCLUDED         WP_Design_v4.md  (sha256 1aa9be2582ae)
  INCLUDED         WP_Design_v5.md  (sha256 8c3f7faf2ce4)
  INCLUDED         WP_WorkManagement_Working_v1.md  (sha256 59a0bba2401c)

[Working Practices\FileOps]
  INCLUDED         WP_FileOps_Working_v1.md  (sha256 f2ffcdd7c76f)

[_binder]
  DELETED          AIDE_Documentation_Binder_v92.md
  WRITTEN          AIDE_Documentation_Binder_v93.md  (93 files, 1054048 bytes)

[_rebuild]
  INCLUDED         AIDE_Component_PurposeLines_v2.md  (sha256 b1836489f28b)
  INCLUDED         AIDE_Rebuild_Guide_v1.md  (sha256 01ceb45e507b)
  INCLUDED         AIDE_Rebuild_Overview_v1.md  (sha256 5a65c44f5991)
  INCLUDED         AIDE_Rebuild_SettledDecisions_v1.md  (sha256 33593102e982)
  INCLUDED         Assurance_Brief_Sketch_v2.md  (sha256 1c61ea8c6846)
  INCLUDED         Build_Input_Working_v1.md  (sha256 1bb3513464e6)
  INCLUDED         deployment_plugin_working_v1.md  (sha256 87c99a1e5bf3)
  INCLUDED         ProjectDesign_Decisions_Pending_v1.md  (sha256 647aacf4c1ad)
  INCLUDED         ProjectDesign_Design_Pending_v1.md  (sha256 587bc4c6165f)
  INCLUDED         ProjectDesign_StandardInputs_Pending_v1.md  (sha256 710b74bb0958)
  INCLUDED         ProjectDesign_WorkRegister_Pending_v1.md  (sha256 638ebbfb6eef)
  INCLUDED         WP_Check1_Assessment_v1.md  (sha256 dba57b98ffda)
  INCLUDED         WP_CoreCarries_v2.md  (sha256 2f3ab75ce434)
  SKIPPED          AIDE_DesignApproach_WIP_v1.md: matches exclude_files pattern "*_WIP_*"
  SKIPPED          AIDE_Rebuild_WIP_v24.md: matches exclude_files pattern "*_WIP_*"

------------------------------------------------------------------------
Result: 93 included, 4 skipped, 1 written, 1 deleted
========================================================================

========================================================================
binder builder   2026-09-17 10:49:28   LIVE
binder:   AIDE_Documentation
root:     C:\Users\david\dev\repos\DigitalBusiness-AIDE\Documentation
settings: C:\Users\david\dev\repos\DigitalBusiness-AIDE\Documentation\_aide\utilities\binder-builder\binder_builder_AIDE_Documentation_settings.json
include:  ~/_rebuild
folders collected from: 19
change detection: AIDE_Documentation_Binder_v93.md: 4 added, 1 changed (Working Practices/Boards/WP_Boards_Decisions_v1.md, Working Practices/Boards/WP_Boards_Design_v1.md, Working Practices/WP_Decisions_v4.md, and 2 more) - rebuilding
------------------------------------------------------------------------

[.]
  INCLUDED         AIDE_Orchestration_Investigation_Findings.md  (sha256 e7c281c19fb4)
  INCLUDED         AIDE_Solution_Map.md  (sha256 3c2294f7ae2b)
  SKIPPED          AIDE_Documentation_WIP_v23.md: matches exclude_files pattern "*_WIP_*"
  SKIPPED          AIDE_Orchestration_WIP_v1.md: matches exclude_files pattern "*_WIP_*"

[Assurance]
  INCLUDED         _index.md  (sha256 fde4b0521828)
  INCLUDED         AIDE_Assurance_Cases_Working_v1.md  (sha256 2147d7d8e090)
  INCLUDED         Assurance_Decisions_v3.md  (sha256 da10aeeba9f4)
  INCLUDED         Assurance_Design_v3.md  (sha256 9590897a017b)

[Build]
  INCLUDED         Build_Brief_v1.md  (sha256 cfba70989170)
  INCLUDED         Build_Decisions_v3.md  (sha256 04bf75b2fee3)
  INCLUDED         Build_Design_v3.md  (sha256 c4e80f1034f7)
  INCLUDED         Build_Overview_v1.md  (sha256 13de71fecfbb)

[Core]
  INCLUDED         _index.md  (sha256 8746bf38a3fa)
  INCLUDED         Core_AIDEMap.md  (sha256 9cb56b3c7791)
  INCLUDED         Core_AIDEPrinciples_Decisions_v1.md  (sha256 655de3e64709)
  INCLUDED         Core_AIDEPrinciples_Design_v1.md  (sha256 60e20e8d0b9d)
  INCLUDED         Core_Brief_v2.md  (sha256 23d1f1d1f622)
  INCLUDED         Core_Charter_v1.md  (sha256 3e5f5332b783)
  INCLUDED         Core_Decisions_v1.md  (sha256 2545fa050c39)
  INCLUDED         Core_Design_v3.md  (sha256 89eb22d2a3fc)
  INCLUDED         Core_Schema_Standard_v3.md  (sha256 49c6de8da5bb)
  INCLUDED         Core_Structure_Decisions_v1.md  (sha256 2217f6768b89)
  INCLUDED         Core_Structure_Design_v1.md  (sha256 f464dc43de50)
  INCLUDED         Core_Tags_Working_v1.md  (sha256 ae6557378adf)

[Documentation Methodology]
  INCLUDED         _index.md  (sha256 c3441fd9e4b4)
  INCLUDED         DocMeth_Brief_v1.md  (sha256 60c5cf3f5d79)
  INCLUDED         DocMeth_Decisions_v7.md  (sha256 15daf15e27ef)
  INCLUDED         DocMeth_Design_v6.md  (sha256 8b5d6a24a5d7)
  INCLUDED         DocMeth_Working_v9.md  (sha256 952a2287d1d0)
  INCLUDED         DocumentationMethodology_SchemaAuthoring_Standard_v1.md  (sha256 37a837a65cb3)
  INCLUDED         DocumentationMethodology_SchemaDefinitions_Standard_v1.md  (sha256 8098d9714c57)
  INCLUDED         DocumentationMethodology_Standard_v1.md  (sha256 8301aa2a0395)

[Infrastructure]
  INCLUDED         _index.md  (sha256 fb736219786c)
  INCLUDED         AIDE_Infrastructure_MCPDeliveryModel_v2.md  (sha256 f3dc59b384b2)
  INCLUDED         Infrastructure_CLI_Decisions_v1.md  (sha256 7a16726b5162)
  INCLUDED         Infrastructure_CLI_Design_v1.md  (sha256 12e05744ff4a)
  INCLUDED         Infrastructure_Working_v1.md  (sha256 1d7a11e25a57)

[Infrastructure\binder-builder]
  INCLUDED         binder_builder_Documentation_settings.json  (sha256 b9b89306305b)
  INCLUDED         BinderBuilder_Design_v10.md  (sha256 07a3284570d1)
  INCLUDED         README.md  (sha256 9c905047ab5a)

[Infrastructure\file-update-package]
  INCLUDED         file_update_package_settings.json  (sha256 15617061295c)
  INCLUDED         FileUpdatePackage_Design_v2.md  (sha256 142b729606f8)
  INCLUDED         README.md  (sha256 747bc371ff85)

[Infrastructure\version-cleanup]
  INCLUDED         README.md  (sha256 307a43363adb)
  INCLUDED         version_cleanup_settings.json  (sha256 c17e9142e485)
  INCLUDED         VersionCleanup_Design_v3.md  (sha256 329d08514ab2)

[Messaging]
  INCLUDED         _index.md  (sha256 0068c2702d8b)
  INCLUDED         Messaging_Brief_v1.md  (sha256 c1687d821833)
  INCLUDED         Messaging_Decisions_v4.md  (sha256 c6a0f75cba95)
  INCLUDED         Messaging_Design_v4.md  (sha256 48b767e284b0)
  INCLUDED         Messaging_Standard_v4.md  (sha256 39a0045e2403)
  INCLUDED         Messaging_Tool_v4.md  (sha256 c0a40ad3383d)

[Orchestration]
  INCLUDED         AIDE_Orchestration_Decisions_v1.md  (sha256 b34068fcf859)
  INCLUDED         AIDE_Orchestration_Design_v1.md  (sha256 8522dab2dcc5)
  INCLUDED         AIDE_Orchestration_UseCases_v1.md  (sha256 1bd571eb3e80)

[Principles]
  INCLUDED         Principles_Decisions_v5.md  (sha256 33df0c86fba0)
  INCLUDED         Principles_Design_v5.md  (sha256 ba6e146bf1b7)
  INCLUDED         Principles_Standard_v2.md  (sha256 a2c5cf6f320d)

[Project Design]
  INCLUDED         _index.md  (sha256 589d24282970)
  INCLUDED         ProjectDesign_Decisions_v3.md  (sha256 61029b610785)
  INCLUDED         ProjectDesign_Design_v3.md  (sha256 845df7d3ba79)
  INCLUDED         ProjectDesign_Schema_Standard_v1.md  (sha256 23316ba5d013)
  INCLUDED         ProjectDesign_Standard_v4.md  (sha256 df3c448516ae)

[Standards]
  INCLUDED         _index.md  (sha256 3bd4678a60c0)
  INCLUDED         Standards_Authoring_Standard_v8.md  (sha256 e52f99825c80)
  INCLUDED         Standards_Consumption_Standard_v3.md  (sha256 b801499930ac)
  INCLUDED         Standards_Decisions_v4.md  (sha256 fcda250bc8aa)
  INCLUDED         Standards_Design_v3.md  (sha256 4a6a79a3a0f1)
  INCLUDED         Standards_Working_v1.md  (sha256 9677537477ab)

[Tools]
  INCLUDED         _index.md  (sha256 7bb05b130edc)
  INCLUDED         Tools_Authoring_Standard_v8.md  (sha256 d05452eddaa6)
  INCLUDED         Tools_Decisions_v7.md  (sha256 f83f2411202f)
  INCLUDED         Tools_Design_v6.md  (sha256 62b2eb15c979)

[Working Practices]
  INCLUDED         _index.md  (sha256 69a1be1e3d12)
  INCLUDED         WP_Brief_v2.md  (sha256 844fa051dedb)
  INCLUDED         WP_Capture_Working_v1.md  (sha256 54171d4dea8b)
  INCLUDED         WP_ContentDelivery_Working_v1.md  (sha256 6b858ff04f50)
  INCLUDED         WP_Decisions_v3.md  (sha256 04d898865dde)
  INCLUDED         WP_Decisions_v4.md  (sha256 9957a8fb75f9)
  INCLUDED         WP_Design_v4.md  (sha256 1aa9be2582ae)
  INCLUDED         WP_Design_v5.md  (sha256 8c3f7faf2ce4)
  INCLUDED         WP_Design_v6.md  (sha256 da8923648608)
  INCLUDED         WP_WorkManagement_Working_v1.md  (sha256 59a0bba2401c)

[Working Practices\Boards]
  INCLUDED         WP_Boards_Decisions_v1.md  (sha256 33320d50ac48)
  INCLUDED         WP_Boards_Design_v1.md  (sha256 a36bf3d79609)

[Working Practices\FileOps]
  INCLUDED         WP_FileOps_Working_v1.md  (sha256 f2ffcdd7c76f)

[_binder]
  DELETED          AIDE_Documentation_Binder_v93.md
  WRITTEN          AIDE_Documentation_Binder_v94.md  (97 files, 1099781 bytes)

[_rebuild]
  INCLUDED         AIDE_Component_PurposeLines_v2.md  (sha256 b1836489f28b)
  INCLUDED         AIDE_Rebuild_Guide_v1.md  (sha256 01ceb45e507b)
  INCLUDED         AIDE_Rebuild_Overview_v1.md  (sha256 5a65c44f5991)
  INCLUDED         AIDE_Rebuild_SettledDecisions_v1.md  (sha256 33593102e982)
  INCLUDED         Assurance_Brief_Sketch_v2.md  (sha256 1c61ea8c6846)
  INCLUDED         Build_Input_Working_v1.md  (sha256 1bb3513464e6)
  INCLUDED         deployment_plugin_working_v1.md  (sha256 87c99a1e5bf3)
  INCLUDED         ProjectDesign_Decisions_Pending_v1.md  (sha256 647aacf4c1ad)
  INCLUDED         ProjectDesign_Design_Pending_v1.md  (sha256 587bc4c6165f)
  INCLUDED         ProjectDesign_StandardInputs_Pending_v1.md  (sha256 710b74bb0958)
  INCLUDED         ProjectDesign_WorkRegister_Pending_v1.md  (sha256 638ebbfb6eef)
  INCLUDED         WP_Check1_Assessment_v1.md  (sha256 dba57b98ffda)
  INCLUDED         WP_CoreCarries_v2.md  (sha256 2f3ab75ce434)
  SKIPPED          AIDE_DesignApproach_WIP_v1.md: matches exclude_files pattern "*_WIP_*"
  SKIPPED          AIDE_Rebuild_WIP_v24.md: matches exclude_files pattern "*_WIP_*"

------------------------------------------------------------------------
Result: 97 included, 4 skipped, 1 written, 1 deleted
========================================================================

========================================================================
binder builder   2026-09-17 10:49:42   LIVE
binder:   AIDE_Documentation
root:     C:\Users\david\dev\repos\DigitalBusiness-AIDE\Documentation
settings: C:\Users\david\dev\repos\DigitalBusiness-AIDE\Documentation\_aide\utilities\binder-builder\binder_builder_AIDE_Documentation_settings.json
include:  ~/_rebuild
folders collected from: 19
change detection: AIDE_Documentation_Binder_v94.md: 3 removed (Working Practices/WP_Decisions_v3.md, Working Practices/WP_Design_v4.md, Working Practices/WP_Design_v5.md) - rebuilding
------------------------------------------------------------------------

[.]
  INCLUDED         AIDE_Orchestration_Investigation_Findings.md  (sha256 e7c281c19fb4)
  INCLUDED         AIDE_Solution_Map.md  (sha256 3c2294f7ae2b)
  SKIPPED          AIDE_Documentation_WIP_v23.md: matches exclude_files pattern "*_WIP_*"
  SKIPPED          AIDE_Orchestration_WIP_v1.md: matches exclude_files pattern "*_WIP_*"

[Assurance]
  INCLUDED         _index.md  (sha256 fde4b0521828)
  INCLUDED         AIDE_Assurance_Cases_Working_v1.md  (sha256 2147d7d8e090)
  INCLUDED         Assurance_Decisions_v3.md  (sha256 da10aeeba9f4)
  INCLUDED         Assurance_Design_v3.md  (sha256 9590897a017b)

[Build]
  INCLUDED         Build_Brief_v1.md  (sha256 cfba70989170)
  INCLUDED         Build_Decisions_v3.md  (sha256 04bf75b2fee3)
  INCLUDED         Build_Design_v3.md  (sha256 c4e80f1034f7)
  INCLUDED         Build_Overview_v1.md  (sha256 13de71fecfbb)

[Core]
  INCLUDED         _index.md  (sha256 8746bf38a3fa)
  INCLUDED         Core_AIDEMap.md  (sha256 9cb56b3c7791)
  INCLUDED         Core_AIDEPrinciples_Decisions_v1.md  (sha256 655de3e64709)
  INCLUDED         Core_AIDEPrinciples_Design_v1.md  (sha256 60e20e8d0b9d)
  INCLUDED         Core_Brief_v2.md  (sha256 23d1f1d1f622)
  INCLUDED         Core_Charter_v1.md  (sha256 3e5f5332b783)
  INCLUDED         Core_Decisions_v1.md  (sha256 2545fa050c39)
  INCLUDED         Core_Design_v3.md  (sha256 89eb22d2a3fc)
  INCLUDED         Core_Schema_Standard_v3.md  (sha256 49c6de8da5bb)
  INCLUDED         Core_Structure_Decisions_v1.md  (sha256 2217f6768b89)
  INCLUDED         Core_Structure_Design_v1.md  (sha256 f464dc43de50)
  INCLUDED         Core_Tags_Working_v1.md  (sha256 ae6557378adf)

[Documentation Methodology]
  INCLUDED         _index.md  (sha256 c3441fd9e4b4)
  INCLUDED         DocMeth_Brief_v1.md  (sha256 60c5cf3f5d79)
  INCLUDED         DocMeth_Decisions_v7.md  (sha256 15daf15e27ef)
  INCLUDED         DocMeth_Design_v6.md  (sha256 8b5d6a24a5d7)
  INCLUDED         DocMeth_Working_v9.md  (sha256 952a2287d1d0)
  INCLUDED         DocumentationMethodology_SchemaAuthoring_Standard_v1.md  (sha256 37a837a65cb3)
  INCLUDED         DocumentationMethodology_SchemaDefinitions_Standard_v1.md  (sha256 8098d9714c57)
  INCLUDED         DocumentationMethodology_Standard_v1.md  (sha256 8301aa2a0395)

[Infrastructure]
  INCLUDED         _index.md  (sha256 fb736219786c)
  INCLUDED         AIDE_Infrastructure_MCPDeliveryModel_v2.md  (sha256 f3dc59b384b2)
  INCLUDED         Infrastructure_CLI_Decisions_v1.md  (sha256 7a16726b5162)
  INCLUDED         Infrastructure_CLI_Design_v1.md  (sha256 12e05744ff4a)
  INCLUDED         Infrastructure_Working_v1.md  (sha256 1d7a11e25a57)

[Infrastructure\binder-builder]
  INCLUDED         binder_builder_Documentation_settings.json  (sha256 b9b89306305b)
  INCLUDED         BinderBuilder_Design_v10.md  (sha256 07a3284570d1)
  INCLUDED         README.md  (sha256 9c905047ab5a)

[Infrastructure\file-update-package]
  INCLUDED         file_update_package_settings.json  (sha256 15617061295c)
  INCLUDED         FileUpdatePackage_Design_v2.md  (sha256 142b729606f8)
  INCLUDED         README.md  (sha256 747bc371ff85)

[Infrastructure\version-cleanup]
  INCLUDED         README.md  (sha256 307a43363adb)
  INCLUDED         version_cleanup_settings.json  (sha256 c17e9142e485)
  INCLUDED         VersionCleanup_Design_v3.md  (sha256 329d08514ab2)

[Messaging]
  INCLUDED         _index.md  (sha256 0068c2702d8b)
  INCLUDED         Messaging_Brief_v1.md  (sha256 c1687d821833)
  INCLUDED         Messaging_Decisions_v4.md  (sha256 c6a0f75cba95)
  INCLUDED         Messaging_Design_v4.md  (sha256 48b767e284b0)
  INCLUDED         Messaging_Standard_v4.md  (sha256 39a0045e2403)
  INCLUDED         Messaging_Tool_v4.md  (sha256 c0a40ad3383d)

[Orchestration]
  INCLUDED         AIDE_Orchestration_Decisions_v1.md  (sha256 b34068fcf859)
  INCLUDED         AIDE_Orchestration_Design_v1.md  (sha256 8522dab2dcc5)
  INCLUDED         AIDE_Orchestration_UseCases_v1.md  (sha256 1bd571eb3e80)

[Principles]
  INCLUDED         Principles_Decisions_v5.md  (sha256 33df0c86fba0)
  INCLUDED         Principles_Design_v5.md  (sha256 ba6e146bf1b7)
  INCLUDED         Principles_Standard_v2.md  (sha256 a2c5cf6f320d)

[Project Design]
  INCLUDED         _index.md  (sha256 589d24282970)
  INCLUDED         ProjectDesign_Decisions_v3.md  (sha256 61029b610785)
  INCLUDED         ProjectDesign_Design_v3.md  (sha256 845df7d3ba79)
  INCLUDED         ProjectDesign_Schema_Standard_v1.md  (sha256 23316ba5d013)
  INCLUDED         ProjectDesign_Standard_v4.md  (sha256 df3c448516ae)

[Standards]
  INCLUDED         _index.md  (sha256 3bd4678a60c0)
  INCLUDED         Standards_Authoring_Standard_v8.md  (sha256 e52f99825c80)
  INCLUDED         Standards_Consumption_Standard_v3.md  (sha256 b801499930ac)
  INCLUDED         Standards_Decisions_v4.md  (sha256 fcda250bc8aa)
  INCLUDED         Standards_Design_v3.md  (sha256 4a6a79a3a0f1)
  INCLUDED         Standards_Working_v1.md  (sha256 9677537477ab)

[Tools]
  INCLUDED         _index.md  (sha256 7bb05b130edc)
  INCLUDED         Tools_Authoring_Standard_v8.md  (sha256 d05452eddaa6)
  INCLUDED         Tools_Decisions_v7.md  (sha256 f83f2411202f)
  INCLUDED         Tools_Design_v6.md  (sha256 62b2eb15c979)

[Working Practices]
  INCLUDED         _index.md  (sha256 69a1be1e3d12)
  INCLUDED         WP_Brief_v2.md  (sha256 844fa051dedb)
  INCLUDED         WP_Capture_Working_v1.md  (sha256 54171d4dea8b)
  INCLUDED         WP_ContentDelivery_Working_v1.md  (sha256 6b858ff04f50)
  INCLUDED         WP_Decisions_v4.md  (sha256 9957a8fb75f9)
  INCLUDED         WP_Design_v6.md  (sha256 da8923648608)
  INCLUDED         WP_WorkManagement_Working_v1.md  (sha256 59a0bba2401c)

[Working Practices\Boards]
  INCLUDED         WP_Boards_Decisions_v1.md  (sha256 33320d50ac48)
  INCLUDED         WP_Boards_Design_v1.md  (sha256 a36bf3d79609)

[Working Practices\FileOps]
  INCLUDED         WP_FileOps_Working_v1.md  (sha256 f2ffcdd7c76f)

[_binder]
  DELETED          AIDE_Documentation_Binder_v94.md
  WRITTEN          AIDE_Documentation_Binder_v95.md  (94 files, 1048748 bytes)

[_rebuild]
  INCLUDED         AIDE_Component_PurposeLines_v2.md  (sha256 b1836489f28b)
  INCLUDED         AIDE_Rebuild_Guide_v1.md  (sha256 01ceb45e507b)
  INCLUDED         AIDE_Rebuild_Overview_v1.md  (sha256 5a65c44f5991)
  INCLUDED         AIDE_Rebuild_SettledDecisions_v1.md  (sha256 33593102e982)
  INCLUDED         Assurance_Brief_Sketch_v2.md  (sha256 1c61ea8c6846)
  INCLUDED         Build_Input_Working_v1.md  (sha256 1bb3513464e6)
  INCLUDED         deployment_plugin_working_v1.md  (sha256 87c99a1e5bf3)
  INCLUDED         ProjectDesign_Decisions_Pending_v1.md  (sha256 647aacf4c1ad)
  INCLUDED         ProjectDesign_Design_Pending_v1.md  (sha256 587bc4c6165f)
  INCLUDED         ProjectDesign_StandardInputs_Pending_v1.md  (sha256 710b74bb0958)
  INCLUDED         ProjectDesign_WorkRegister_Pending_v1.md  (sha256 638ebbfb6eef)
  INCLUDED         WP_Check1_Assessment_v1.md  (sha256 dba57b98ffda)
  INCLUDED         WP_CoreCarries_v2.md  (sha256 2f3ab75ce434)
  SKIPPED          AIDE_DesignApproach_WIP_v1.md: matches exclude_files pattern "*_WIP_*"
  SKIPPED          AIDE_Rebuild_WIP_v24.md: matches exclude_files pattern "*_WIP_*"

------------------------------------------------------------------------
Result: 94 included, 4 skipped, 1 written, 1 deleted
========================================================================

========================================================================
binder builder   2026-09-17 10:54:38   LIVE
binder:   AIDE_Documentation
root:     C:\Users\david\dev\repos\DigitalBusiness-AIDE\Documentation
settings: C:\Users\david\dev\repos\DigitalBusiness-AIDE\Documentation\_aide\utilities\binder-builder\binder_builder_AIDE_Documentation_settings.json
include:  ~/_rebuild
folders collected from: 19
change detection: AIDE_Documentation_Binder_v95.md: 94 file(s) in scope, all matching the manifest - binder not rebuilt
------------------------------------------------------------------------

[.]
  SKIPPED          AIDE_Board.html: matches exclude_files pattern "*_Board.html"
  SKIPPED          AIDE_Documentation_WIP_v23.md: matches exclude_files pattern "*_WIP_*"
  SKIPPED          AIDE_Orchestration_WIP_v1.md: matches exclude_files pattern "*_WIP_*"

[_binder]
  NO CHANGES       no changes detected since AIDE_Documentation_Binder_v95.md; binder not rebuilt

[_rebuild]
  SKIPPED          AIDE_DesignApproach_WIP_v1.md: matches exclude_files pattern "*_WIP_*"
  SKIPPED          AIDE_Rebuild_WIP_v24.md: matches exclude_files pattern "*_WIP_*"

------------------------------------------------------------------------
Result: 5 skipped, 1 no changes
========================================================================

========================================================================
binder builder   2026-09-17 11:42:24   LIVE
binder:   AIDE_Documentation
root:     C:\Users\david\dev\repos\DigitalBusiness-AIDE\Documentation
settings: C:\Users\david\dev\repos\DigitalBusiness-AIDE\Documentation\_aide\utilities\binder-builder\binder_builder_AIDE_Documentation_settings.json
include:  ~/_rebuild
folders collected from: 19
change detection: AIDE_Documentation_Binder_v95.md: 3 added, 3 removed (Orchestration/AIDE_Orchestration_Decisions_v2.md, Orchestration/AIDE_Orchestration_Design_v2.md, Orchestration/AIDE_Orchestration_UseCases_v2.md, and 3 more) - rebuilding
------------------------------------------------------------------------

[.]
  INCLUDED         AIDE_Orchestration_Investigation_Findings.md  (sha256 e7c281c19fb4)
  INCLUDED         AIDE_Solution_Map.md  (sha256 3c2294f7ae2b)
  SKIPPED          AIDE_Board.html: matches exclude_files pattern "*_Board.html"
  SKIPPED          AIDE_Documentation_WIP_v24.md: matches exclude_files pattern "*_WIP_*"
  SKIPPED          AIDE_Orchestration_WIP_v1.md: matches exclude_files pattern "*_WIP_*"

[Assurance]
  INCLUDED         _index.md  (sha256 fde4b0521828)
  INCLUDED         AIDE_Assurance_Cases_Working_v1.md  (sha256 2147d7d8e090)
  INCLUDED         Assurance_Decisions_v3.md  (sha256 da10aeeba9f4)
  INCLUDED         Assurance_Design_v3.md  (sha256 9590897a017b)

[Build]
  INCLUDED         Build_Brief_v1.md  (sha256 cfba70989170)
  INCLUDED         Build_Decisions_v3.md  (sha256 04bf75b2fee3)
  INCLUDED         Build_Design_v3.md  (sha256 c4e80f1034f7)
  INCLUDED         Build_Overview_v1.md  (sha256 13de71fecfbb)

[Core]
  INCLUDED         _index.md  (sha256 8746bf38a3fa)
  INCLUDED         Core_AIDEMap.md  (sha256 9cb56b3c7791)
  INCLUDED         Core_AIDEPrinciples_Decisions_v1.md  (sha256 655de3e64709)
  INCLUDED         Core_AIDEPrinciples_Design_v1.md  (sha256 60e20e8d0b9d)
  INCLUDED         Core_Brief_v2.md  (sha256 23d1f1d1f622)
  INCLUDED         Core_Charter_v1.md  (sha256 3e5f5332b783)
  INCLUDED         Core_Decisions_v1.md  (sha256 2545fa050c39)
  INCLUDED         Core_Design_v3.md  (sha256 89eb22d2a3fc)
  INCLUDED         Core_Schema_Standard_v3.md  (sha256 49c6de8da5bb)
  INCLUDED         Core_Structure_Decisions_v1.md  (sha256 2217f6768b89)
  INCLUDED         Core_Structure_Design_v1.md  (sha256 f464dc43de50)
  INCLUDED         Core_Tags_Working_v1.md  (sha256 ae6557378adf)

[Documentation Methodology]
  INCLUDED         _index.md  (sha256 c3441fd9e4b4)
  INCLUDED         DocMeth_Brief_v1.md  (sha256 60c5cf3f5d79)
  INCLUDED         DocMeth_Decisions_v7.md  (sha256 15daf15e27ef)
  INCLUDED         DocMeth_Design_v6.md  (sha256 8b5d6a24a5d7)
  INCLUDED         DocMeth_Working_v9.md  (sha256 952a2287d1d0)
  INCLUDED         DocumentationMethodology_SchemaAuthoring_Standard_v1.md  (sha256 37a837a65cb3)
  INCLUDED         DocumentationMethodology_SchemaDefinitions_Standard_v1.md  (sha256 8098d9714c57)
  INCLUDED         DocumentationMethodology_Standard_v1.md  (sha256 8301aa2a0395)

[Infrastructure]
  INCLUDED         _index.md  (sha256 fb736219786c)
  INCLUDED         AIDE_Infrastructure_MCPDeliveryModel_v2.md  (sha256 f3dc59b384b2)
  INCLUDED         Infrastructure_CLI_Decisions_v1.md  (sha256 7a16726b5162)
  INCLUDED         Infrastructure_CLI_Design_v1.md  (sha256 12e05744ff4a)
  INCLUDED         Infrastructure_Working_v1.md  (sha256 1d7a11e25a57)

[Infrastructure\binder-builder]
  INCLUDED         binder_builder_Documentation_settings.json  (sha256 b9b89306305b)
  INCLUDED         BinderBuilder_Design_v10.md  (sha256 07a3284570d1)
  INCLUDED         README.md  (sha256 9c905047ab5a)

[Infrastructure\file-update-package]
  INCLUDED         file_update_package_settings.json  (sha256 15617061295c)
  INCLUDED         FileUpdatePackage_Design_v2.md  (sha256 142b729606f8)
  INCLUDED         README.md  (sha256 747bc371ff85)

[Infrastructure\version-cleanup]
  INCLUDED         README.md  (sha256 307a43363adb)
  INCLUDED         version_cleanup_settings.json  (sha256 c17e9142e485)
  INCLUDED         VersionCleanup_Design_v3.md  (sha256 329d08514ab2)

[Messaging]
  INCLUDED         _index.md  (sha256 0068c2702d8b)
  INCLUDED         Messaging_Brief_v1.md  (sha256 c1687d821833)
  INCLUDED         Messaging_Decisions_v4.md  (sha256 c6a0f75cba95)
  INCLUDED         Messaging_Design_v4.md  (sha256 48b767e284b0)
  INCLUDED         Messaging_Standard_v4.md  (sha256 39a0045e2403)
  INCLUDED         Messaging_Tool_v4.md  (sha256 c0a40ad3383d)

[Orchestration]
  INCLUDED         AIDE_Orchestration_Decisions_v2.md  (sha256 e547c3f7e038)
  INCLUDED         AIDE_Orchestration_Design_v2.md  (sha256 dddbcd935f3e)
  INCLUDED         AIDE_Orchestration_UseCases_v2.md  (sha256 5d4ecab3a53d)

[Principles]
  INCLUDED         Principles_Decisions_v5.md  (sha256 33df0c86fba0)
  INCLUDED         Principles_Design_v5.md  (sha256 ba6e146bf1b7)
  INCLUDED         Principles_Standard_v2.md  (sha256 a2c5cf6f320d)

[Project Design]
  INCLUDED         _index.md  (sha256 589d24282970)
  INCLUDED         ProjectDesign_Decisions_v3.md  (sha256 61029b610785)
  INCLUDED         ProjectDesign_Design_v3.md  (sha256 845df7d3ba79)
  INCLUDED         ProjectDesign_Schema_Standard_v1.md  (sha256 23316ba5d013)
  INCLUDED         ProjectDesign_Standard_v4.md  (sha256 df3c448516ae)

[Standards]
  INCLUDED         _index.md  (sha256 3bd4678a60c0)
  INCLUDED         Standards_Authoring_Standard_v8.md  (sha256 e52f99825c80)
  INCLUDED         Standards_Consumption_Standard_v3.md  (sha256 b801499930ac)
  INCLUDED         Standards_Decisions_v4.md  (sha256 fcda250bc8aa)
  INCLUDED         Standards_Design_v3.md  (sha256 4a6a79a3a0f1)
  INCLUDED         Standards_Working_v1.md  (sha256 9677537477ab)

[Tools]
  INCLUDED         _index.md  (sha256 7bb05b130edc)
  INCLUDED         Tools_Authoring_Standard_v8.md  (sha256 d05452eddaa6)
  INCLUDED         Tools_Decisions_v7.md  (sha256 f83f2411202f)
  INCLUDED         Tools_Design_v6.md  (sha256 62b2eb15c979)

[Working Practices]
  INCLUDED         _index.md  (sha256 69a1be1e3d12)
  INCLUDED         WP_Brief_v2.md  (sha256 844fa051dedb)
  INCLUDED         WP_Capture_Working_v1.md  (sha256 54171d4dea8b)
  INCLUDED         WP_ContentDelivery_Working_v1.md  (sha256 6b858ff04f50)
  INCLUDED         WP_Decisions_v4.md  (sha256 9957a8fb75f9)
  INCLUDED         WP_Design_v6.md  (sha256 da8923648608)
  INCLUDED         WP_WorkManagement_Working_v1.md  (sha256 59a0bba2401c)

[Working Practices\Boards]
  INCLUDED         WP_Boards_Decisions_v1.md  (sha256 33320d50ac48)
  INCLUDED         WP_Boards_Design_v1.md  (sha256 a36bf3d79609)

[Working Practices\FileOps]
  INCLUDED         WP_FileOps_Working_v1.md  (sha256 f2ffcdd7c76f)

[_binder]
  DELETED          AIDE_Documentation_Binder_v95.md
  WRITTEN          AIDE_Documentation_Binder_v96.md  (94 files, 1055603 bytes)

[_rebuild]
  INCLUDED         AIDE_Component_PurposeLines_v2.md  (sha256 b1836489f28b)
  INCLUDED         AIDE_Rebuild_Guide_v1.md  (sha256 01ceb45e507b)
  INCLUDED         AIDE_Rebuild_Overview_v1.md  (sha256 5a65c44f5991)
  INCLUDED         AIDE_Rebuild_SettledDecisions_v1.md  (sha256 33593102e982)
  INCLUDED         Assurance_Brief_Sketch_v2.md  (sha256 1c61ea8c6846)
  INCLUDED         Build_Input_Working_v1.md  (sha256 1bb3513464e6)
  INCLUDED         deployment_plugin_working_v1.md  (sha256 87c99a1e5bf3)
  INCLUDED         ProjectDesign_Decisions_Pending_v1.md  (sha256 647aacf4c1ad)
  INCLUDED         ProjectDesign_Design_Pending_v1.md  (sha256 587bc4c6165f)
  INCLUDED         ProjectDesign_StandardInputs_Pending_v1.md  (sha256 710b74bb0958)
  INCLUDED         ProjectDesign_WorkRegister_Pending_v1.md  (sha256 638ebbfb6eef)
  INCLUDED         WP_Check1_Assessment_v1.md  (sha256 dba57b98ffda)
  INCLUDED         WP_CoreCarries_v2.md  (sha256 2f3ab75ce434)
  SKIPPED          AIDE_DesignApproach_WIP_v1.md: matches exclude_files pattern "*_WIP_*"
  SKIPPED          AIDE_Rebuild_WIP_v24.md: matches exclude_files pattern "*_WIP_*"

------------------------------------------------------------------------
Result: 94 included, 5 skipped, 1 written, 1 deleted
========================================================================

========================================================================
binder builder   2026-09-17 11:56:10   DRY RUN (nothing written)
binder:   AIDE_Documentation
root:     C:\Users\david\dev\repos\DigitalBusiness-AIDE\Documentation
settings: C:\Users\david\dev\repos\DigitalBusiness-AIDE\Documentation\_aide\utilities\binder-builder\binder_builder_AIDE_Documentation_settings.json
include:  ~/_rebuild
folders collected from: 19
change detection: AIDE_Documentation_Binder_v96.md: 3 added, 2 removed, 1 changed (Orchestration/AIDE_Orchestration_Decisions_v3.md, Orchestration/AIDE_Orchestration_Design_v3.md, Working Practices/WP_Standard_v1.md, and 3 more) - rebuilding
------------------------------------------------------------------------

[.]
  SKIPPED          AIDE_Board.html: matches exclude_files pattern "*_Board.html"
  SKIPPED          AIDE_Documentation_WIP_v24.md: matches exclude_files pattern "*_WIP_*"
  SKIPPED          AIDE_Orchestration_WIP_v1.md: matches exclude_files pattern "*_WIP_*"
  WOULD INCLUDE    AIDE_Orchestration_Investigation_Findings.md  (sha256 e7c281c19fb4)
  WOULD INCLUDE    AIDE_Solution_Map.md  (sha256 3c2294f7ae2b)

[Assurance]
  WOULD INCLUDE    _index.md  (sha256 fde4b0521828)
  WOULD INCLUDE    AIDE_Assurance_Cases_Working_v1.md  (sha256 2147d7d8e090)
  WOULD INCLUDE    Assurance_Decisions_v3.md  (sha256 da10aeeba9f4)
  WOULD INCLUDE    Assurance_Design_v3.md  (sha256 9590897a017b)

[Build]
  WOULD INCLUDE    Build_Brief_v1.md  (sha256 cfba70989170)
  WOULD INCLUDE    Build_Decisions_v3.md  (sha256 04bf75b2fee3)
  WOULD INCLUDE    Build_Design_v3.md  (sha256 c4e80f1034f7)
  WOULD INCLUDE    Build_Overview_v1.md  (sha256 13de71fecfbb)

[Core]
  WOULD INCLUDE    _index.md  (sha256 8746bf38a3fa)
  WOULD INCLUDE    Core_AIDEMap.md  (sha256 9cb56b3c7791)
  WOULD INCLUDE    Core_AIDEPrinciples_Decisions_v1.md  (sha256 655de3e64709)
  WOULD INCLUDE    Core_AIDEPrinciples_Design_v1.md  (sha256 60e20e8d0b9d)
  WOULD INCLUDE    Core_Brief_v2.md  (sha256 23d1f1d1f622)
  WOULD INCLUDE    Core_Charter_v1.md  (sha256 3e5f5332b783)
  WOULD INCLUDE    Core_Decisions_v1.md  (sha256 2545fa050c39)
  WOULD INCLUDE    Core_Design_v3.md  (sha256 89eb22d2a3fc)
  WOULD INCLUDE    Core_Schema_Standard_v3.md  (sha256 49c6de8da5bb)
  WOULD INCLUDE    Core_Structure_Decisions_v1.md  (sha256 2217f6768b89)
  WOULD INCLUDE    Core_Structure_Design_v1.md  (sha256 f464dc43de50)
  WOULD INCLUDE    Core_Tags_Working_v1.md  (sha256 ae6557378adf)

[Documentation Methodology]
  WOULD INCLUDE    _index.md  (sha256 c3441fd9e4b4)
  WOULD INCLUDE    DocMeth_Brief_v1.md  (sha256 60c5cf3f5d79)
  WOULD INCLUDE    DocMeth_Decisions_v7.md  (sha256 15daf15e27ef)
  WOULD INCLUDE    DocMeth_Design_v6.md  (sha256 8b5d6a24a5d7)
  WOULD INCLUDE    DocMeth_Working_v9.md  (sha256 952a2287d1d0)
  WOULD INCLUDE    DocumentationMethodology_SchemaAuthoring_Standard_v1.md  (sha256 37a837a65cb3)
  WOULD INCLUDE    DocumentationMethodology_SchemaDefinitions_Standard_v1.md  (sha256 8098d9714c57)
  WOULD INCLUDE    DocumentationMethodology_Standard_v1.md  (sha256 8301aa2a0395)

[Infrastructure]
  WOULD INCLUDE    _index.md  (sha256 fb736219786c)
  WOULD INCLUDE    AIDE_Infrastructure_MCPDeliveryModel_v2.md  (sha256 f3dc59b384b2)
  WOULD INCLUDE    Infrastructure_CLI_Decisions_v1.md  (sha256 7a16726b5162)
  WOULD INCLUDE    Infrastructure_CLI_Design_v1.md  (sha256 12e05744ff4a)
  WOULD INCLUDE    Infrastructure_Working_v1.md  (sha256 1d7a11e25a57)

[Infrastructure\binder-builder]
  WOULD INCLUDE    binder_builder_Documentation_settings.json  (sha256 b9b89306305b)
  WOULD INCLUDE    BinderBuilder_Design_v10.md  (sha256 07a3284570d1)
  WOULD INCLUDE    README.md  (sha256 9c905047ab5a)

[Infrastructure\file-update-package]
  WOULD INCLUDE    file_update_package_settings.json  (sha256 15617061295c)
  WOULD INCLUDE    FileUpdatePackage_Design_v2.md  (sha256 142b729606f8)
  WOULD INCLUDE    README.md  (sha256 747bc371ff85)

[Infrastructure\version-cleanup]
  WOULD INCLUDE    README.md  (sha256 307a43363adb)
  WOULD INCLUDE    version_cleanup_settings.json  (sha256 c17e9142e485)
  WOULD INCLUDE    VersionCleanup_Design_v3.md  (sha256 329d08514ab2)

[Messaging]
  WOULD INCLUDE    _index.md  (sha256 0068c2702d8b)
  WOULD INCLUDE    Messaging_Brief_v1.md  (sha256 c1687d821833)
  WOULD INCLUDE    Messaging_Decisions_v4.md  (sha256 c6a0f75cba95)
  WOULD INCLUDE    Messaging_Design_v4.md  (sha256 48b767e284b0)
  WOULD INCLUDE    Messaging_Standard_v4.md  (sha256 39a0045e2403)
  WOULD INCLUDE    Messaging_Tool_v4.md  (sha256 c0a40ad3383d)

[Orchestration]
  WOULD INCLUDE    AIDE_Orchestration_Decisions_v3.md  (sha256 ae32b6e0e310)
  WOULD INCLUDE    AIDE_Orchestration_Design_v3.md  (sha256 085b5dae47dd)
  WOULD INCLUDE    AIDE_Orchestration_UseCases_v2.md  (sha256 5d4ecab3a53d)

[Principles]
  WOULD INCLUDE    Principles_Decisions_v5.md  (sha256 33df0c86fba0)
  WOULD INCLUDE    Principles_Design_v5.md  (sha256 ba6e146bf1b7)
  WOULD INCLUDE    Principles_Standard_v2.md  (sha256 a2c5cf6f320d)

[Project Design]
  WOULD INCLUDE    _index.md  (sha256 589d24282970)
  WOULD INCLUDE    ProjectDesign_Decisions_v3.md  (sha256 61029b610785)
  WOULD INCLUDE    ProjectDesign_Design_v3.md  (sha256 845df7d3ba79)
  WOULD INCLUDE    ProjectDesign_Schema_Standard_v1.md  (sha256 23316ba5d013)
  WOULD INCLUDE    ProjectDesign_Standard_v4.md  (sha256 df3c448516ae)

[Standards]
  WOULD INCLUDE    _index.md  (sha256 3bd4678a60c0)
  WOULD INCLUDE    Standards_Authoring_Standard_v8.md  (sha256 e52f99825c80)
  WOULD INCLUDE    Standards_Consumption_Standard_v3.md  (sha256 b801499930ac)
  WOULD INCLUDE    Standards_Decisions_v4.md  (sha256 fcda250bc8aa)
  WOULD INCLUDE    Standards_Design_v3.md  (sha256 4a6a79a3a0f1)
  WOULD INCLUDE    Standards_Working_v1.md  (sha256 9677537477ab)

[Tools]
  WOULD INCLUDE    _index.md  (sha256 7bb05b130edc)
  WOULD INCLUDE    Tools_Authoring_Standard_v8.md  (sha256 d05452eddaa6)
  WOULD INCLUDE    Tools_Decisions_v7.md  (sha256 f83f2411202f)
  WOULD INCLUDE    Tools_Design_v6.md  (sha256 62b2eb15c979)

[Working Practices]
  WOULD INCLUDE    _index.md  (sha256 25410df7a086)
  WOULD INCLUDE    WP_Brief_v2.md  (sha256 844fa051dedb)
  WOULD INCLUDE    WP_Capture_Working_v1.md  (sha256 54171d4dea8b)
  WOULD INCLUDE    WP_ContentDelivery_Working_v1.md  (sha256 6b858ff04f50)
  WOULD INCLUDE    WP_Decisions_v4.md  (sha256 9957a8fb75f9)
  WOULD INCLUDE    WP_Design_v6.md  (sha256 da8923648608)
  WOULD INCLUDE    WP_Standard_v1.md  (sha256 76650bf1e80b)
  WOULD INCLUDE    WP_WorkManagement_Working_v1.md  (sha256 59a0bba2401c)

[Working Practices\Boards]
  WOULD INCLUDE    WP_Boards_Decisions_v1.md  (sha256 33320d50ac48)
  WOULD INCLUDE    WP_Boards_Design_v1.md  (sha256 a36bf3d79609)

[Working Practices\FileOps]
  WOULD INCLUDE    WP_FileOps_Working_v1.md  (sha256 f2ffcdd7c76f)

[_binder]
  WOULD DELETE     AIDE_Documentation_Binder_v96.md
  WOULD WRITE      AIDE_Documentation_Binder_v97.md  (95 files, 1063523 bytes)

[_rebuild]
  SKIPPED          AIDE_DesignApproach_WIP_v1.md: matches exclude_files pattern "*_WIP_*"
  SKIPPED          AIDE_Rebuild_WIP_v24.md: matches exclude_files pattern "*_WIP_*"
  WOULD INCLUDE    AIDE_Component_PurposeLines_v2.md  (sha256 b1836489f28b)
  WOULD INCLUDE    AIDE_Rebuild_Guide_v1.md  (sha256 01ceb45e507b)
  WOULD INCLUDE    AIDE_Rebuild_Overview_v1.md  (sha256 5a65c44f5991)
  WOULD INCLUDE    AIDE_Rebuild_SettledDecisions_v1.md  (sha256 33593102e982)
  WOULD INCLUDE    Assurance_Brief_Sketch_v2.md  (sha256 1c61ea8c6846)
  WOULD INCLUDE    Build_Input_Working_v1.md  (sha256 1bb3513464e6)
  WOULD INCLUDE    deployment_plugin_working_v1.md  (sha256 87c99a1e5bf3)
  WOULD INCLUDE    ProjectDesign_Decisions_Pending_v1.md  (sha256 647aacf4c1ad)
  WOULD INCLUDE    ProjectDesign_Design_Pending_v1.md  (sha256 587bc4c6165f)
  WOULD INCLUDE    ProjectDesign_StandardInputs_Pending_v1.md  (sha256 710b74bb0958)
  WOULD INCLUDE    ProjectDesign_WorkRegister_Pending_v1.md  (sha256 638ebbfb6eef)
  WOULD INCLUDE    WP_Check1_Assessment_v1.md  (sha256 dba57b98ffda)
  WOULD INCLUDE    WP_CoreCarries_v2.md  (sha256 2f3ab75ce434)

------------------------------------------------------------------------
Result: 95 would include, 5 skipped, 1 would write, 1 would delete
========================================================================

========================================================================
binder builder   2026-09-17 11:56:16   LIVE
binder:   AIDE_Documentation
root:     C:\Users\david\dev\repos\DigitalBusiness-AIDE\Documentation
settings: C:\Users\david\dev\repos\DigitalBusiness-AIDE\Documentation\_aide\utilities\binder-builder\binder_builder_AIDE_Documentation_settings.json
include:  ~/_rebuild
folders collected from: 19
change detection: AIDE_Documentation_Binder_v96.md: 3 added, 2 removed, 1 changed (Orchestration/AIDE_Orchestration_Decisions_v3.md, Orchestration/AIDE_Orchestration_Design_v3.md, Working Practices/WP_Standard_v1.md, and 3 more) - rebuilding
------------------------------------------------------------------------

[.]
  INCLUDED         AIDE_Orchestration_Investigation_Findings.md  (sha256 e7c281c19fb4)
  INCLUDED         AIDE_Solution_Map.md  (sha256 3c2294f7ae2b)
  SKIPPED          AIDE_Board.html: matches exclude_files pattern "*_Board.html"
  SKIPPED          AIDE_Documentation_WIP_v24.md: matches exclude_files pattern "*_WIP_*"
  SKIPPED          AIDE_Orchestration_WIP_v1.md: matches exclude_files pattern "*_WIP_*"

[Assurance]
  INCLUDED         _index.md  (sha256 fde4b0521828)
  INCLUDED         AIDE_Assurance_Cases_Working_v1.md  (sha256 2147d7d8e090)
  INCLUDED         Assurance_Decisions_v3.md  (sha256 da10aeeba9f4)
  INCLUDED         Assurance_Design_v3.md  (sha256 9590897a017b)

[Build]
  INCLUDED         Build_Brief_v1.md  (sha256 cfba70989170)
  INCLUDED         Build_Decisions_v3.md  (sha256 04bf75b2fee3)
  INCLUDED         Build_Design_v3.md  (sha256 c4e80f1034f7)
  INCLUDED         Build_Overview_v1.md  (sha256 13de71fecfbb)

[Core]
  INCLUDED         _index.md  (sha256 8746bf38a3fa)
  INCLUDED         Core_AIDEMap.md  (sha256 9cb56b3c7791)
  INCLUDED         Core_AIDEPrinciples_Decisions_v1.md  (sha256 655de3e64709)
  INCLUDED         Core_AIDEPrinciples_Design_v1.md  (sha256 60e20e8d0b9d)
  INCLUDED         Core_Brief_v2.md  (sha256 23d1f1d1f622)
  INCLUDED         Core_Charter_v1.md  (sha256 3e5f5332b783)
  INCLUDED         Core_Decisions_v1.md  (sha256 2545fa050c39)
  INCLUDED         Core_Design_v3.md  (sha256 89eb22d2a3fc)
  INCLUDED         Core_Schema_Standard_v3.md  (sha256 49c6de8da5bb)
  INCLUDED         Core_Structure_Decisions_v1.md  (sha256 2217f6768b89)
  INCLUDED         Core_Structure_Design_v1.md  (sha256 f464dc43de50)
  INCLUDED         Core_Tags_Working_v1.md  (sha256 ae6557378adf)

[Documentation Methodology]
  INCLUDED         _index.md  (sha256 c3441fd9e4b4)
  INCLUDED         DocMeth_Brief_v1.md  (sha256 60c5cf3f5d79)
  INCLUDED         DocMeth_Decisions_v7.md  (sha256 15daf15e27ef)
  INCLUDED         DocMeth_Design_v6.md  (sha256 8b5d6a24a5d7)
  INCLUDED         DocMeth_Working_v9.md  (sha256 952a2287d1d0)
  INCLUDED         DocumentationMethodology_SchemaAuthoring_Standard_v1.md  (sha256 37a837a65cb3)
  INCLUDED         DocumentationMethodology_SchemaDefinitions_Standard_v1.md  (sha256 8098d9714c57)
  INCLUDED         DocumentationMethodology_Standard_v1.md  (sha256 8301aa2a0395)

[Infrastructure]
  INCLUDED         _index.md  (sha256 fb736219786c)
  INCLUDED         AIDE_Infrastructure_MCPDeliveryModel_v2.md  (sha256 f3dc59b384b2)
  INCLUDED         Infrastructure_CLI_Decisions_v1.md  (sha256 7a16726b5162)
  INCLUDED         Infrastructure_CLI_Design_v1.md  (sha256 12e05744ff4a)
  INCLUDED         Infrastructure_Working_v1.md  (sha256 1d7a11e25a57)

[Infrastructure\binder-builder]
  INCLUDED         binder_builder_Documentation_settings.json  (sha256 b9b89306305b)
  INCLUDED         BinderBuilder_Design_v10.md  (sha256 07a3284570d1)
  INCLUDED         README.md  (sha256 9c905047ab5a)

[Infrastructure\file-update-package]
  INCLUDED         file_update_package_settings.json  (sha256 15617061295c)
  INCLUDED         FileUpdatePackage_Design_v2.md  (sha256 142b729606f8)
  INCLUDED         README.md  (sha256 747bc371ff85)

[Infrastructure\version-cleanup]
  INCLUDED         README.md  (sha256 307a43363adb)
  INCLUDED         version_cleanup_settings.json  (sha256 c17e9142e485)
  INCLUDED         VersionCleanup_Design_v3.md  (sha256 329d08514ab2)

[Messaging]
  INCLUDED         _index.md  (sha256 0068c2702d8b)
  INCLUDED         Messaging_Brief_v1.md  (sha256 c1687d821833)
  INCLUDED         Messaging_Decisions_v4.md  (sha256 c6a0f75cba95)
  INCLUDED         Messaging_Design_v4.md  (sha256 48b767e284b0)
  INCLUDED         Messaging_Standard_v4.md  (sha256 39a0045e2403)
  INCLUDED         Messaging_Tool_v4.md  (sha256 c0a40ad3383d)

[Orchestration]
  INCLUDED         AIDE_Orchestration_Decisions_v3.md  (sha256 ae32b6e0e310)
  INCLUDED         AIDE_Orchestration_Design_v3.md  (sha256 085b5dae47dd)
  INCLUDED         AIDE_Orchestration_UseCases_v2.md  (sha256 5d4ecab3a53d)

[Principles]
  INCLUDED         Principles_Decisions_v5.md  (sha256 33df0c86fba0)
  INCLUDED         Principles_Design_v5.md  (sha256 ba6e146bf1b7)
  INCLUDED         Principles_Standard_v2.md  (sha256 a2c5cf6f320d)

[Project Design]
  INCLUDED         _index.md  (sha256 589d24282970)
  INCLUDED         ProjectDesign_Decisions_v3.md  (sha256 61029b610785)
  INCLUDED         ProjectDesign_Design_v3.md  (sha256 845df7d3ba79)
  INCLUDED         ProjectDesign_Schema_Standard_v1.md  (sha256 23316ba5d013)
  INCLUDED         ProjectDesign_Standard_v4.md  (sha256 df3c448516ae)

[Standards]
  INCLUDED         _index.md  (sha256 3bd4678a60c0)
  INCLUDED         Standards_Authoring_Standard_v8.md  (sha256 e52f99825c80)
  INCLUDED         Standards_Consumption_Standard_v3.md  (sha256 b801499930ac)
  INCLUDED         Standards_Decisions_v4.md  (sha256 fcda250bc8aa)
  INCLUDED         Standards_Design_v3.md  (sha256 4a6a79a3a0f1)
  INCLUDED         Standards_Working_v1.md  (sha256 9677537477ab)

[Tools]
  INCLUDED         _index.md  (sha256 7bb05b130edc)
  INCLUDED         Tools_Authoring_Standard_v8.md  (sha256 d05452eddaa6)
  INCLUDED         Tools_Decisions_v7.md  (sha256 f83f2411202f)
  INCLUDED         Tools_Design_v6.md  (sha256 62b2eb15c979)

[Working Practices]
  INCLUDED         _index.md  (sha256 25410df7a086)
  INCLUDED         WP_Brief_v2.md  (sha256 844fa051dedb)
  INCLUDED         WP_Capture_Working_v1.md  (sha256 54171d4dea8b)
  INCLUDED         WP_ContentDelivery_Working_v1.md  (sha256 6b858ff04f50)
  INCLUDED         WP_Decisions_v4.md  (sha256 9957a8fb75f9)
  INCLUDED         WP_Design_v6.md  (sha256 da8923648608)
  INCLUDED         WP_Standard_v1.md  (sha256 76650bf1e80b)
  INCLUDED         WP_WorkManagement_Working_v1.md  (sha256 59a0bba2401c)

[Working Practices\Boards]
  INCLUDED         WP_Boards_Decisions_v1.md  (sha256 33320d50ac48)
  INCLUDED         WP_Boards_Design_v1.md  (sha256 a36bf3d79609)

[Working Practices\FileOps]
  INCLUDED         WP_FileOps_Working_v1.md  (sha256 f2ffcdd7c76f)

[_binder]
  DELETED          AIDE_Documentation_Binder_v96.md
  WRITTEN          AIDE_Documentation_Binder_v97.md  (95 files, 1063523 bytes)

[_rebuild]
  INCLUDED         AIDE_Component_PurposeLines_v2.md  (sha256 b1836489f28b)
  INCLUDED         AIDE_Rebuild_Guide_v1.md  (sha256 01ceb45e507b)
  INCLUDED         AIDE_Rebuild_Overview_v1.md  (sha256 5a65c44f5991)
  INCLUDED         AIDE_Rebuild_SettledDecisions_v1.md  (sha256 33593102e982)
  INCLUDED         Assurance_Brief_Sketch_v2.md  (sha256 1c61ea8c6846)
  INCLUDED         Build_Input_Working_v1.md  (sha256 1bb3513464e6)
  INCLUDED         deployment_plugin_working_v1.md  (sha256 87c99a1e5bf3)
  INCLUDED         ProjectDesign_Decisions_Pending_v1.md  (sha256 647aacf4c1ad)
  INCLUDED         ProjectDesign_Design_Pending_v1.md  (sha256 587bc4c6165f)
  INCLUDED         ProjectDesign_StandardInputs_Pending_v1.md  (sha256 710b74bb0958)
  INCLUDED         ProjectDesign_WorkRegister_Pending_v1.md  (sha256 638ebbfb6eef)
  INCLUDED         WP_Check1_Assessment_v1.md  (sha256 dba57b98ffda)
  INCLUDED         WP_CoreCarries_v2.md  (sha256 2f3ab75ce434)
  SKIPPED          AIDE_DesignApproach_WIP_v1.md: matches exclude_files pattern "*_WIP_*"
  SKIPPED          AIDE_Rebuild_WIP_v24.md: matches exclude_files pattern "*_WIP_*"

------------------------------------------------------------------------
Result: 95 included, 5 skipped, 1 written, 1 deleted
========================================================================

========================================================================
binder builder   2026-09-17 12:05:36   LIVE
binder:   AIDE_Documentation
root:     C:\Users\david\dev\repos\DigitalBusiness-AIDE\Documentation
settings: C:\Users\david\dev\repos\DigitalBusiness-AIDE\Documentation\_aide\utilities\binder-builder\binder_builder_AIDE_Documentation_settings.json
include:  ~/_rebuild
folders collected from: 19
change detection: AIDE_Documentation_Binder_v97.md: 2 added, 2 removed (Orchestration/AIDE_Orchestration_Decisions_v4.md, Orchestration/AIDE_Orchestration_Design_v4.md, Orchestration/AIDE_Orchestration_Decisions_v3.md, and 1 more) - rebuilding
------------------------------------------------------------------------

[.]
  INCLUDED         AIDE_Orchestration_Investigation_Findings.md  (sha256 e7c281c19fb4)
  INCLUDED         AIDE_Solution_Map.md  (sha256 3c2294f7ae2b)
  SKIPPED          AIDE_Board.html: matches exclude_files pattern "*_Board.html"
  SKIPPED          AIDE_Documentation_WIP_v24.md: matches exclude_files pattern "*_WIP_*"
  SKIPPED          AIDE_Orchestration_WIP_v1.md: matches exclude_files pattern "*_WIP_*"

[Assurance]
  INCLUDED         _index.md  (sha256 fde4b0521828)
  INCLUDED         AIDE_Assurance_Cases_Working_v1.md  (sha256 2147d7d8e090)
  INCLUDED         Assurance_Decisions_v3.md  (sha256 da10aeeba9f4)
  INCLUDED         Assurance_Design_v3.md  (sha256 9590897a017b)

[Build]
  INCLUDED         Build_Brief_v1.md  (sha256 cfba70989170)
  INCLUDED         Build_Decisions_v3.md  (sha256 04bf75b2fee3)
  INCLUDED         Build_Design_v3.md  (sha256 c4e80f1034f7)
  INCLUDED         Build_Overview_v1.md  (sha256 13de71fecfbb)

[Core]
  INCLUDED         _index.md  (sha256 8746bf38a3fa)
  INCLUDED         Core_AIDEMap.md  (sha256 9cb56b3c7791)
  INCLUDED         Core_AIDEPrinciples_Decisions_v1.md  (sha256 655de3e64709)
  INCLUDED         Core_AIDEPrinciples_Design_v1.md  (sha256 60e20e8d0b9d)
  INCLUDED         Core_Brief_v2.md  (sha256 23d1f1d1f622)
  INCLUDED         Core_Charter_v1.md  (sha256 3e5f5332b783)
  INCLUDED         Core_Decisions_v1.md  (sha256 2545fa050c39)
  INCLUDED         Core_Design_v3.md  (sha256 89eb22d2a3fc)
  INCLUDED         Core_Schema_Standard_v3.md  (sha256 49c6de8da5bb)
  INCLUDED         Core_Structure_Decisions_v1.md  (sha256 2217f6768b89)
  INCLUDED         Core_Structure_Design_v1.md  (sha256 f464dc43de50)
  INCLUDED         Core_Tags_Working_v1.md  (sha256 ae6557378adf)

[Documentation Methodology]
  INCLUDED         _index.md  (sha256 c3441fd9e4b4)
  INCLUDED         DocMeth_Brief_v1.md  (sha256 60c5cf3f5d79)
  INCLUDED         DocMeth_Decisions_v7.md  (sha256 15daf15e27ef)
  INCLUDED         DocMeth_Design_v6.md  (sha256 8b5d6a24a5d7)
  INCLUDED         DocMeth_Working_v9.md  (sha256 952a2287d1d0)
  INCLUDED         DocumentationMethodology_SchemaAuthoring_Standard_v1.md  (sha256 37a837a65cb3)
  INCLUDED         DocumentationMethodology_SchemaDefinitions_Standard_v1.md  (sha256 8098d9714c57)
  INCLUDED         DocumentationMethodology_Standard_v1.md  (sha256 8301aa2a0395)

[Infrastructure]
  INCLUDED         _index.md  (sha256 fb736219786c)
  INCLUDED         AIDE_Infrastructure_MCPDeliveryModel_v2.md  (sha256 f3dc59b384b2)
  INCLUDED         Infrastructure_CLI_Decisions_v1.md  (sha256 7a16726b5162)
  INCLUDED         Infrastructure_CLI_Design_v1.md  (sha256 12e05744ff4a)
  INCLUDED         Infrastructure_Working_v1.md  (sha256 1d7a11e25a57)

[Infrastructure\binder-builder]
  INCLUDED         binder_builder_Documentation_settings.json  (sha256 b9b89306305b)
  INCLUDED         BinderBuilder_Design_v10.md  (sha256 07a3284570d1)
  INCLUDED         README.md  (sha256 9c905047ab5a)

[Infrastructure\file-update-package]
  INCLUDED         file_update_package_settings.json  (sha256 15617061295c)
  INCLUDED         FileUpdatePackage_Design_v2.md  (sha256 142b729606f8)
  INCLUDED         README.md  (sha256 747bc371ff85)

[Infrastructure\version-cleanup]
  INCLUDED         README.md  (sha256 307a43363adb)
  INCLUDED         version_cleanup_settings.json  (sha256 c17e9142e485)
  INCLUDED         VersionCleanup_Design_v3.md  (sha256 329d08514ab2)

[Messaging]
  INCLUDED         _index.md  (sha256 0068c2702d8b)
  INCLUDED         Messaging_Brief_v1.md  (sha256 c1687d821833)
  INCLUDED         Messaging_Decisions_v4.md  (sha256 c6a0f75cba95)
  INCLUDED         Messaging_Design_v4.md  (sha256 48b767e284b0)
  INCLUDED         Messaging_Standard_v4.md  (sha256 39a0045e2403)
  INCLUDED         Messaging_Tool_v4.md  (sha256 c0a40ad3383d)

[Orchestration]
  INCLUDED         AIDE_Orchestration_Decisions_v4.md  (sha256 a304edba5f4a)
  INCLUDED         AIDE_Orchestration_Design_v4.md  (sha256 8f5cb5a8f91c)
  INCLUDED         AIDE_Orchestration_UseCases_v2.md  (sha256 5d4ecab3a53d)

[Principles]
  INCLUDED         Principles_Decisions_v5.md  (sha256 33df0c86fba0)
  INCLUDED         Principles_Design_v5.md  (sha256 ba6e146bf1b7)
  INCLUDED         Principles_Standard_v2.md  (sha256 a2c5cf6f320d)

[Project Design]
  INCLUDED         _index.md  (sha256 589d24282970)
  INCLUDED         ProjectDesign_Decisions_v3.md  (sha256 61029b610785)
  INCLUDED         ProjectDesign_Design_v3.md  (sha256 845df7d3ba79)
  INCLUDED         ProjectDesign_Schema_Standard_v1.md  (sha256 23316ba5d013)
  INCLUDED         ProjectDesign_Standard_v4.md  (sha256 df3c448516ae)

[Standards]
  INCLUDED         _index.md  (sha256 3bd4678a60c0)
  INCLUDED         Standards_Authoring_Standard_v8.md  (sha256 e52f99825c80)
  INCLUDED         Standards_Consumption_Standard_v3.md  (sha256 b801499930ac)
  INCLUDED         Standards_Decisions_v4.md  (sha256 fcda250bc8aa)
  INCLUDED         Standards_Design_v3.md  (sha256 4a6a79a3a0f1)
  INCLUDED         Standards_Working_v1.md  (sha256 9677537477ab)

[Tools]
  INCLUDED         _index.md  (sha256 7bb05b130edc)
  INCLUDED         Tools_Authoring_Standard_v8.md  (sha256 d05452eddaa6)
  INCLUDED         Tools_Decisions_v7.md  (sha256 f83f2411202f)
  INCLUDED         Tools_Design_v6.md  (sha256 62b2eb15c979)

[Working Practices]
  INCLUDED         _index.md  (sha256 25410df7a086)
  INCLUDED         WP_Brief_v2.md  (sha256 844fa051dedb)
  INCLUDED         WP_Capture_Working_v1.md  (sha256 54171d4dea8b)
  INCLUDED         WP_ContentDelivery_Working_v1.md  (sha256 6b858ff04f50)
  INCLUDED         WP_Decisions_v4.md  (sha256 9957a8fb75f9)
  INCLUDED         WP_Design_v6.md  (sha256 da8923648608)
  INCLUDED         WP_Standard_v1.md  (sha256 76650bf1e80b)
  INCLUDED         WP_WorkManagement_Working_v1.md  (sha256 59a0bba2401c)

[Working Practices\Boards]
  INCLUDED         WP_Boards_Decisions_v1.md  (sha256 33320d50ac48)
  INCLUDED         WP_Boards_Design_v1.md  (sha256 a36bf3d79609)

[Working Practices\FileOps]
  INCLUDED         WP_FileOps_Working_v1.md  (sha256 f2ffcdd7c76f)

[_binder]
  DELETED          AIDE_Documentation_Binder_v97.md
  WRITTEN          AIDE_Documentation_Binder_v98.md  (95 files, 1067677 bytes)

[_rebuild]
  INCLUDED         AIDE_Component_PurposeLines_v2.md  (sha256 b1836489f28b)
  INCLUDED         AIDE_Rebuild_Guide_v1.md  (sha256 01ceb45e507b)
  INCLUDED         AIDE_Rebuild_Overview_v1.md  (sha256 5a65c44f5991)
  INCLUDED         AIDE_Rebuild_SettledDecisions_v1.md  (sha256 33593102e982)
  INCLUDED         Assurance_Brief_Sketch_v2.md  (sha256 1c61ea8c6846)
  INCLUDED         Build_Input_Working_v1.md  (sha256 1bb3513464e6)
  INCLUDED         deployment_plugin_working_v1.md  (sha256 87c99a1e5bf3)
  INCLUDED         ProjectDesign_Decisions_Pending_v1.md  (sha256 647aacf4c1ad)
  INCLUDED         ProjectDesign_Design_Pending_v1.md  (sha256 587bc4c6165f)
  INCLUDED         ProjectDesign_StandardInputs_Pending_v1.md  (sha256 710b74bb0958)
  INCLUDED         ProjectDesign_WorkRegister_Pending_v1.md  (sha256 638ebbfb6eef)
  INCLUDED         WP_Check1_Assessment_v1.md  (sha256 dba57b98ffda)
  INCLUDED         WP_CoreCarries_v2.md  (sha256 2f3ab75ce434)
  SKIPPED          AIDE_DesignApproach_WIP_v1.md: matches exclude_files pattern "*_WIP_*"
  SKIPPED          AIDE_Rebuild_WIP_v24.md: matches exclude_files pattern "*_WIP_*"

------------------------------------------------------------------------
Result: 95 included, 5 skipped, 1 written, 1 deleted
========================================================================

========================================================================
binder builder   2026-09-17 12:13:22   LIVE
binder:   AIDE_Documentation
root:     C:\Users\david\dev\repos\DigitalBusiness-AIDE\Documentation
settings: C:\Users\david\dev\repos\DigitalBusiness-AIDE\Documentation\_aide\utilities\binder-builder\binder_builder_AIDE_Documentation_settings.json
include:  ~/_rebuild
folders collected from: 19
change detection: AIDE_Documentation_Binder_v98.md: 2 added, 2 removed (Orchestration/AIDE_Orchestration_Decisions_v5.md, Orchestration/AIDE_Orchestration_Design_v5.md, Orchestration/AIDE_Orchestration_Decisions_v4.md, and 1 more) - rebuilding
------------------------------------------------------------------------

[.]
  INCLUDED         AIDE_Orchestration_Investigation_Findings.md  (sha256 e7c281c19fb4)
  INCLUDED         AIDE_Solution_Map.md  (sha256 3c2294f7ae2b)
  SKIPPED          AIDE_Board.html: matches exclude_files pattern "*_Board.html"
  SKIPPED          AIDE_Documentation_WIP_v24.md: matches exclude_files pattern "*_WIP_*"
  SKIPPED          AIDE_Orchestration_WIP_v1.md: matches exclude_files pattern "*_WIP_*"

[Assurance]
  INCLUDED         _index.md  (sha256 fde4b0521828)
  INCLUDED         AIDE_Assurance_Cases_Working_v1.md  (sha256 2147d7d8e090)
  INCLUDED         Assurance_Decisions_v3.md  (sha256 da10aeeba9f4)
  INCLUDED         Assurance_Design_v3.md  (sha256 9590897a017b)

[Build]
  INCLUDED         Build_Brief_v1.md  (sha256 cfba70989170)
  INCLUDED         Build_Decisions_v3.md  (sha256 04bf75b2fee3)
  INCLUDED         Build_Design_v3.md  (sha256 c4e80f1034f7)
  INCLUDED         Build_Overview_v1.md  (sha256 13de71fecfbb)

[Core]
  INCLUDED         _index.md  (sha256 8746bf38a3fa)
  INCLUDED         Core_AIDEMap.md  (sha256 9cb56b3c7791)
  INCLUDED         Core_AIDEPrinciples_Decisions_v1.md  (sha256 655de3e64709)
  INCLUDED         Core_AIDEPrinciples_Design_v1.md  (sha256 60e20e8d0b9d)
  INCLUDED         Core_Brief_v2.md  (sha256 23d1f1d1f622)
  INCLUDED         Core_Charter_v1.md  (sha256 3e5f5332b783)
  INCLUDED         Core_Decisions_v1.md  (sha256 2545fa050c39)
  INCLUDED         Core_Design_v3.md  (sha256 89eb22d2a3fc)
  INCLUDED         Core_Schema_Standard_v3.md  (sha256 49c6de8da5bb)
  INCLUDED         Core_Structure_Decisions_v1.md  (sha256 2217f6768b89)
  INCLUDED         Core_Structure_Design_v1.md  (sha256 f464dc43de50)
  INCLUDED         Core_Tags_Working_v1.md  (sha256 ae6557378adf)

[Documentation Methodology]
  INCLUDED         _index.md  (sha256 c3441fd9e4b4)
  INCLUDED         DocMeth_Brief_v1.md  (sha256 60c5cf3f5d79)
  INCLUDED         DocMeth_Decisions_v7.md  (sha256 15daf15e27ef)
  INCLUDED         DocMeth_Design_v6.md  (sha256 8b5d6a24a5d7)
  INCLUDED         DocMeth_Working_v9.md  (sha256 952a2287d1d0)
  INCLUDED         DocumentationMethodology_SchemaAuthoring_Standard_v1.md  (sha256 37a837a65cb3)
  INCLUDED         DocumentationMethodology_SchemaDefinitions_Standard_v1.md  (sha256 8098d9714c57)
  INCLUDED         DocumentationMethodology_Standard_v1.md  (sha256 8301aa2a0395)

[Infrastructure]
  INCLUDED         _index.md  (sha256 fb736219786c)
  INCLUDED         AIDE_Infrastructure_MCPDeliveryModel_v2.md  (sha256 f3dc59b384b2)
  INCLUDED         Infrastructure_CLI_Decisions_v1.md  (sha256 7a16726b5162)
  INCLUDED         Infrastructure_CLI_Design_v1.md  (sha256 12e05744ff4a)
  INCLUDED         Infrastructure_Working_v1.md  (sha256 1d7a11e25a57)

[Infrastructure\binder-builder]
  INCLUDED         binder_builder_Documentation_settings.json  (sha256 b9b89306305b)
  INCLUDED         BinderBuilder_Design_v10.md  (sha256 07a3284570d1)
  INCLUDED         README.md  (sha256 9c905047ab5a)

[Infrastructure\file-update-package]
  INCLUDED         file_update_package_settings.json  (sha256 15617061295c)
  INCLUDED         FileUpdatePackage_Design_v2.md  (sha256 142b729606f8)
  INCLUDED         README.md  (sha256 747bc371ff85)

[Infrastructure\version-cleanup]
  INCLUDED         README.md  (sha256 307a43363adb)
  INCLUDED         version_cleanup_settings.json  (sha256 c17e9142e485)
  INCLUDED         VersionCleanup_Design_v3.md  (sha256 329d08514ab2)

[Messaging]
  INCLUDED         _index.md  (sha256 0068c2702d8b)
  INCLUDED         Messaging_Brief_v1.md  (sha256 c1687d821833)
  INCLUDED         Messaging_Decisions_v4.md  (sha256 c6a0f75cba95)
  INCLUDED         Messaging_Design_v4.md  (sha256 48b767e284b0)
  INCLUDED         Messaging_Standard_v4.md  (sha256 39a0045e2403)
  INCLUDED         Messaging_Tool_v4.md  (sha256 c0a40ad3383d)

[Orchestration]
  INCLUDED         AIDE_Orchestration_Decisions_v5.md  (sha256 98d336117a70)
  INCLUDED         AIDE_Orchestration_Design_v5.md  (sha256 5cb84235137a)
  INCLUDED         AIDE_Orchestration_UseCases_v2.md  (sha256 5d4ecab3a53d)

[Principles]
  INCLUDED         Principles_Decisions_v5.md  (sha256 33df0c86fba0)
  INCLUDED         Principles_Design_v5.md  (sha256 ba6e146bf1b7)
  INCLUDED         Principles_Standard_v2.md  (sha256 a2c5cf6f320d)

[Project Design]
  INCLUDED         _index.md  (sha256 589d24282970)
  INCLUDED         ProjectDesign_Decisions_v3.md  (sha256 61029b610785)
  INCLUDED         ProjectDesign_Design_v3.md  (sha256 845df7d3ba79)
  INCLUDED         ProjectDesign_Schema_Standard_v1.md  (sha256 23316ba5d013)
  INCLUDED         ProjectDesign_Standard_v4.md  (sha256 df3c448516ae)

[Standards]
  INCLUDED         _index.md  (sha256 3bd4678a60c0)
  INCLUDED         Standards_Authoring_Standard_v8.md  (sha256 e52f99825c80)
  INCLUDED         Standards_Consumption_Standard_v3.md  (sha256 b801499930ac)
  INCLUDED         Standards_Decisions_v4.md  (sha256 fcda250bc8aa)
  INCLUDED         Standards_Design_v3.md  (sha256 4a6a79a3a0f1)
  INCLUDED         Standards_Working_v1.md  (sha256 9677537477ab)

[Tools]
  INCLUDED         _index.md  (sha256 7bb05b130edc)
  INCLUDED         Tools_Authoring_Standard_v8.md  (sha256 d05452eddaa6)
  INCLUDED         Tools_Decisions_v7.md  (sha256 f83f2411202f)
  INCLUDED         Tools_Design_v6.md  (sha256 62b2eb15c979)

[Working Practices]
  INCLUDED         _index.md  (sha256 25410df7a086)
  INCLUDED         WP_Brief_v2.md  (sha256 844fa051dedb)
  INCLUDED         WP_Capture_Working_v1.md  (sha256 54171d4dea8b)
  INCLUDED         WP_ContentDelivery_Working_v1.md  (sha256 6b858ff04f50)
  INCLUDED         WP_Decisions_v4.md  (sha256 9957a8fb75f9)
  INCLUDED         WP_Design_v6.md  (sha256 da8923648608)
  INCLUDED         WP_Standard_v1.md  (sha256 76650bf1e80b)
  INCLUDED         WP_WorkManagement_Working_v1.md  (sha256 59a0bba2401c)

[Working Practices\Boards]
  INCLUDED         WP_Boards_Decisions_v1.md  (sha256 33320d50ac48)
  INCLUDED         WP_Boards_Design_v1.md  (sha256 a36bf3d79609)

[Working Practices\FileOps]
  INCLUDED         WP_FileOps_Working_v1.md  (sha256 f2ffcdd7c76f)

[_binder]
  DELETED          AIDE_Documentation_Binder_v98.md
  WRITTEN          AIDE_Documentation_Binder_v99.md  (95 files, 1070924 bytes)

[_rebuild]
  INCLUDED         AIDE_Component_PurposeLines_v2.md  (sha256 b1836489f28b)
  INCLUDED         AIDE_Rebuild_Guide_v1.md  (sha256 01ceb45e507b)
  INCLUDED         AIDE_Rebuild_Overview_v1.md  (sha256 5a65c44f5991)
  INCLUDED         AIDE_Rebuild_SettledDecisions_v1.md  (sha256 33593102e982)
  INCLUDED         Assurance_Brief_Sketch_v2.md  (sha256 1c61ea8c6846)
  INCLUDED         Build_Input_Working_v1.md  (sha256 1bb3513464e6)
  INCLUDED         deployment_plugin_working_v1.md  (sha256 87c99a1e5bf3)
  INCLUDED         ProjectDesign_Decisions_Pending_v1.md  (sha256 647aacf4c1ad)
  INCLUDED         ProjectDesign_Design_Pending_v1.md  (sha256 587bc4c6165f)
  INCLUDED         ProjectDesign_StandardInputs_Pending_v1.md  (sha256 710b74bb0958)
  INCLUDED         ProjectDesign_WorkRegister_Pending_v1.md  (sha256 638ebbfb6eef)
  INCLUDED         WP_Check1_Assessment_v1.md  (sha256 dba57b98ffda)
  INCLUDED         WP_CoreCarries_v2.md  (sha256 2f3ab75ce434)
  SKIPPED          AIDE_DesignApproach_WIP_v1.md: matches exclude_files pattern "*_WIP_*"
  SKIPPED          AIDE_Rebuild_WIP_v24.md: matches exclude_files pattern "*_WIP_*"

------------------------------------------------------------------------
Result: 95 included, 5 skipped, 1 written, 1 deleted
========================================================================

========================================================================
binder builder   2026-09-17 13:06:59   LIVE
binder:   AIDE_Documentation
root:     C:\Users\david\dev\repos\DigitalBusiness-AIDE\Documentation
settings: C:\Users\david\dev\repos\DigitalBusiness-AIDE\Documentation\_aide\utilities\binder-builder\binder_builder_AIDE_Documentation_settings.json
include:  ~/_rebuild
folders collected from: 19
change detection: AIDE_Documentation_Binder_v99.md: 2 changed (Working Practices/Boards/WP_Boards_Design_v1.md, Working Practices/WP_Standard_v1.md) - rebuilding
------------------------------------------------------------------------

[.]
  INCLUDED         AIDE_Orchestration_Investigation_Findings.md  (sha256 e7c281c19fb4)
  INCLUDED         AIDE_Solution_Map.md  (sha256 3c2294f7ae2b)
  SKIPPED          AIDE_Board.html: matches exclude_files pattern "*_Board.html"
  SKIPPED          AIDE_Documentation_WIP_v24.md: matches exclude_files pattern "*_WIP_*"
  SKIPPED          AIDE_Documentation_WIP_v25.md: matches exclude_files pattern "*_WIP_*"
  SKIPPED          AIDE_Orchestration_WIP_v1.md: matches exclude_files pattern "*_WIP_*"

[Assurance]
  INCLUDED         _index.md  (sha256 fde4b0521828)
  INCLUDED         AIDE_Assurance_Cases_Working_v1.md  (sha256 2147d7d8e090)
  INCLUDED         Assurance_Decisions_v3.md  (sha256 da10aeeba9f4)
  INCLUDED         Assurance_Design_v3.md  (sha256 9590897a017b)

[Build]
  INCLUDED         Build_Brief_v1.md  (sha256 cfba70989170)
  INCLUDED         Build_Decisions_v3.md  (sha256 04bf75b2fee3)
  INCLUDED         Build_Design_v3.md  (sha256 c4e80f1034f7)
  INCLUDED         Build_Overview_v1.md  (sha256 13de71fecfbb)

[Core]
  INCLUDED         _index.md  (sha256 8746bf38a3fa)
  INCLUDED         Core_AIDEMap.md  (sha256 9cb56b3c7791)
  INCLUDED         Core_AIDEPrinciples_Decisions_v1.md  (sha256 655de3e64709)
  INCLUDED         Core_AIDEPrinciples_Design_v1.md  (sha256 60e20e8d0b9d)
  INCLUDED         Core_Brief_v2.md  (sha256 23d1f1d1f622)
  INCLUDED         Core_Charter_v1.md  (sha256 3e5f5332b783)
  INCLUDED         Core_Decisions_v1.md  (sha256 2545fa050c39)
  INCLUDED         Core_Design_v3.md  (sha256 89eb22d2a3fc)
  INCLUDED         Core_Schema_Standard_v3.md  (sha256 49c6de8da5bb)
  INCLUDED         Core_Structure_Decisions_v1.md  (sha256 2217f6768b89)
  INCLUDED         Core_Structure_Design_v1.md  (sha256 f464dc43de50)
  INCLUDED         Core_Tags_Working_v1.md  (sha256 ae6557378adf)

[Documentation Methodology]
  INCLUDED         _index.md  (sha256 c3441fd9e4b4)
  INCLUDED         DocMeth_Brief_v1.md  (sha256 60c5cf3f5d79)
  INCLUDED         DocMeth_Decisions_v7.md  (sha256 15daf15e27ef)
  INCLUDED         DocMeth_Design_v6.md  (sha256 8b5d6a24a5d7)
  INCLUDED         DocMeth_Working_v9.md  (sha256 952a2287d1d0)
  INCLUDED         DocumentationMethodology_SchemaAuthoring_Standard_v1.md  (sha256 37a837a65cb3)
  INCLUDED         DocumentationMethodology_SchemaDefinitions_Standard_v1.md  (sha256 8098d9714c57)
  INCLUDED         DocumentationMethodology_Standard_v1.md  (sha256 8301aa2a0395)

[Infrastructure]
  INCLUDED         _index.md  (sha256 fb736219786c)
  INCLUDED         AIDE_Infrastructure_MCPDeliveryModel_v2.md  (sha256 f3dc59b384b2)
  INCLUDED         Infrastructure_CLI_Decisions_v1.md  (sha256 7a16726b5162)
  INCLUDED         Infrastructure_CLI_Design_v1.md  (sha256 12e05744ff4a)
  INCLUDED         Infrastructure_Working_v1.md  (sha256 1d7a11e25a57)

[Infrastructure\binder-builder]
  INCLUDED         binder_builder_Documentation_settings.json  (sha256 b9b89306305b)
  INCLUDED         BinderBuilder_Design_v10.md  (sha256 07a3284570d1)
  INCLUDED         README.md  (sha256 9c905047ab5a)

[Infrastructure\file-update-package]
  INCLUDED         file_update_package_settings.json  (sha256 15617061295c)
  INCLUDED         FileUpdatePackage_Design_v2.md  (sha256 142b729606f8)
  INCLUDED         README.md  (sha256 747bc371ff85)

[Infrastructure\version-cleanup]
  INCLUDED         README.md  (sha256 307a43363adb)
  INCLUDED         version_cleanup_settings.json  (sha256 c17e9142e485)
  INCLUDED         VersionCleanup_Design_v3.md  (sha256 329d08514ab2)

[Messaging]
  INCLUDED         _index.md  (sha256 0068c2702d8b)
  INCLUDED         Messaging_Brief_v1.md  (sha256 c1687d821833)
  INCLUDED         Messaging_Decisions_v4.md  (sha256 c6a0f75cba95)
  INCLUDED         Messaging_Design_v4.md  (sha256 48b767e284b0)
  INCLUDED         Messaging_Standard_v4.md  (sha256 39a0045e2403)
  INCLUDED         Messaging_Tool_v4.md  (sha256 c0a40ad3383d)

[Orchestration]
  INCLUDED         AIDE_Orchestration_Decisions_v5.md  (sha256 98d336117a70)
  INCLUDED         AIDE_Orchestration_Design_v5.md  (sha256 5cb84235137a)
  INCLUDED         AIDE_Orchestration_UseCases_v2.md  (sha256 5d4ecab3a53d)

[Principles]
  INCLUDED         Principles_Decisions_v5.md  (sha256 33df0c86fba0)
  INCLUDED         Principles_Design_v5.md  (sha256 ba6e146bf1b7)
  INCLUDED         Principles_Standard_v2.md  (sha256 a2c5cf6f320d)

[Project Design]
  INCLUDED         _index.md  (sha256 589d24282970)
  INCLUDED         ProjectDesign_Decisions_v3.md  (sha256 61029b610785)
  INCLUDED         ProjectDesign_Design_v3.md  (sha256 845df7d3ba79)
  INCLUDED         ProjectDesign_Schema_Standard_v1.md  (sha256 23316ba5d013)
  INCLUDED         ProjectDesign_Standard_v4.md  (sha256 df3c448516ae)

[Standards]
  INCLUDED         _index.md  (sha256 3bd4678a60c0)
  INCLUDED         Standards_Authoring_Standard_v8.md  (sha256 e52f99825c80)
  INCLUDED         Standards_Consumption_Standard_v3.md  (sha256 b801499930ac)
  INCLUDED         Standards_Decisions_v4.md  (sha256 fcda250bc8aa)
  INCLUDED         Standards_Design_v3.md  (sha256 4a6a79a3a0f1)
  INCLUDED         Standards_Working_v1.md  (sha256 9677537477ab)

[Tools]
  INCLUDED         _index.md  (sha256 7bb05b130edc)
  INCLUDED         Tools_Authoring_Standard_v8.md  (sha256 d05452eddaa6)
  INCLUDED         Tools_Decisions_v7.md  (sha256 f83f2411202f)
  INCLUDED         Tools_Design_v6.md  (sha256 62b2eb15c979)

[Working Practices]
  INCLUDED         _index.md  (sha256 25410df7a086)
  INCLUDED         WP_Brief_v2.md  (sha256 844fa051dedb)
  INCLUDED         WP_Capture_Working_v1.md  (sha256 54171d4dea8b)
  INCLUDED         WP_ContentDelivery_Working_v1.md  (sha256 6b858ff04f50)
  INCLUDED         WP_Decisions_v4.md  (sha256 9957a8fb75f9)
  INCLUDED         WP_Design_v6.md  (sha256 da8923648608)
  INCLUDED         WP_Standard_v1.md  (sha256 e7f8876e277f)
  INCLUDED         WP_WorkManagement_Working_v1.md  (sha256 59a0bba2401c)

[Working Practices\Boards]
  INCLUDED         WP_Boards_Decisions_v1.md  (sha256 33320d50ac48)
  INCLUDED         WP_Boards_Design_v1.md  (sha256 13384c9edecf)

[Working Practices\FileOps]
  INCLUDED         WP_FileOps_Working_v1.md  (sha256 f2ffcdd7c76f)

[_binder]
  DELETED          AIDE_Documentation_Binder_v99.md
  WRITTEN          AIDE_Documentation_Binder_v100.md  (95 files, 1071641 bytes)

[_rebuild]
  INCLUDED         AIDE_Component_PurposeLines_v2.md  (sha256 b1836489f28b)
  INCLUDED         AIDE_Rebuild_Guide_v1.md  (sha256 01ceb45e507b)
  INCLUDED         AIDE_Rebuild_Overview_v1.md  (sha256 5a65c44f5991)
  INCLUDED         AIDE_Rebuild_SettledDecisions_v1.md  (sha256 33593102e982)
  INCLUDED         Assurance_Brief_Sketch_v2.md  (sha256 1c61ea8c6846)
  INCLUDED         Build_Input_Working_v1.md  (sha256 1bb3513464e6)
  INCLUDED         deployment_plugin_working_v1.md  (sha256 87c99a1e5bf3)
  INCLUDED         ProjectDesign_Decisions_Pending_v1.md  (sha256 647aacf4c1ad)
  INCLUDED         ProjectDesign_Design_Pending_v1.md  (sha256 587bc4c6165f)
  INCLUDED         ProjectDesign_StandardInputs_Pending_v1.md  (sha256 710b74bb0958)
  INCLUDED         ProjectDesign_WorkRegister_Pending_v1.md  (sha256 638ebbfb6eef)
  INCLUDED         WP_Check1_Assessment_v1.md  (sha256 dba57b98ffda)
  INCLUDED         WP_CoreCarries_v2.md  (sha256 2f3ab75ce434)
  SKIPPED          AIDE_DesignApproach_WIP_v1.md: matches exclude_files pattern "*_WIP_*"
  SKIPPED          AIDE_Rebuild_WIP_v24.md: matches exclude_files pattern "*_WIP_*"

------------------------------------------------------------------------
Result: 95 included, 6 skipped, 1 written, 1 deleted
========================================================================

========================================================================
binder builder   2026-09-17 13:53:07   LIVE
binder:   AIDE_Documentation
root:     C:\Users\david\dev\repos\DigitalBusiness-AIDE\Documentation
settings: C:\Users\david\dev\repos\DigitalBusiness-AIDE\Documentation\_aide\utilities\binder-builder\binder_builder_AIDE_Documentation_settings.json
include:  ~/_rebuild
folders collected from: 19
change detection: AIDE_Documentation_Binder_v101.md: 1 added, 1 removed, 1 changed (Core/Core_Design_v4.md, Core/Core_Design_v3.md, Core/Core_AIDEMap.md) - rebuilding
------------------------------------------------------------------------

[.]
  INCLUDED         AIDE_Orchestration_Investigation_Findings.md  (sha256 e7c281c19fb4)
  INCLUDED         AIDE_Solution_Map.md  (sha256 3c2294f7ae2b)
  SKIPPED          AIDE_Board.html: matches exclude_files pattern "*_Board.html"
  SKIPPED          AIDE_Documentation_WIP_v26.md: matches exclude_files pattern "*_WIP_*"
  SKIPPED          AIDE_Orchestration_WIP_v1.md: matches exclude_files pattern "*_WIP_*"

[Assurance]
  INCLUDED         _index.md  (sha256 fde4b0521828)
  INCLUDED         AIDE_Assurance_Cases_Working_v1.md  (sha256 2147d7d8e090)
  INCLUDED         Assurance_Decisions_v3.md  (sha256 da10aeeba9f4)
  INCLUDED         Assurance_Design_v3.md  (sha256 9590897a017b)

[Build]
  INCLUDED         Build_Brief_v2.md  (sha256 d81c18e8d122)
  INCLUDED         Build_Decisions_v4.md  (sha256 1af1c5250503)
  INCLUDED         Build_Design_v4.md  (sha256 a436dfd80ad6)
  INCLUDED         Build_Overview_v2.md  (sha256 4704378e1a10)

[Core]
  INCLUDED         _index.md  (sha256 8746bf38a3fa)
  INCLUDED         Core_AIDEMap.md  (sha256 5f8331b0988d)
  INCLUDED         Core_AIDEPrinciples_Decisions_v1.md  (sha256 655de3e64709)
  INCLUDED         Core_AIDEPrinciples_Design_v1.md  (sha256 60e20e8d0b9d)
  INCLUDED         Core_Brief_v2.md  (sha256 23d1f1d1f622)
  INCLUDED         Core_Charter_v1.md  (sha256 3e5f5332b783)
  INCLUDED         Core_Decisions_v1.md  (sha256 2545fa050c39)
  INCLUDED         Core_Design_v4.md  (sha256 bf0566c40a73)
  INCLUDED         Core_Schema_Standard_v3.md  (sha256 49c6de8da5bb)
  INCLUDED         Core_Structure_Decisions_v1.md  (sha256 2217f6768b89)
  INCLUDED         Core_Structure_Design_v1.md  (sha256 f464dc43de50)
  INCLUDED         Core_Tags_Working_v1.md  (sha256 ae6557378adf)

[Documentation Methodology]
  INCLUDED         _index.md  (sha256 c3441fd9e4b4)
  INCLUDED         DocMeth_Brief_v1.md  (sha256 60c5cf3f5d79)
  INCLUDED         DocMeth_Decisions_v7.md  (sha256 15daf15e27ef)
  INCLUDED         DocMeth_Design_v6.md  (sha256 8b5d6a24a5d7)
  INCLUDED         DocMeth_Working_v9.md  (sha256 952a2287d1d0)
  INCLUDED         DocumentationMethodology_SchemaAuthoring_Standard_v1.md  (sha256 37a837a65cb3)
  INCLUDED         DocumentationMethodology_SchemaDefinitions_Standard_v1.md  (sha256 8098d9714c57)
  INCLUDED         DocumentationMethodology_Standard_v1.md  (sha256 8301aa2a0395)

[Infrastructure]
  INCLUDED         _index.md  (sha256 fb736219786c)
  INCLUDED         AIDE_Infrastructure_MCPDeliveryModel_v2.md  (sha256 f3dc59b384b2)
  INCLUDED         Infrastructure_CLI_Decisions_v1.md  (sha256 7a16726b5162)
  INCLUDED         Infrastructure_CLI_Design_v1.md  (sha256 12e05744ff4a)
  INCLUDED         Infrastructure_Working_v1.md  (sha256 1d7a11e25a57)

[Infrastructure\binder-builder]
  INCLUDED         binder_builder_Documentation_settings.json  (sha256 b9b89306305b)
  INCLUDED         BinderBuilder_Design_v10.md  (sha256 07a3284570d1)
  INCLUDED         README.md  (sha256 9c905047ab5a)

[Infrastructure\file-update-package]
  INCLUDED         file_update_package_settings.json  (sha256 15617061295c)
  INCLUDED         FileUpdatePackage_Design_v2.md  (sha256 142b729606f8)
  INCLUDED         README.md  (sha256 747bc371ff85)

[Infrastructure\version-cleanup]
  INCLUDED         README.md  (sha256 307a43363adb)
  INCLUDED         version_cleanup_settings.json  (sha256 c17e9142e485)
  INCLUDED         VersionCleanup_Design_v3.md  (sha256 329d08514ab2)

[Messaging]
  INCLUDED         _index.md  (sha256 0068c2702d8b)
  INCLUDED         Messaging_Brief_v1.md  (sha256 c1687d821833)
  INCLUDED         Messaging_Decisions_v4.md  (sha256 c6a0f75cba95)
  INCLUDED         Messaging_Design_v4.md  (sha256 48b767e284b0)
  INCLUDED         Messaging_Standard_v4.md  (sha256 39a0045e2403)
  INCLUDED         Messaging_Tool_v4.md  (sha256 c0a40ad3383d)

[Orchestration]
  INCLUDED         AIDE_Orchestration_Decisions_v5.md  (sha256 98d336117a70)
  INCLUDED         AIDE_Orchestration_Design_v5.md  (sha256 5cb84235137a)
  INCLUDED         AIDE_Orchestration_UseCases_v2.md  (sha256 5d4ecab3a53d)

[Principles]
  INCLUDED         Principles_Decisions_v5.md  (sha256 33df0c86fba0)
  INCLUDED         Principles_Design_v5.md  (sha256 ba6e146bf1b7)
  INCLUDED         Principles_Standard_v2.md  (sha256 a2c5cf6f320d)

[Project Design]
  INCLUDED         _index.md  (sha256 589d24282970)
  INCLUDED         ProjectDesign_Decisions_v3.md  (sha256 61029b610785)
  INCLUDED         ProjectDesign_Design_v3.md  (sha256 845df7d3ba79)
  INCLUDED         ProjectDesign_Schema_Standard_v1.md  (sha256 23316ba5d013)
  INCLUDED         ProjectDesign_Standard_v4.md  (sha256 df3c448516ae)

[Standards]
  INCLUDED         _index.md  (sha256 3bd4678a60c0)
  INCLUDED         Standards_Authoring_Standard_v8.md  (sha256 e52f99825c80)
  INCLUDED         Standards_Consumption_Standard_v3.md  (sha256 b801499930ac)
  INCLUDED         Standards_Decisions_v4.md  (sha256 fcda250bc8aa)
  INCLUDED         Standards_Design_v3.md  (sha256 4a6a79a3a0f1)
  INCLUDED         Standards_Working_v1.md  (sha256 9677537477ab)

[Tools]
  INCLUDED         _index.md  (sha256 7bb05b130edc)
  INCLUDED         Tools_Authoring_Standard_v8.md  (sha256 d05452eddaa6)
  INCLUDED         Tools_Decisions_v7.md  (sha256 f83f2411202f)
  INCLUDED         Tools_Design_v6.md  (sha256 62b2eb15c979)

[Working Practices]
  INCLUDED         _index.md  (sha256 25410df7a086)
  INCLUDED         WP_Brief_v2.md  (sha256 844fa051dedb)
  INCLUDED         WP_Capture_Working_v1.md  (sha256 54171d4dea8b)
  INCLUDED         WP_ContentDelivery_Working_v1.md  (sha256 6b858ff04f50)
  INCLUDED         WP_Decisions_v4.md  (sha256 9957a8fb75f9)
  INCLUDED         WP_Design_v6.md  (sha256 da8923648608)
  INCLUDED         WP_Standard_v1.md  (sha256 e7f8876e277f)
  INCLUDED         WP_WorkManagement_Working_v1.md  (sha256 59a0bba2401c)

[Working Practices\Boards]
  INCLUDED         WP_Boards_Decisions_v1.md  (sha256 33320d50ac48)
  INCLUDED         WP_Boards_Design_v1.md  (sha256 13384c9edecf)

[Working Practices\FileOps]
  INCLUDED         WP_FileOps_Working_v1.md  (sha256 f2ffcdd7c76f)

[_binder]
  DELETED          AIDE_Documentation_Binder_v101.md
  WRITTEN          AIDE_Documentation_Binder_v102.md  (95 files, 1077720 bytes)

[_rebuild]
  INCLUDED         AIDE_Component_PurposeLines_v2.md  (sha256 b1836489f28b)
  INCLUDED         AIDE_Rebuild_Guide_v1.md  (sha256 01ceb45e507b)
  INCLUDED         AIDE_Rebuild_Overview_v1.md  (sha256 5a65c44f5991)
  INCLUDED         AIDE_Rebuild_SettledDecisions_v1.md  (sha256 33593102e982)
  INCLUDED         Assurance_Brief_Sketch_v2.md  (sha256 1c61ea8c6846)
  INCLUDED         Build_Input_Working_v1.md  (sha256 1bb3513464e6)
  INCLUDED         deployment_plugin_working_v1.md  (sha256 87c99a1e5bf3)
  INCLUDED         ProjectDesign_Decisions_Pending_v1.md  (sha256 647aacf4c1ad)
  INCLUDED         ProjectDesign_Design_Pending_v1.md  (sha256 587bc4c6165f)
  INCLUDED         ProjectDesign_StandardInputs_Pending_v1.md  (sha256 710b74bb0958)
  INCLUDED         ProjectDesign_WorkRegister_Pending_v1.md  (sha256 638ebbfb6eef)
  INCLUDED         WP_Check1_Assessment_v1.md  (sha256 dba57b98ffda)
  INCLUDED         WP_CoreCarries_v2.md  (sha256 2f3ab75ce434)
  SKIPPED          AIDE_DesignApproach_WIP_v1.md: matches exclude_files pattern "*_WIP_*"
  SKIPPED          AIDE_Rebuild_WIP_v24.md: matches exclude_files pattern "*_WIP_*"

------------------------------------------------------------------------
Result: 95 included, 5 skipped, 1 written, 1 deleted
========================================================================

========================================================================
binder builder   2026-09-17 13:56:12   LIVE
binder:   AIDE_Documentation
root:     C:\Users\david\dev\repos\DigitalBusiness-AIDE\Documentation
settings: C:\Users\david\dev\repos\DigitalBusiness-AIDE\Documentation\_aide\utilities\binder-builder\binder_builder_AIDE_Documentation_settings.json
include:  ~/_rebuild
folders collected from: 19
change detection: AIDE_Documentation_Binder_v102.md: 1 added, 1 changed (Assurance/Assurance_Standard_v1.md, Build/Build_Brief_v2.md) - rebuilding
------------------------------------------------------------------------

[.]
  INCLUDED         AIDE_Orchestration_Investigation_Findings.md  (sha256 e7c281c19fb4)
  INCLUDED         AIDE_Solution_Map.md  (sha256 3c2294f7ae2b)
  SKIPPED          AIDE_Board.html: matches exclude_files pattern "*_Board.html"
  SKIPPED          AIDE_Documentation_WIP_v26.md: matches exclude_files pattern "*_WIP_*"
  SKIPPED          AIDE_Orchestration_WIP_v1.md: matches exclude_files pattern "*_WIP_*"

[Assurance]
  INCLUDED         _index.md  (sha256 fde4b0521828)
  INCLUDED         AIDE_Assurance_Cases_Working_v1.md  (sha256 2147d7d8e090)
  INCLUDED         Assurance_Decisions_v3.md  (sha256 da10aeeba9f4)
  INCLUDED         Assurance_Design_v3.md  (sha256 9590897a017b)
  INCLUDED         Assurance_Standard_v1.md  (sha256 82253cd4d2c8)

[Build]
  INCLUDED         Build_Brief_v2.md  (sha256 b5ffc69ccba8)
  INCLUDED         Build_Decisions_v4.md  (sha256 1af1c5250503)
  INCLUDED         Build_Design_v4.md  (sha256 a436dfd80ad6)
  INCLUDED         Build_Overview_v2.md  (sha256 4704378e1a10)

[Core]
  INCLUDED         _index.md  (sha256 8746bf38a3fa)
  INCLUDED         Core_AIDEMap.md  (sha256 5f8331b0988d)
  INCLUDED         Core_AIDEPrinciples_Decisions_v1.md  (sha256 655de3e64709)
  INCLUDED         Core_AIDEPrinciples_Design_v1.md  (sha256 60e20e8d0b9d)
  INCLUDED         Core_Brief_v2.md  (sha256 23d1f1d1f622)
  INCLUDED         Core_Charter_v1.md  (sha256 3e5f5332b783)
  INCLUDED         Core_Decisions_v1.md  (sha256 2545fa050c39)
  INCLUDED         Core_Design_v4.md  (sha256 bf0566c40a73)
  INCLUDED         Core_Schema_Standard_v3.md  (sha256 49c6de8da5bb)
  INCLUDED         Core_Structure_Decisions_v1.md  (sha256 2217f6768b89)
  INCLUDED         Core_Structure_Design_v1.md  (sha256 f464dc43de50)
  INCLUDED         Core_Tags_Working_v1.md  (sha256 ae6557378adf)

[Documentation Methodology]
  INCLUDED         _index.md  (sha256 c3441fd9e4b4)
  INCLUDED         DocMeth_Brief_v1.md  (sha256 60c5cf3f5d79)
  INCLUDED         DocMeth_Decisions_v7.md  (sha256 15daf15e27ef)
  INCLUDED         DocMeth_Design_v6.md  (sha256 8b5d6a24a5d7)
  INCLUDED         DocMeth_Working_v9.md  (sha256 952a2287d1d0)
  INCLUDED         DocumentationMethodology_SchemaAuthoring_Standard_v1.md  (sha256 37a837a65cb3)
  INCLUDED         DocumentationMethodology_SchemaDefinitions_Standard_v1.md  (sha256 8098d9714c57)
  INCLUDED         DocumentationMethodology_Standard_v1.md  (sha256 8301aa2a0395)

[Infrastructure]
  INCLUDED         _index.md  (sha256 fb736219786c)
  INCLUDED         AIDE_Infrastructure_MCPDeliveryModel_v2.md  (sha256 f3dc59b384b2)
  INCLUDED         Infrastructure_CLI_Decisions_v1.md  (sha256 7a16726b5162)
  INCLUDED         Infrastructure_CLI_Design_v1.md  (sha256 12e05744ff4a)
  INCLUDED         Infrastructure_Working_v1.md  (sha256 1d7a11e25a57)

[Infrastructure\binder-builder]
  INCLUDED         binder_builder_Documentation_settings.json  (sha256 b9b89306305b)
  INCLUDED         BinderBuilder_Design_v10.md  (sha256 07a3284570d1)
  INCLUDED         README.md  (sha256 9c905047ab5a)

[Infrastructure\file-update-package]
  INCLUDED         file_update_package_settings.json  (sha256 15617061295c)
  INCLUDED         FileUpdatePackage_Design_v2.md  (sha256 142b729606f8)
  INCLUDED         README.md  (sha256 747bc371ff85)

[Infrastructure\version-cleanup]
  INCLUDED         README.md  (sha256 307a43363adb)
  INCLUDED         version_cleanup_settings.json  (sha256 c17e9142e485)
  INCLUDED         VersionCleanup_Design_v3.md  (sha256 329d08514ab2)

[Messaging]
  INCLUDED         _index.md  (sha256 0068c2702d8b)
  INCLUDED         Messaging_Brief_v1.md  (sha256 c1687d821833)
  INCLUDED         Messaging_Decisions_v4.md  (sha256 c6a0f75cba95)
  INCLUDED         Messaging_Design_v4.md  (sha256 48b767e284b0)
  INCLUDED         Messaging_Standard_v4.md  (sha256 39a0045e2403)
  INCLUDED         Messaging_Tool_v4.md  (sha256 c0a40ad3383d)

[Orchestration]
  INCLUDED         AIDE_Orchestration_Decisions_v5.md  (sha256 98d336117a70)
  INCLUDED         AIDE_Orchestration_Design_v5.md  (sha256 5cb84235137a)
  INCLUDED         AIDE_Orchestration_UseCases_v2.md  (sha256 5d4ecab3a53d)

[Principles]
  INCLUDED         Principles_Decisions_v5.md  (sha256 33df0c86fba0)
  INCLUDED         Principles_Design_v5.md  (sha256 ba6e146bf1b7)
  INCLUDED         Principles_Standard_v2.md  (sha256 a2c5cf6f320d)

[Project Design]
  INCLUDED         _index.md  (sha256 589d24282970)
  INCLUDED         ProjectDesign_Decisions_v3.md  (sha256 61029b610785)
  INCLUDED         ProjectDesign_Design_v3.md  (sha256 845df7d3ba79)
  INCLUDED         ProjectDesign_Schema_Standard_v1.md  (sha256 23316ba5d013)
  INCLUDED         ProjectDesign_Standard_v4.md  (sha256 df3c448516ae)

[Standards]
  INCLUDED         _index.md  (sha256 3bd4678a60c0)
  INCLUDED         Standards_Authoring_Standard_v8.md  (sha256 e52f99825c80)
  INCLUDED         Standards_Consumption_Standard_v3.md  (sha256 b801499930ac)
  INCLUDED         Standards_Decisions_v4.md  (sha256 fcda250bc8aa)
  INCLUDED         Standards_Design_v3.md  (sha256 4a6a79a3a0f1)
  INCLUDED         Standards_Working_v1.md  (sha256 9677537477ab)

[Tools]
  INCLUDED         _index.md  (sha256 7bb05b130edc)
  INCLUDED         Tools_Authoring_Standard_v8.md  (sha256 d05452eddaa6)
  INCLUDED         Tools_Decisions_v7.md  (sha256 f83f2411202f)
  INCLUDED         Tools_Design_v6.md  (sha256 62b2eb15c979)

[Working Practices]
  INCLUDED         _index.md  (sha256 25410df7a086)
  INCLUDED         WP_Brief_v2.md  (sha256 844fa051dedb)
  INCLUDED         WP_Capture_Working_v1.md  (sha256 54171d4dea8b)
  INCLUDED         WP_ContentDelivery_Working_v1.md  (sha256 6b858ff04f50)
  INCLUDED         WP_Decisions_v4.md  (sha256 9957a8fb75f9)
  INCLUDED         WP_Design_v6.md  (sha256 da8923648608)
  INCLUDED         WP_Standard_v1.md  (sha256 e7f8876e277f)
  INCLUDED         WP_WorkManagement_Working_v1.md  (sha256 59a0bba2401c)

[Working Practices\Boards]
  INCLUDED         WP_Boards_Decisions_v1.md  (sha256 33320d50ac48)
  INCLUDED         WP_Boards_Design_v1.md  (sha256 13384c9edecf)

[Working Practices\FileOps]
  INCLUDED         WP_FileOps_Working_v1.md  (sha256 f2ffcdd7c76f)

[_binder]
  DELETED          AIDE_Documentation_Binder_v102.md
  WRITTEN          AIDE_Documentation_Binder_v103.md  (96 files, 1086265 bytes)

[_rebuild]
  INCLUDED         AIDE_Component_PurposeLines_v2.md  (sha256 b1836489f28b)
  INCLUDED         AIDE_Rebuild_Guide_v1.md  (sha256 01ceb45e507b)
  INCLUDED         AIDE_Rebuild_Overview_v1.md  (sha256 5a65c44f5991)
  INCLUDED         AIDE_Rebuild_SettledDecisions_v1.md  (sha256 33593102e982)
  INCLUDED         Assurance_Brief_Sketch_v2.md  (sha256 1c61ea8c6846)
  INCLUDED         Build_Input_Working_v1.md  (sha256 1bb3513464e6)
  INCLUDED         deployment_plugin_working_v1.md  (sha256 87c99a1e5bf3)
  INCLUDED         ProjectDesign_Decisions_Pending_v1.md  (sha256 647aacf4c1ad)
  INCLUDED         ProjectDesign_Design_Pending_v1.md  (sha256 587bc4c6165f)
  INCLUDED         ProjectDesign_StandardInputs_Pending_v1.md  (sha256 710b74bb0958)
  INCLUDED         ProjectDesign_WorkRegister_Pending_v1.md  (sha256 638ebbfb6eef)
  INCLUDED         WP_Check1_Assessment_v1.md  (sha256 dba57b98ffda)
  INCLUDED         WP_CoreCarries_v2.md  (sha256 2f3ab75ce434)
  SKIPPED          AIDE_DesignApproach_WIP_v1.md: matches exclude_files pattern "*_WIP_*"
  SKIPPED          AIDE_Rebuild_WIP_v24.md: matches exclude_files pattern "*_WIP_*"

------------------------------------------------------------------------
Result: 96 included, 5 skipped, 1 written, 1 deleted
========================================================================

========================================================================
binder builder   2026-09-17 14:03:21   LIVE
binder:   AIDE_Documentation
root:     C:\Users\david\dev\repos\DigitalBusiness-AIDE\Documentation
settings: C:\Users\david\dev\repos\DigitalBusiness-AIDE\Documentation\_aide\utilities\binder-builder\binder_builder_AIDE_Documentation_settings.json
include:  ~/_rebuild
folders collected from: 19
change detection: AIDE_Documentation_Binder_v103.md: 4 added, 4 removed (Build/Build_Brief_v3.md, Build/Build_Decisions_v5.md, Build/Build_Design_v5.md, and 5 more) - rebuilding
------------------------------------------------------------------------

[.]
  INCLUDED         AIDE_Orchestration_Investigation_Findings.md  (sha256 e7c281c19fb4)
  INCLUDED         AIDE_Solution_Map.md  (sha256 3c2294f7ae2b)
  SKIPPED          AIDE_Board.html: matches exclude_files pattern "*_Board.html"
  SKIPPED          AIDE_Documentation_WIP_v26.md: matches exclude_files pattern "*_WIP_*"
  SKIPPED          AIDE_Orchestration_WIP_v1.md: matches exclude_files pattern "*_WIP_*"

[Assurance]
  INCLUDED         _index.md  (sha256 fde4b0521828)
  INCLUDED         AIDE_Assurance_Cases_Working_v1.md  (sha256 2147d7d8e090)
  INCLUDED         Assurance_Decisions_v3.md  (sha256 da10aeeba9f4)
  INCLUDED         Assurance_Design_v3.md  (sha256 9590897a017b)
  INCLUDED         Assurance_Standard_v1.md  (sha256 82253cd4d2c8)

[Build]
  INCLUDED         Build_Brief_v3.md  (sha256 b5ffc69ccba8)
  INCLUDED         Build_Decisions_v5.md  (sha256 3452c2547149)
  INCLUDED         Build_Design_v5.md  (sha256 8de1f496eeb7)
  INCLUDED         Build_Overview_v3.md  (sha256 f01c73137a47)

[Core]
  INCLUDED         _index.md  (sha256 8746bf38a3fa)
  INCLUDED         Core_AIDEMap.md  (sha256 5f8331b0988d)
  INCLUDED         Core_AIDEPrinciples_Decisions_v1.md  (sha256 655de3e64709)
  INCLUDED         Core_AIDEPrinciples_Design_v1.md  (sha256 60e20e8d0b9d)
  INCLUDED         Core_Brief_v2.md  (sha256 23d1f1d1f622)
  INCLUDED         Core_Charter_v1.md  (sha256 3e5f5332b783)
  INCLUDED         Core_Decisions_v1.md  (sha256 2545fa050c39)
  INCLUDED         Core_Design_v4.md  (sha256 bf0566c40a73)
  INCLUDED         Core_Schema_Standard_v3.md  (sha256 49c6de8da5bb)
  INCLUDED         Core_Structure_Decisions_v1.md  (sha256 2217f6768b89)
  INCLUDED         Core_Structure_Design_v1.md  (sha256 f464dc43de50)
  INCLUDED         Core_Tags_Working_v1.md  (sha256 ae6557378adf)

[Documentation Methodology]
  INCLUDED         _index.md  (sha256 c3441fd9e4b4)
  INCLUDED         DocMeth_Brief_v1.md  (sha256 60c5cf3f5d79)
  INCLUDED         DocMeth_Decisions_v7.md  (sha256 15daf15e27ef)
  INCLUDED         DocMeth_Design_v6.md  (sha256 8b5d6a24a5d7)
  INCLUDED         DocMeth_Working_v9.md  (sha256 952a2287d1d0)
  INCLUDED         DocumentationMethodology_SchemaAuthoring_Standard_v1.md  (sha256 37a837a65cb3)
  INCLUDED         DocumentationMethodology_SchemaDefinitions_Standard_v1.md  (sha256 8098d9714c57)
  INCLUDED         DocumentationMethodology_Standard_v1.md  (sha256 8301aa2a0395)

[Infrastructure]
  INCLUDED         _index.md  (sha256 fb736219786c)
  INCLUDED         AIDE_Infrastructure_MCPDeliveryModel_v2.md  (sha256 f3dc59b384b2)
  INCLUDED         Infrastructure_CLI_Decisions_v1.md  (sha256 7a16726b5162)
  INCLUDED         Infrastructure_CLI_Design_v1.md  (sha256 12e05744ff4a)
  INCLUDED         Infrastructure_Working_v1.md  (sha256 1d7a11e25a57)

[Infrastructure\binder-builder]
  INCLUDED         binder_builder_Documentation_settings.json  (sha256 b9b89306305b)
  INCLUDED         BinderBuilder_Design_v10.md  (sha256 07a3284570d1)
  INCLUDED         README.md  (sha256 9c905047ab5a)

[Infrastructure\file-update-package]
  INCLUDED         file_update_package_settings.json  (sha256 15617061295c)
  INCLUDED         FileUpdatePackage_Design_v2.md  (sha256 142b729606f8)
  INCLUDED         README.md  (sha256 747bc371ff85)

[Infrastructure\version-cleanup]
  INCLUDED         README.md  (sha256 307a43363adb)
  INCLUDED         version_cleanup_settings.json  (sha256 c17e9142e485)
  INCLUDED         VersionCleanup_Design_v3.md  (sha256 329d08514ab2)

[Messaging]
  INCLUDED         _index.md  (sha256 0068c2702d8b)
  INCLUDED         Messaging_Brief_v1.md  (sha256 c1687d821833)
  INCLUDED         Messaging_Decisions_v4.md  (sha256 c6a0f75cba95)
  INCLUDED         Messaging_Design_v4.md  (sha256 48b767e284b0)
  INCLUDED         Messaging_Standard_v4.md  (sha256 39a0045e2403)
  INCLUDED         Messaging_Tool_v4.md  (sha256 c0a40ad3383d)

[Orchestration]
  INCLUDED         AIDE_Orchestration_Decisions_v5.md  (sha256 98d336117a70)
  INCLUDED         AIDE_Orchestration_Design_v5.md  (sha256 5cb84235137a)
  INCLUDED         AIDE_Orchestration_UseCases_v2.md  (sha256 5d4ecab3a53d)

[Principles]
  INCLUDED         Principles_Decisions_v5.md  (sha256 33df0c86fba0)
  INCLUDED         Principles_Design_v5.md  (sha256 ba6e146bf1b7)
  INCLUDED         Principles_Standard_v2.md  (sha256 a2c5cf6f320d)

[Project Design]
  INCLUDED         _index.md  (sha256 589d24282970)
  INCLUDED         ProjectDesign_Decisions_v3.md  (sha256 61029b610785)
  INCLUDED         ProjectDesign_Design_v3.md  (sha256 845df7d3ba79)
  INCLUDED         ProjectDesign_Schema_Standard_v1.md  (sha256 23316ba5d013)
  INCLUDED         ProjectDesign_Standard_v4.md  (sha256 df3c448516ae)

[Standards]
  INCLUDED         _index.md  (sha256 3bd4678a60c0)
  INCLUDED         Standards_Authoring_Standard_v8.md  (sha256 e52f99825c80)
  INCLUDED         Standards_Consumption_Standard_v3.md  (sha256 b801499930ac)
  INCLUDED         Standards_Decisions_v4.md  (sha256 fcda250bc8aa)
  INCLUDED         Standards_Design_v3.md  (sha256 4a6a79a3a0f1)
  INCLUDED         Standards_Working_v1.md  (sha256 9677537477ab)

[Tools]
  INCLUDED         _index.md  (sha256 7bb05b130edc)
  INCLUDED         Tools_Authoring_Standard_v8.md  (sha256 d05452eddaa6)
  INCLUDED         Tools_Decisions_v7.md  (sha256 f83f2411202f)
  INCLUDED         Tools_Design_v6.md  (sha256 62b2eb15c979)

[Working Practices]
  INCLUDED         _index.md  (sha256 25410df7a086)
  INCLUDED         WP_Brief_v2.md  (sha256 844fa051dedb)
  INCLUDED         WP_Capture_Working_v1.md  (sha256 54171d4dea8b)
  INCLUDED         WP_ContentDelivery_Working_v1.md  (sha256 6b858ff04f50)
  INCLUDED         WP_Decisions_v4.md  (sha256 9957a8fb75f9)
  INCLUDED         WP_Design_v6.md  (sha256 da8923648608)
  INCLUDED         WP_Standard_v1.md  (sha256 e7f8876e277f)
  INCLUDED         WP_WorkManagement_Working_v1.md  (sha256 59a0bba2401c)

[Working Practices\Boards]
  INCLUDED         WP_Boards_Decisions_v1.md  (sha256 33320d50ac48)
  INCLUDED         WP_Boards_Design_v1.md  (sha256 13384c9edecf)

[Working Practices\FileOps]
  INCLUDED         WP_FileOps_Working_v1.md  (sha256 f2ffcdd7c76f)

[_binder]
  DELETED          AIDE_Documentation_Binder_v103.md
  WRITTEN          AIDE_Documentation_Binder_v104.md  (96 files, 1089209 bytes)

[_rebuild]
  INCLUDED         AIDE_Component_PurposeLines_v2.md  (sha256 b1836489f28b)
  INCLUDED         AIDE_Rebuild_Guide_v1.md  (sha256 01ceb45e507b)
  INCLUDED         AIDE_Rebuild_Overview_v1.md  (sha256 5a65c44f5991)
  INCLUDED         AIDE_Rebuild_SettledDecisions_v1.md  (sha256 33593102e982)
  INCLUDED         Assurance_Brief_Sketch_v2.md  (sha256 1c61ea8c6846)
  INCLUDED         Build_Input_Working_v1.md  (sha256 1bb3513464e6)
  INCLUDED         deployment_plugin_working_v1.md  (sha256 87c99a1e5bf3)
  INCLUDED         ProjectDesign_Decisions_Pending_v1.md  (sha256 647aacf4c1ad)
  INCLUDED         ProjectDesign_Design_Pending_v1.md  (sha256 587bc4c6165f)
  INCLUDED         ProjectDesign_StandardInputs_Pending_v1.md  (sha256 710b74bb0958)
  INCLUDED         ProjectDesign_WorkRegister_Pending_v1.md  (sha256 638ebbfb6eef)
  INCLUDED         WP_Check1_Assessment_v1.md  (sha256 dba57b98ffda)
  INCLUDED         WP_CoreCarries_v2.md  (sha256 2f3ab75ce434)
  SKIPPED          AIDE_DesignApproach_WIP_v1.md: matches exclude_files pattern "*_WIP_*"
  SKIPPED          AIDE_Rebuild_WIP_v24.md: matches exclude_files pattern "*_WIP_*"

------------------------------------------------------------------------
Result: 96 included, 5 skipped, 1 written, 1 deleted
========================================================================

========================================================================
binder builder   2026-09-17 14:13:23   LIVE
binder:   AIDE_Documentation
root:     C:\Users\david\dev\repos\DigitalBusiness-AIDE\Documentation
settings: C:\Users\david\dev\repos\DigitalBusiness-AIDE\Documentation\_aide\utilities\binder-builder\binder_builder_AIDE_Documentation_settings.json
include:  ~/_rebuild
folders collected from: 19
change detection: AIDE_Documentation_Binder_v104.md: 4 added, 4 removed, 1 changed (Build/Build_Brief_v4.md, Build/Build_Decisions_v6.md, Build/Build_Design_v6.md, and 6 more) - rebuilding
------------------------------------------------------------------------

[.]
  INCLUDED         AIDE_Orchestration_Investigation_Findings.md  (sha256 e7c281c19fb4)
  INCLUDED         AIDE_Solution_Map.md  (sha256 3c2294f7ae2b)
  SKIPPED          AIDE_Board.html: matches exclude_files pattern "*_Board.html"
  SKIPPED          AIDE_Documentation_WIP_v26.md: matches exclude_files pattern "*_WIP_*"
  SKIPPED          AIDE_Orchestration_WIP_v1.md: matches exclude_files pattern "*_WIP_*"

[Assurance]
  INCLUDED         _index.md  (sha256 036e50d7163a)
  INCLUDED         AIDE_Assurance_Cases_Working_v1.md  (sha256 2147d7d8e090)
  INCLUDED         Assurance_Decisions_v3.md  (sha256 da10aeeba9f4)
  INCLUDED         Assurance_Design_v3.md  (sha256 9590897a017b)
  INCLUDED         Assurance_Standard_v1.md  (sha256 82253cd4d2c8)

[Build]
  INCLUDED         Build_Brief_v4.md  (sha256 d9717a0475c0)
  INCLUDED         Build_Decisions_v6.md  (sha256 cb5e227983ba)
  INCLUDED         Build_Design_v6.md  (sha256 ed70ee73444d)
  INCLUDED         Build_Overview_v4.md  (sha256 7645edc0f7a3)

[Core]
  INCLUDED         _index.md  (sha256 8746bf38a3fa)
  INCLUDED         Core_AIDEMap.md  (sha256 5f8331b0988d)
  INCLUDED         Core_AIDEPrinciples_Decisions_v1.md  (sha256 655de3e64709)
  INCLUDED         Core_AIDEPrinciples_Design_v1.md  (sha256 60e20e8d0b9d)
  INCLUDED         Core_Brief_v2.md  (sha256 23d1f1d1f622)
  INCLUDED         Core_Charter_v1.md  (sha256 3e5f5332b783)
  INCLUDED         Core_Decisions_v1.md  (sha256 2545fa050c39)
  INCLUDED         Core_Design_v4.md  (sha256 bf0566c40a73)
  INCLUDED         Core_Schema_Standard_v3.md  (sha256 49c6de8da5bb)
  INCLUDED         Core_Structure_Decisions_v1.md  (sha256 2217f6768b89)
  INCLUDED         Core_Structure_Design_v1.md  (sha256 f464dc43de50)
  INCLUDED         Core_Tags_Working_v1.md  (sha256 ae6557378adf)

[Documentation Methodology]
  INCLUDED         _index.md  (sha256 c3441fd9e4b4)
  INCLUDED         DocMeth_Brief_v1.md  (sha256 60c5cf3f5d79)
  INCLUDED         DocMeth_Decisions_v7.md  (sha256 15daf15e27ef)
  INCLUDED         DocMeth_Design_v6.md  (sha256 8b5d6a24a5d7)
  INCLUDED         DocMeth_Working_v9.md  (sha256 952a2287d1d0)
  INCLUDED         DocumentationMethodology_SchemaAuthoring_Standard_v1.md  (sha256 37a837a65cb3)
  INCLUDED         DocumentationMethodology_SchemaDefinitions_Standard_v1.md  (sha256 8098d9714c57)
  INCLUDED         DocumentationMethodology_Standard_v1.md  (sha256 8301aa2a0395)

[Infrastructure]
  INCLUDED         _index.md  (sha256 fb736219786c)
  INCLUDED         AIDE_Infrastructure_MCPDeliveryModel_v2.md  (sha256 f3dc59b384b2)
  INCLUDED         Infrastructure_CLI_Decisions_v1.md  (sha256 7a16726b5162)
  INCLUDED         Infrastructure_CLI_Design_v1.md  (sha256 12e05744ff4a)
  INCLUDED         Infrastructure_Working_v1.md  (sha256 1d7a11e25a57)

[Infrastructure\binder-builder]
  INCLUDED         binder_builder_Documentation_settings.json  (sha256 b9b89306305b)
  INCLUDED         BinderBuilder_Design_v10.md  (sha256 07a3284570d1)
  INCLUDED         README.md  (sha256 9c905047ab5a)

[Infrastructure\file-update-package]
  INCLUDED         file_update_package_settings.json  (sha256 15617061295c)
  INCLUDED         FileUpdatePackage_Design_v2.md  (sha256 142b729606f8)
  INCLUDED         README.md  (sha256 747bc371ff85)

[Infrastructure\version-cleanup]
  INCLUDED         README.md  (sha256 307a43363adb)
  INCLUDED         version_cleanup_settings.json  (sha256 c17e9142e485)
  INCLUDED         VersionCleanup_Design_v3.md  (sha256 329d08514ab2)

[Messaging]
  INCLUDED         _index.md  (sha256 0068c2702d8b)
  INCLUDED         Messaging_Brief_v1.md  (sha256 c1687d821833)
  INCLUDED         Messaging_Decisions_v4.md  (sha256 c6a0f75cba95)
  INCLUDED         Messaging_Design_v4.md  (sha256 48b767e284b0)
  INCLUDED         Messaging_Standard_v4.md  (sha256 39a0045e2403)
  INCLUDED         Messaging_Tool_v4.md  (sha256 c0a40ad3383d)

[Orchestration]
  INCLUDED         AIDE_Orchestration_Decisions_v5.md  (sha256 98d336117a70)
  INCLUDED         AIDE_Orchestration_Design_v5.md  (sha256 5cb84235137a)
  INCLUDED         AIDE_Orchestration_UseCases_v2.md  (sha256 5d4ecab3a53d)

[Principles]
  INCLUDED         Principles_Decisions_v5.md  (sha256 33df0c86fba0)
  INCLUDED         Principles_Design_v5.md  (sha256 ba6e146bf1b7)
  INCLUDED         Principles_Standard_v2.md  (sha256 a2c5cf6f320d)

[Project Design]
  INCLUDED         _index.md  (sha256 589d24282970)
  INCLUDED         ProjectDesign_Decisions_v3.md  (sha256 61029b610785)
  INCLUDED         ProjectDesign_Design_v3.md  (sha256 845df7d3ba79)
  INCLUDED         ProjectDesign_Schema_Standard_v1.md  (sha256 23316ba5d013)
  INCLUDED         ProjectDesign_Standard_v4.md  (sha256 df3c448516ae)

[Standards]
  INCLUDED         _index.md  (sha256 3bd4678a60c0)
  INCLUDED         Standards_Authoring_Standard_v8.md  (sha256 e52f99825c80)
  INCLUDED         Standards_Consumption_Standard_v3.md  (sha256 b801499930ac)
  INCLUDED         Standards_Decisions_v4.md  (sha256 fcda250bc8aa)
  INCLUDED         Standards_Design_v3.md  (sha256 4a6a79a3a0f1)
  INCLUDED         Standards_Working_v1.md  (sha256 9677537477ab)

[Tools]
  INCLUDED         _index.md  (sha256 7bb05b130edc)
  INCLUDED         Tools_Authoring_Standard_v8.md  (sha256 d05452eddaa6)
  INCLUDED         Tools_Decisions_v7.md  (sha256 f83f2411202f)
  INCLUDED         Tools_Design_v6.md  (sha256 62b2eb15c979)

[Working Practices]
  INCLUDED         _index.md  (sha256 25410df7a086)
  INCLUDED         WP_Brief_v2.md  (sha256 844fa051dedb)
  INCLUDED         WP_Capture_Working_v1.md  (sha256 54171d4dea8b)
  INCLUDED         WP_ContentDelivery_Working_v1.md  (sha256 6b858ff04f50)
  INCLUDED         WP_Decisions_v4.md  (sha256 9957a8fb75f9)
  INCLUDED         WP_Design_v6.md  (sha256 da8923648608)
  INCLUDED         WP_Standard_v1.md  (sha256 e7f8876e277f)
  INCLUDED         WP_WorkManagement_Working_v1.md  (sha256 59a0bba2401c)

[Working Practices\Boards]
  INCLUDED         WP_Boards_Decisions_v1.md  (sha256 33320d50ac48)
  INCLUDED         WP_Boards_Design_v1.md  (sha256 13384c9edecf)

[Working Practices\FileOps]
  INCLUDED         WP_FileOps_Working_v1.md  (sha256 f2ffcdd7c76f)

[_binder]
  DELETED          AIDE_Documentation_Binder_v104.md
  WRITTEN          AIDE_Documentation_Binder_v105.md  (96 files, 1090394 bytes)

[_rebuild]
  INCLUDED         AIDE_Component_PurposeLines_v2.md  (sha256 b1836489f28b)
  INCLUDED         AIDE_Rebuild_Guide_v1.md  (sha256 01ceb45e507b)
  INCLUDED         AIDE_Rebuild_Overview_v1.md  (sha256 5a65c44f5991)
  INCLUDED         AIDE_Rebuild_SettledDecisions_v1.md  (sha256 33593102e982)
  INCLUDED         Assurance_Brief_Sketch_v2.md  (sha256 1c61ea8c6846)
  INCLUDED         Build_Input_Working_v1.md  (sha256 1bb3513464e6)
  INCLUDED         deployment_plugin_working_v1.md  (sha256 87c99a1e5bf3)
  INCLUDED         ProjectDesign_Decisions_Pending_v1.md  (sha256 647aacf4c1ad)
  INCLUDED         ProjectDesign_Design_Pending_v1.md  (sha256 587bc4c6165f)
  INCLUDED         ProjectDesign_StandardInputs_Pending_v1.md  (sha256 710b74bb0958)
  INCLUDED         ProjectDesign_WorkRegister_Pending_v1.md  (sha256 638ebbfb6eef)
  INCLUDED         WP_Check1_Assessment_v1.md  (sha256 dba57b98ffda)
  INCLUDED         WP_CoreCarries_v2.md  (sha256 2f3ab75ce434)
  SKIPPED          AIDE_DesignApproach_WIP_v1.md: matches exclude_files pattern "*_WIP_*"
  SKIPPED          AIDE_Rebuild_WIP_v24.md: matches exclude_files pattern "*_WIP_*"

------------------------------------------------------------------------
Result: 96 included, 5 skipped, 1 written, 1 deleted
========================================================================

========================================================================
binder builder   2026-09-17 14:18:11   LIVE
binder:   AIDE_Documentation
root:     C:\Users\david\dev\repos\DigitalBusiness-AIDE\Documentation
settings: C:\Users\david\dev\repos\DigitalBusiness-AIDE\Documentation\_aide\utilities\binder-builder\binder_builder_AIDE_Documentation_settings.json
include:  ~/_rebuild
folders collected from: 19
change detection: AIDE_Documentation_Binder_v105.md: 3 added, 3 removed (Build/Build_Decisions_v7.md, Build/Build_Design_v7.md, Build/Build_Overview_v5.md, and 3 more) - rebuilding
------------------------------------------------------------------------

[.]
  INCLUDED         AIDE_Orchestration_Investigation_Findings.md  (sha256 e7c281c19fb4)
  INCLUDED         AIDE_Solution_Map.md  (sha256 3c2294f7ae2b)
  SKIPPED          AIDE_Board.html: matches exclude_files pattern "*_Board.html"
  SKIPPED          AIDE_Documentation_WIP_v26.md: matches exclude_files pattern "*_WIP_*"
  SKIPPED          AIDE_Orchestration_WIP_v1.md: matches exclude_files pattern "*_WIP_*"

[Assurance]
  INCLUDED         _index.md  (sha256 036e50d7163a)
  INCLUDED         AIDE_Assurance_Cases_Working_v1.md  (sha256 2147d7d8e090)
  INCLUDED         Assurance_Decisions_v3.md  (sha256 da10aeeba9f4)
  INCLUDED         Assurance_Design_v3.md  (sha256 9590897a017b)
  INCLUDED         Assurance_Standard_v1.md  (sha256 82253cd4d2c8)

[Build]
  INCLUDED         Build_Brief_v4.md  (sha256 d9717a0475c0)
  INCLUDED         Build_Decisions_v7.md  (sha256 c072a2506d82)
  INCLUDED         Build_Design_v7.md  (sha256 86e26cc8c35d)
  INCLUDED         Build_Overview_v5.md  (sha256 6a8c2b7f2bea)

[Core]
  INCLUDED         _index.md  (sha256 8746bf38a3fa)
  INCLUDED         Core_AIDEMap.md  (sha256 5f8331b0988d)
  INCLUDED         Core_AIDEPrinciples_Decisions_v1.md  (sha256 655de3e64709)
  INCLUDED         Core_AIDEPrinciples_Design_v1.md  (sha256 60e20e8d0b9d)
  INCLUDED         Core_Brief_v2.md  (sha256 23d1f1d1f622)
  INCLUDED         Core_Charter_v1.md  (sha256 3e5f5332b783)
  INCLUDED         Core_Decisions_v1.md  (sha256 2545fa050c39)
  INCLUDED         Core_Design_v4.md  (sha256 bf0566c40a73)
  INCLUDED         Core_Schema_Standard_v3.md  (sha256 49c6de8da5bb)
  INCLUDED         Core_Structure_Decisions_v1.md  (sha256 2217f6768b89)
  INCLUDED         Core_Structure_Design_v1.md  (sha256 f464dc43de50)
  INCLUDED         Core_Tags_Working_v1.md  (sha256 ae6557378adf)

[Documentation Methodology]
  INCLUDED         _index.md  (sha256 c3441fd9e4b4)
  INCLUDED         DocMeth_Brief_v1.md  (sha256 60c5cf3f5d79)
  INCLUDED         DocMeth_Decisions_v7.md  (sha256 15daf15e27ef)
  INCLUDED         DocMeth_Design_v6.md  (sha256 8b5d6a24a5d7)
  INCLUDED         DocMeth_Working_v9.md  (sha256 952a2287d1d0)
  INCLUDED         DocumentationMethodology_SchemaAuthoring_Standard_v1.md  (sha256 37a837a65cb3)
  INCLUDED         DocumentationMethodology_SchemaDefinitions_Standard_v1.md  (sha256 8098d9714c57)
  INCLUDED         DocumentationMethodology_Standard_v1.md  (sha256 8301aa2a0395)

[Infrastructure]
  INCLUDED         _index.md  (sha256 fb736219786c)
  INCLUDED         AIDE_Infrastructure_MCPDeliveryModel_v2.md  (sha256 f3dc59b384b2)
  INCLUDED         Infrastructure_CLI_Decisions_v1.md  (sha256 7a16726b5162)
  INCLUDED         Infrastructure_CLI_Design_v1.md  (sha256 12e05744ff4a)
  INCLUDED         Infrastructure_Working_v1.md  (sha256 1d7a11e25a57)

[Infrastructure\binder-builder]
  INCLUDED         binder_builder_Documentation_settings.json  (sha256 b9b89306305b)
  INCLUDED         BinderBuilder_Design_v10.md  (sha256 07a3284570d1)
  INCLUDED         README.md  (sha256 9c905047ab5a)

[Infrastructure\file-update-package]
  INCLUDED         file_update_package_settings.json  (sha256 15617061295c)
  INCLUDED         FileUpdatePackage_Design_v2.md  (sha256 142b729606f8)
  INCLUDED         README.md  (sha256 747bc371ff85)

[Infrastructure\version-cleanup]
  INCLUDED         README.md  (sha256 307a43363adb)
  INCLUDED         version_cleanup_settings.json  (sha256 c17e9142e485)
  INCLUDED         VersionCleanup_Design_v3.md  (sha256 329d08514ab2)

[Messaging]
  INCLUDED         _index.md  (sha256 0068c2702d8b)
  INCLUDED         Messaging_Brief_v1.md  (sha256 c1687d821833)
  INCLUDED         Messaging_Decisions_v4.md  (sha256 c6a0f75cba95)
  INCLUDED         Messaging_Design_v4.md  (sha256 48b767e284b0)
  INCLUDED         Messaging_Standard_v4.md  (sha256 39a0045e2403)
  INCLUDED         Messaging_Tool_v4.md  (sha256 c0a40ad3383d)

[Orchestration]
  INCLUDED         AIDE_Orchestration_Decisions_v5.md  (sha256 98d336117a70)
  INCLUDED         AIDE_Orchestration_Design_v5.md  (sha256 5cb84235137a)
  INCLUDED         AIDE_Orchestration_UseCases_v2.md  (sha256 5d4ecab3a53d)

[Principles]
  INCLUDED         Principles_Decisions_v5.md  (sha256 33df0c86fba0)
  INCLUDED         Principles_Design_v5.md  (sha256 ba6e146bf1b7)
  INCLUDED         Principles_Standard_v2.md  (sha256 a2c5cf6f320d)

[Project Design]
  INCLUDED         _index.md  (sha256 589d24282970)
  INCLUDED         ProjectDesign_Decisions_v3.md  (sha256 61029b610785)
  INCLUDED         ProjectDesign_Design_v3.md  (sha256 845df7d3ba79)
  INCLUDED         ProjectDesign_Schema_Standard_v1.md  (sha256 23316ba5d013)
  INCLUDED         ProjectDesign_Standard_v4.md  (sha256 df3c448516ae)

[Standards]
  INCLUDED         _index.md  (sha256 3bd4678a60c0)
  INCLUDED         Standards_Authoring_Standard_v8.md  (sha256 e52f99825c80)
  INCLUDED         Standards_Consumption_Standard_v3.md  (sha256 b801499930ac)
  INCLUDED         Standards_Decisions_v4.md  (sha256 fcda250bc8aa)
  INCLUDED         Standards_Design_v3.md  (sha256 4a6a79a3a0f1)
  INCLUDED         Standards_Working_v1.md  (sha256 9677537477ab)

[Tools]
  INCLUDED         _index.md  (sha256 7bb05b130edc)
  INCLUDED         Tools_Authoring_Standard_v8.md  (sha256 d05452eddaa6)
  INCLUDED         Tools_Decisions_v7.md  (sha256 f83f2411202f)
  INCLUDED         Tools_Design_v6.md  (sha256 62b2eb15c979)

[Working Practices]
  INCLUDED         _index.md  (sha256 25410df7a086)
  INCLUDED         WP_Brief_v2.md  (sha256 844fa051dedb)
  INCLUDED         WP_Capture_Working_v1.md  (sha256 54171d4dea8b)
  INCLUDED         WP_ContentDelivery_Working_v1.md  (sha256 6b858ff04f50)
  INCLUDED         WP_Decisions_v4.md  (sha256 9957a8fb75f9)
  INCLUDED         WP_Design_v6.md  (sha256 da8923648608)
  INCLUDED         WP_Standard_v1.md  (sha256 e7f8876e277f)
  INCLUDED         WP_WorkManagement_Working_v1.md  (sha256 59a0bba2401c)

[Working Practices\Boards]
  INCLUDED         WP_Boards_Decisions_v1.md  (sha256 33320d50ac48)
  INCLUDED         WP_Boards_Design_v1.md  (sha256 13384c9edecf)

[Working Practices\FileOps]
  INCLUDED         WP_FileOps_Working_v1.md  (sha256 f2ffcdd7c76f)

[_binder]
  DELETED          AIDE_Documentation_Binder_v105.md
  WRITTEN          AIDE_Documentation_Binder_v106.md  (96 files, 1091033 bytes)

[_rebuild]
  INCLUDED         AIDE_Component_PurposeLines_v2.md  (sha256 b1836489f28b)
  INCLUDED         AIDE_Rebuild_Guide_v1.md  (sha256 01ceb45e507b)
  INCLUDED         AIDE_Rebuild_Overview_v1.md  (sha256 5a65c44f5991)
  INCLUDED         AIDE_Rebuild_SettledDecisions_v1.md  (sha256 33593102e982)
  INCLUDED         Assurance_Brief_Sketch_v2.md  (sha256 1c61ea8c6846)
  INCLUDED         Build_Input_Working_v1.md  (sha256 1bb3513464e6)
  INCLUDED         deployment_plugin_working_v1.md  (sha256 87c99a1e5bf3)
  INCLUDED         ProjectDesign_Decisions_Pending_v1.md  (sha256 647aacf4c1ad)
  INCLUDED         ProjectDesign_Design_Pending_v1.md  (sha256 587bc4c6165f)
  INCLUDED         ProjectDesign_StandardInputs_Pending_v1.md  (sha256 710b74bb0958)
  INCLUDED         ProjectDesign_WorkRegister_Pending_v1.md  (sha256 638ebbfb6eef)
  INCLUDED         WP_Check1_Assessment_v1.md  (sha256 dba57b98ffda)
  INCLUDED         WP_CoreCarries_v2.md  (sha256 2f3ab75ce434)
  SKIPPED          AIDE_DesignApproach_WIP_v1.md: matches exclude_files pattern "*_WIP_*"
  SKIPPED          AIDE_Rebuild_WIP_v24.md: matches exclude_files pattern "*_WIP_*"

------------------------------------------------------------------------
Result: 96 included, 5 skipped, 1 written, 1 deleted
========================================================================

========================================================================
binder builder   2026-09-17 14:35:38   LIVE
binder:   AIDE_Documentation
root:     C:\Users\david\dev\repos\DigitalBusiness-AIDE\Documentation
settings: C:\Users\david\dev\repos\DigitalBusiness-AIDE\Documentation\_aide\utilities\binder-builder\binder_builder_AIDE_Documentation_settings.json
include:  ~/_rebuild
folders collected from: 19
change detection: AIDE_Documentation_Binder_v106.md: 3 added, 3 removed (Build/Build_Decisions_v8.md, Build/Build_Design_v8.md, Build/Build_Overview_v6.md, and 3 more) - rebuilding
------------------------------------------------------------------------

[.]
  INCLUDED         AIDE_Orchestration_Investigation_Findings.md  (sha256 e7c281c19fb4)
  INCLUDED         AIDE_Solution_Map.md  (sha256 3c2294f7ae2b)
  SKIPPED          AIDE_Board.html: matches exclude_files pattern "*_Board.html"
  SKIPPED          AIDE_Documentation_WIP_v26.md: matches exclude_files pattern "*_WIP_*"
  SKIPPED          AIDE_Orchestration_WIP_v1.md: matches exclude_files pattern "*_WIP_*"

[Assurance]
  INCLUDED         _index.md  (sha256 036e50d7163a)
  INCLUDED         AIDE_Assurance_Cases_Working_v1.md  (sha256 2147d7d8e090)
  INCLUDED         Assurance_Decisions_v3.md  (sha256 da10aeeba9f4)
  INCLUDED         Assurance_Design_v3.md  (sha256 9590897a017b)
  INCLUDED         Assurance_Standard_v1.md  (sha256 82253cd4d2c8)

[Build]
  INCLUDED         Build_Brief_v4.md  (sha256 d9717a0475c0)
  INCLUDED         Build_Decisions_v8.md  (sha256 f9a1ac65dfe3)
  INCLUDED         Build_Design_v8.md  (sha256 2987f32273f9)
  INCLUDED         Build_Overview_v6.md  (sha256 5fce6400bb23)

[Core]
  INCLUDED         _index.md  (sha256 8746bf38a3fa)
  INCLUDED         Core_AIDEMap.md  (sha256 5f8331b0988d)
  INCLUDED         Core_AIDEPrinciples_Decisions_v1.md  (sha256 655de3e64709)
  INCLUDED         Core_AIDEPrinciples_Design_v1.md  (sha256 60e20e8d0b9d)
  INCLUDED         Core_Brief_v2.md  (sha256 23d1f1d1f622)
  INCLUDED         Core_Charter_v1.md  (sha256 3e5f5332b783)
  INCLUDED         Core_Decisions_v1.md  (sha256 2545fa050c39)
  INCLUDED         Core_Design_v4.md  (sha256 bf0566c40a73)
  INCLUDED         Core_Schema_Standard_v3.md  (sha256 49c6de8da5bb)
  INCLUDED         Core_Structure_Decisions_v1.md  (sha256 2217f6768b89)
  INCLUDED         Core_Structure_Design_v1.md  (sha256 f464dc43de50)
  INCLUDED         Core_Tags_Working_v1.md  (sha256 ae6557378adf)

[Documentation Methodology]
  INCLUDED         _index.md  (sha256 c3441fd9e4b4)
  INCLUDED         DocMeth_Brief_v1.md  (sha256 60c5cf3f5d79)
  INCLUDED         DocMeth_Decisions_v7.md  (sha256 15daf15e27ef)
  INCLUDED         DocMeth_Design_v6.md  (sha256 8b5d6a24a5d7)
  INCLUDED         DocMeth_Working_v9.md  (sha256 952a2287d1d0)
  INCLUDED         DocumentationMethodology_SchemaAuthoring_Standard_v1.md  (sha256 37a837a65cb3)
  INCLUDED         DocumentationMethodology_SchemaDefinitions_Standard_v1.md  (sha256 8098d9714c57)
  INCLUDED         DocumentationMethodology_Standard_v1.md  (sha256 8301aa2a0395)

[Infrastructure]
  INCLUDED         _index.md  (sha256 fb736219786c)
  INCLUDED         AIDE_Infrastructure_MCPDeliveryModel_v2.md  (sha256 f3dc59b384b2)
  INCLUDED         Infrastructure_CLI_Decisions_v1.md  (sha256 7a16726b5162)
  INCLUDED         Infrastructure_CLI_Design_v1.md  (sha256 12e05744ff4a)
  INCLUDED         Infrastructure_Working_v1.md  (sha256 1d7a11e25a57)

[Infrastructure\binder-builder]
  INCLUDED         binder_builder_Documentation_settings.json  (sha256 b9b89306305b)
  INCLUDED         BinderBuilder_Design_v10.md  (sha256 07a3284570d1)
  INCLUDED         README.md  (sha256 9c905047ab5a)

[Infrastructure\file-update-package]
  INCLUDED         file_update_package_settings.json  (sha256 15617061295c)
  INCLUDED         FileUpdatePackage_Design_v2.md  (sha256 142b729606f8)
  INCLUDED         README.md  (sha256 747bc371ff85)

[Infrastructure\version-cleanup]
  INCLUDED         README.md  (sha256 307a43363adb)
  INCLUDED         version_cleanup_settings.json  (sha256 c17e9142e485)
  INCLUDED         VersionCleanup_Design_v3.md  (sha256 329d08514ab2)

[Messaging]
  INCLUDED         _index.md  (sha256 0068c2702d8b)
  INCLUDED         Messaging_Brief_v1.md  (sha256 c1687d821833)
  INCLUDED         Messaging_Decisions_v4.md  (sha256 c6a0f75cba95)
  INCLUDED         Messaging_Design_v4.md  (sha256 48b767e284b0)
  INCLUDED         Messaging_Standard_v4.md  (sha256 39a0045e2403)
  INCLUDED         Messaging_Tool_v4.md  (sha256 c0a40ad3383d)

[Orchestration]
  INCLUDED         AIDE_Orchestration_Decisions_v5.md  (sha256 98d336117a70)
  INCLUDED         AIDE_Orchestration_Design_v5.md  (sha256 5cb84235137a)
  INCLUDED         AIDE_Orchestration_UseCases_v2.md  (sha256 5d4ecab3a53d)

[Principles]
  INCLUDED         Principles_Decisions_v5.md  (sha256 33df0c86fba0)
  INCLUDED         Principles_Design_v5.md  (sha256 ba6e146bf1b7)
  INCLUDED         Principles_Standard_v2.md  (sha256 a2c5cf6f320d)

[Project Design]
  INCLUDED         _index.md  (sha256 589d24282970)
  INCLUDED         ProjectDesign_Decisions_v3.md  (sha256 61029b610785)
  INCLUDED         ProjectDesign_Design_v3.md  (sha256 845df7d3ba79)
  INCLUDED         ProjectDesign_Schema_Standard_v1.md  (sha256 23316ba5d013)
  INCLUDED         ProjectDesign_Standard_v4.md  (sha256 df3c448516ae)

[Standards]
  INCLUDED         _index.md  (sha256 3bd4678a60c0)
  INCLUDED         Standards_Authoring_Standard_v8.md  (sha256 e52f99825c80)
  INCLUDED         Standards_Consumption_Standard_v3.md  (sha256 b801499930ac)
  INCLUDED         Standards_Decisions_v4.md  (sha256 fcda250bc8aa)
  INCLUDED         Standards_Design_v3.md  (sha256 4a6a79a3a0f1)
  INCLUDED         Standards_Working_v1.md  (sha256 9677537477ab)

[Tools]
  INCLUDED         _index.md  (sha256 7bb05b130edc)
  INCLUDED         Tools_Authoring_Standard_v8.md  (sha256 d05452eddaa6)
  INCLUDED         Tools_Decisions_v7.md  (sha256 f83f2411202f)
  INCLUDED         Tools_Design_v6.md  (sha256 62b2eb15c979)

[Working Practices]
  INCLUDED         _index.md  (sha256 25410df7a086)
  INCLUDED         WP_Brief_v2.md  (sha256 844fa051dedb)
  INCLUDED         WP_Capture_Working_v1.md  (sha256 54171d4dea8b)
  INCLUDED         WP_ContentDelivery_Working_v1.md  (sha256 6b858ff04f50)
  INCLUDED         WP_Decisions_v4.md  (sha256 9957a8fb75f9)
  INCLUDED         WP_Design_v6.md  (sha256 da8923648608)
  INCLUDED         WP_Standard_v1.md  (sha256 e7f8876e277f)
  INCLUDED         WP_WorkManagement_Working_v1.md  (sha256 59a0bba2401c)

[Working Practices\Boards]
  INCLUDED         WP_Boards_Decisions_v1.md  (sha256 33320d50ac48)
  INCLUDED         WP_Boards_Design_v1.md  (sha256 13384c9edecf)

[Working Practices\FileOps]
  INCLUDED         WP_FileOps_Working_v1.md  (sha256 f2ffcdd7c76f)

[_binder]
  DELETED          AIDE_Documentation_Binder_v106.md
  WRITTEN          AIDE_Documentation_Binder_v107.md  (96 files, 1092281 bytes)

[_rebuild]
  INCLUDED         AIDE_Component_PurposeLines_v2.md  (sha256 b1836489f28b)
  INCLUDED         AIDE_Rebuild_Guide_v1.md  (sha256 01ceb45e507b)
  INCLUDED         AIDE_Rebuild_Overview_v1.md  (sha256 5a65c44f5991)
  INCLUDED         AIDE_Rebuild_SettledDecisions_v1.md  (sha256 33593102e982)
  INCLUDED         Assurance_Brief_Sketch_v2.md  (sha256 1c61ea8c6846)
  INCLUDED         Build_Input_Working_v1.md  (sha256 1bb3513464e6)
  INCLUDED         deployment_plugin_working_v1.md  (sha256 87c99a1e5bf3)
  INCLUDED         ProjectDesign_Decisions_Pending_v1.md  (sha256 647aacf4c1ad)
  INCLUDED         ProjectDesign_Design_Pending_v1.md  (sha256 587bc4c6165f)
  INCLUDED         ProjectDesign_StandardInputs_Pending_v1.md  (sha256 710b74bb0958)
  INCLUDED         ProjectDesign_WorkRegister_Pending_v1.md  (sha256 638ebbfb6eef)
  INCLUDED         WP_Check1_Assessment_v1.md  (sha256 dba57b98ffda)
  INCLUDED         WP_CoreCarries_v2.md  (sha256 2f3ab75ce434)
  SKIPPED          AIDE_DesignApproach_WIP_v1.md: matches exclude_files pattern "*_WIP_*"
  SKIPPED          AIDE_Rebuild_WIP_v24.md: matches exclude_files pattern "*_WIP_*"

------------------------------------------------------------------------
Result: 96 included, 5 skipped, 1 written, 1 deleted
========================================================================

========================================================================
binder builder   2026-09-17 16:11:24   LIVE
binder:   AIDE_Documentation
root:     C:\Users\david\dev\repos\DigitalBusiness-AIDE\Documentation
settings: C:\Users\david\dev\repos\DigitalBusiness-AIDE\Documentation\_aide\utilities\binder-builder\binder_builder_AIDE_Documentation_settings.json
include:  ~/_rebuild
folders collected from: 19
change detection: AIDE_Documentation_Binder_v107.md: 1 added (Working Practices/WorkingPractices_Standard_v2.md) - rebuilding
------------------------------------------------------------------------

[.]
  INCLUDED         AIDE_Orchestration_Investigation_Findings.md  (sha256 e7c281c19fb4)
  INCLUDED         AIDE_Solution_Map.md  (sha256 3c2294f7ae2b)
  SKIPPED          AIDE_Board.html: matches exclude_files pattern "*_Board.html"
  SKIPPED          AIDE_Documentation_WIP_v26.md: matches exclude_files pattern "*_WIP_*"
  SKIPPED          AIDE_Orchestration_WIP_v1.md: matches exclude_files pattern "*_WIP_*"

[Assurance]
  INCLUDED         _index.md  (sha256 036e50d7163a)
  INCLUDED         AIDE_Assurance_Cases_Working_v1.md  (sha256 2147d7d8e090)
  INCLUDED         Assurance_Decisions_v3.md  (sha256 da10aeeba9f4)
  INCLUDED         Assurance_Design_v3.md  (sha256 9590897a017b)
  INCLUDED         Assurance_Standard_v1.md  (sha256 82253cd4d2c8)

[Build]
  INCLUDED         Build_Brief_v4.md  (sha256 d9717a0475c0)
  INCLUDED         Build_Decisions_v8.md  (sha256 f9a1ac65dfe3)
  INCLUDED         Build_Design_v8.md  (sha256 2987f32273f9)
  INCLUDED         Build_Overview_v6.md  (sha256 5fce6400bb23)

[Core]
  INCLUDED         _index.md  (sha256 8746bf38a3fa)
  INCLUDED         Core_AIDEMap.md  (sha256 5f8331b0988d)
  INCLUDED         Core_AIDEPrinciples_Decisions_v1.md  (sha256 655de3e64709)
  INCLUDED         Core_AIDEPrinciples_Design_v1.md  (sha256 60e20e8d0b9d)
  INCLUDED         Core_Brief_v2.md  (sha256 23d1f1d1f622)
  INCLUDED         Core_Charter_v1.md  (sha256 3e5f5332b783)
  INCLUDED         Core_Decisions_v1.md  (sha256 2545fa050c39)
  INCLUDED         Core_Design_v4.md  (sha256 bf0566c40a73)
  INCLUDED         Core_Schema_Standard_v3.md  (sha256 49c6de8da5bb)
  INCLUDED         Core_Structure_Decisions_v1.md  (sha256 2217f6768b89)
  INCLUDED         Core_Structure_Design_v1.md  (sha256 f464dc43de50)
  INCLUDED         Core_Tags_Working_v1.md  (sha256 ae6557378adf)

[Documentation Methodology]
  INCLUDED         _index.md  (sha256 c3441fd9e4b4)
  INCLUDED         DocMeth_Brief_v1.md  (sha256 60c5cf3f5d79)
  INCLUDED         DocMeth_Decisions_v7.md  (sha256 15daf15e27ef)
  INCLUDED         DocMeth_Design_v6.md  (sha256 8b5d6a24a5d7)
  INCLUDED         DocMeth_Working_v9.md  (sha256 952a2287d1d0)
  INCLUDED         DocumentationMethodology_SchemaAuthoring_Standard_v1.md  (sha256 37a837a65cb3)
  INCLUDED         DocumentationMethodology_SchemaDefinitions_Standard_v1.md  (sha256 8098d9714c57)
  INCLUDED         DocumentationMethodology_Standard_v1.md  (sha256 8301aa2a0395)

[Infrastructure]
  INCLUDED         _index.md  (sha256 fb736219786c)
  INCLUDED         AIDE_Infrastructure_MCPDeliveryModel_v2.md  (sha256 f3dc59b384b2)
  INCLUDED         Infrastructure_CLI_Decisions_v1.md  (sha256 7a16726b5162)
  INCLUDED         Infrastructure_CLI_Design_v1.md  (sha256 12e05744ff4a)
  INCLUDED         Infrastructure_Working_v1.md  (sha256 1d7a11e25a57)

[Infrastructure\binder-builder]
  INCLUDED         binder_builder_Documentation_settings.json  (sha256 b9b89306305b)
  INCLUDED         BinderBuilder_Design_v10.md  (sha256 07a3284570d1)
  INCLUDED         README.md  (sha256 9c905047ab5a)

[Infrastructure\file-update-package]
  INCLUDED         file_update_package_settings.json  (sha256 15617061295c)
  INCLUDED         FileUpdatePackage_Design_v2.md  (sha256 142b729606f8)
  INCLUDED         README.md  (sha256 747bc371ff85)

[Infrastructure\version-cleanup]
  INCLUDED         README.md  (sha256 307a43363adb)
  INCLUDED         version_cleanup_settings.json  (sha256 c17e9142e485)
  INCLUDED         VersionCleanup_Design_v3.md  (sha256 329d08514ab2)

[Messaging]
  INCLUDED         _index.md  (sha256 0068c2702d8b)
  INCLUDED         Messaging_Brief_v1.md  (sha256 c1687d821833)
  INCLUDED         Messaging_Decisions_v4.md  (sha256 c6a0f75cba95)
  INCLUDED         Messaging_Design_v4.md  (sha256 48b767e284b0)
  INCLUDED         Messaging_Standard_v4.md  (sha256 39a0045e2403)
  INCLUDED         Messaging_Tool_v4.md  (sha256 c0a40ad3383d)

[Orchestration]
  INCLUDED         AIDE_Orchestration_Decisions_v5.md  (sha256 98d336117a70)
  INCLUDED         AIDE_Orchestration_Design_v5.md  (sha256 5cb84235137a)
  INCLUDED         AIDE_Orchestration_UseCases_v2.md  (sha256 5d4ecab3a53d)

[Principles]
  INCLUDED         Principles_Decisions_v5.md  (sha256 33df0c86fba0)
  INCLUDED         Principles_Design_v5.md  (sha256 ba6e146bf1b7)
  INCLUDED         Principles_Standard_v2.md  (sha256 a2c5cf6f320d)

[Project Design]
  INCLUDED         _index.md  (sha256 589d24282970)
  INCLUDED         ProjectDesign_Decisions_v3.md  (sha256 61029b610785)
  INCLUDED         ProjectDesign_Design_v3.md  (sha256 845df7d3ba79)
  INCLUDED         ProjectDesign_Schema_Standard_v1.md  (sha256 23316ba5d013)
  INCLUDED         ProjectDesign_Standard_v4.md  (sha256 df3c448516ae)

[Standards]
  INCLUDED         _index.md  (sha256 3bd4678a60c0)
  INCLUDED         Standards_Authoring_Standard_v8.md  (sha256 e52f99825c80)
  INCLUDED         Standards_Consumption_Standard_v3.md  (sha256 b801499930ac)
  INCLUDED         Standards_Decisions_v4.md  (sha256 fcda250bc8aa)
  INCLUDED         Standards_Design_v3.md  (sha256 4a6a79a3a0f1)
  INCLUDED         Standards_Working_v1.md  (sha256 9677537477ab)

[Tools]
  INCLUDED         _index.md  (sha256 7bb05b130edc)
  INCLUDED         Tools_Authoring_Standard_v8.md  (sha256 d05452eddaa6)
  INCLUDED         Tools_Decisions_v7.md  (sha256 f83f2411202f)
  INCLUDED         Tools_Design_v6.md  (sha256 62b2eb15c979)

[Working Practices]
  INCLUDED         _index.md  (sha256 25410df7a086)
  INCLUDED         WorkingPractices_Standard_v2.md  (sha256 4819d41b184b)
  INCLUDED         WP_Brief_v2.md  (sha256 844fa051dedb)
  INCLUDED         WP_Capture_Working_v1.md  (sha256 54171d4dea8b)
  INCLUDED         WP_ContentDelivery_Working_v1.md  (sha256 6b858ff04f50)
  INCLUDED         WP_Decisions_v4.md  (sha256 9957a8fb75f9)
  INCLUDED         WP_Design_v6.md  (sha256 da8923648608)
  INCLUDED         WP_Standard_v1.md  (sha256 e7f8876e277f)
  INCLUDED         WP_WorkManagement_Working_v1.md  (sha256 59a0bba2401c)

[Working Practices\Boards]
  INCLUDED         WP_Boards_Decisions_v1.md  (sha256 33320d50ac48)
  INCLUDED         WP_Boards_Design_v1.md  (sha256 13384c9edecf)

[Working Practices\FileOps]
  INCLUDED         WP_FileOps_Working_v1.md  (sha256 f2ffcdd7c76f)

[_binder]
  DELETED          AIDE_Documentation_Binder_v107.md
  WRITTEN          AIDE_Documentation_Binder_v108.md  (97 files, 1108245 bytes)

[_rebuild]
  INCLUDED         AIDE_Component_PurposeLines_v2.md  (sha256 b1836489f28b)
  INCLUDED         AIDE_Rebuild_Guide_v1.md  (sha256 01ceb45e507b)
  INCLUDED         AIDE_Rebuild_Overview_v1.md  (sha256 5a65c44f5991)
  INCLUDED         AIDE_Rebuild_SettledDecisions_v1.md  (sha256 33593102e982)
  INCLUDED         Assurance_Brief_Sketch_v2.md  (sha256 1c61ea8c6846)
  INCLUDED         Build_Input_Working_v1.md  (sha256 1bb3513464e6)
  INCLUDED         deployment_plugin_working_v1.md  (sha256 87c99a1e5bf3)
  INCLUDED         ProjectDesign_Decisions_Pending_v1.md  (sha256 647aacf4c1ad)
  INCLUDED         ProjectDesign_Design_Pending_v1.md  (sha256 587bc4c6165f)
  INCLUDED         ProjectDesign_StandardInputs_Pending_v1.md  (sha256 710b74bb0958)
  INCLUDED         ProjectDesign_WorkRegister_Pending_v1.md  (sha256 638ebbfb6eef)
  INCLUDED         WP_Check1_Assessment_v1.md  (sha256 dba57b98ffda)
  INCLUDED         WP_CoreCarries_v2.md  (sha256 2f3ab75ce434)
  SKIPPED          AIDE_DesignApproach_WIP_v1.md: matches exclude_files pattern "*_WIP_*"
  SKIPPED          AIDE_Rebuild_WIP_v24.md: matches exclude_files pattern "*_WIP_*"

------------------------------------------------------------------------
Result: 97 included, 5 skipped, 1 written, 1 deleted
========================================================================

========================================================================
binder builder   2026-09-17 16:23:17   LIVE
binder:   AIDE_Documentation
root:     C:\Users\david\dev\repos\DigitalBusiness-AIDE\Documentation
settings: C:\Users\david\dev\repos\DigitalBusiness-AIDE\Documentation\_aide\utilities\binder-builder\binder_builder_AIDE_Documentation_settings.json
include:  ~/_rebuild
folders collected from: 19
change detection: AIDE_Documentation_Binder_v108.md: 1 removed, 1 changed (Working Practices/WP_Standard_v1.md, Working Practices/_index.md) - rebuilding
------------------------------------------------------------------------

[.]
  INCLUDED         AIDE_Orchestration_Investigation_Findings.md  (sha256 e7c281c19fb4)
  INCLUDED         AIDE_Solution_Map.md  (sha256 3c2294f7ae2b)
  SKIPPED          AIDE_Board.html: matches exclude_files pattern "*_Board.html"
  SKIPPED          AIDE_Documentation_WIP_v26.md: matches exclude_files pattern "*_WIP_*"
  SKIPPED          AIDE_Orchestration_WIP_v1.md: matches exclude_files pattern "*_WIP_*"

[Assurance]
  INCLUDED         _index.md  (sha256 036e50d7163a)
  INCLUDED         AIDE_Assurance_Cases_Working_v1.md  (sha256 2147d7d8e090)
  INCLUDED         Assurance_Decisions_v3.md  (sha256 da10aeeba9f4)
  INCLUDED         Assurance_Design_v3.md  (sha256 9590897a017b)
  INCLUDED         Assurance_Standard_v1.md  (sha256 82253cd4d2c8)

[Build]
  INCLUDED         Build_Brief_v4.md  (sha256 d9717a0475c0)
  INCLUDED         Build_Decisions_v8.md  (sha256 f9a1ac65dfe3)
  INCLUDED         Build_Design_v8.md  (sha256 2987f32273f9)
  INCLUDED         Build_Overview_v6.md  (sha256 5fce6400bb23)

[Core]
  INCLUDED         _index.md  (sha256 8746bf38a3fa)
  INCLUDED         Core_AIDEMap.md  (sha256 5f8331b0988d)
  INCLUDED         Core_AIDEPrinciples_Decisions_v1.md  (sha256 655de3e64709)
  INCLUDED         Core_AIDEPrinciples_Design_v1.md  (sha256 60e20e8d0b9d)
  INCLUDED         Core_Brief_v2.md  (sha256 23d1f1d1f622)
  INCLUDED         Core_Charter_v1.md  (sha256 3e5f5332b783)
  INCLUDED         Core_Decisions_v1.md  (sha256 2545fa050c39)
  INCLUDED         Core_Design_v4.md  (sha256 bf0566c40a73)
  INCLUDED         Core_Schema_Standard_v3.md  (sha256 49c6de8da5bb)
  INCLUDED         Core_Structure_Decisions_v1.md  (sha256 2217f6768b89)
  INCLUDED         Core_Structure_Design_v1.md  (sha256 f464dc43de50)
  INCLUDED         Core_Tags_Working_v1.md  (sha256 ae6557378adf)

[Documentation Methodology]
  INCLUDED         _index.md  (sha256 c3441fd9e4b4)
  INCLUDED         DocMeth_Brief_v1.md  (sha256 60c5cf3f5d79)
  INCLUDED         DocMeth_Decisions_v7.md  (sha256 15daf15e27ef)
  INCLUDED         DocMeth_Design_v6.md  (sha256 8b5d6a24a5d7)
  INCLUDED         DocMeth_Working_v9.md  (sha256 952a2287d1d0)
  INCLUDED         DocumentationMethodology_SchemaAuthoring_Standard_v1.md  (sha256 37a837a65cb3)
  INCLUDED         DocumentationMethodology_SchemaDefinitions_Standard_v1.md  (sha256 8098d9714c57)
  INCLUDED         DocumentationMethodology_Standard_v1.md  (sha256 8301aa2a0395)

[Infrastructure]
  INCLUDED         _index.md  (sha256 fb736219786c)
  INCLUDED         AIDE_Infrastructure_MCPDeliveryModel_v2.md  (sha256 f3dc59b384b2)
  INCLUDED         Infrastructure_CLI_Decisions_v1.md  (sha256 7a16726b5162)
  INCLUDED         Infrastructure_CLI_Design_v1.md  (sha256 12e05744ff4a)
  INCLUDED         Infrastructure_Working_v1.md  (sha256 1d7a11e25a57)

[Infrastructure\binder-builder]
  INCLUDED         binder_builder_Documentation_settings.json  (sha256 b9b89306305b)
  INCLUDED         BinderBuilder_Design_v10.md  (sha256 07a3284570d1)
  INCLUDED         README.md  (sha256 9c905047ab5a)

[Infrastructure\file-update-package]
  INCLUDED         file_update_package_settings.json  (sha256 15617061295c)
  INCLUDED         FileUpdatePackage_Design_v2.md  (sha256 142b729606f8)
  INCLUDED         README.md  (sha256 747bc371ff85)

[Infrastructure\version-cleanup]
  INCLUDED         README.md  (sha256 307a43363adb)
  INCLUDED         version_cleanup_settings.json  (sha256 c17e9142e485)
  INCLUDED         VersionCleanup_Design_v3.md  (sha256 329d08514ab2)

[Messaging]
  INCLUDED         _index.md  (sha256 0068c2702d8b)
  INCLUDED         Messaging_Brief_v1.md  (sha256 c1687d821833)
  INCLUDED         Messaging_Decisions_v4.md  (sha256 c6a0f75cba95)
  INCLUDED         Messaging_Design_v4.md  (sha256 48b767e284b0)
  INCLUDED         Messaging_Standard_v4.md  (sha256 39a0045e2403)
  INCLUDED         Messaging_Tool_v4.md  (sha256 c0a40ad3383d)

[Orchestration]
  INCLUDED         AIDE_Orchestration_Decisions_v5.md  (sha256 98d336117a70)
  INCLUDED         AIDE_Orchestration_Design_v5.md  (sha256 5cb84235137a)
  INCLUDED         AIDE_Orchestration_UseCases_v2.md  (sha256 5d4ecab3a53d)

[Principles]
  INCLUDED         Principles_Decisions_v5.md  (sha256 33df0c86fba0)
  INCLUDED         Principles_Design_v5.md  (sha256 ba6e146bf1b7)
  INCLUDED         Principles_Standard_v2.md  (sha256 a2c5cf6f320d)

[Project Design]
  INCLUDED         _index.md  (sha256 589d24282970)
  INCLUDED         ProjectDesign_Decisions_v3.md  (sha256 61029b610785)
  INCLUDED         ProjectDesign_Design_v3.md  (sha256 845df7d3ba79)
  INCLUDED         ProjectDesign_Schema_Standard_v1.md  (sha256 23316ba5d013)
  INCLUDED         ProjectDesign_Standard_v4.md  (sha256 df3c448516ae)

[Standards]
  INCLUDED         _index.md  (sha256 3bd4678a60c0)
  INCLUDED         Standards_Authoring_Standard_v8.md  (sha256 e52f99825c80)
  INCLUDED         Standards_Consumption_Standard_v3.md  (sha256 b801499930ac)
  INCLUDED         Standards_Decisions_v4.md  (sha256 fcda250bc8aa)
  INCLUDED         Standards_Design_v3.md  (sha256 4a6a79a3a0f1)
  INCLUDED         Standards_Working_v1.md  (sha256 9677537477ab)

[Tools]
  INCLUDED         _index.md  (sha256 7bb05b130edc)
  INCLUDED         Tools_Authoring_Standard_v8.md  (sha256 d05452eddaa6)
  INCLUDED         Tools_Decisions_v7.md  (sha256 f83f2411202f)
  INCLUDED         Tools_Design_v6.md  (sha256 62b2eb15c979)

[Working Practices]
  INCLUDED         _index.md  (sha256 ecd5c0c3a229)
  INCLUDED         WorkingPractices_Standard_v2.md  (sha256 4819d41b184b)
  INCLUDED         WP_Brief_v2.md  (sha256 844fa051dedb)
  INCLUDED         WP_Capture_Working_v1.md  (sha256 54171d4dea8b)
  INCLUDED         WP_ContentDelivery_Working_v1.md  (sha256 6b858ff04f50)
  INCLUDED         WP_Decisions_v4.md  (sha256 9957a8fb75f9)
  INCLUDED         WP_Design_v6.md  (sha256 da8923648608)
  INCLUDED         WP_WorkManagement_Working_v1.md  (sha256 59a0bba2401c)

[Working Practices\Boards]
  INCLUDED         WP_Boards_Decisions_v1.md  (sha256 33320d50ac48)
  INCLUDED         WP_Boards_Design_v1.md  (sha256 13384c9edecf)

[Working Practices\FileOps]
  INCLUDED         WP_FileOps_Working_v1.md  (sha256 f2ffcdd7c76f)

[_binder]
  DELETED          AIDE_Documentation_Binder_v108.md
  WRITTEN          AIDE_Documentation_Binder_v109.md  (96 files, 1096129 bytes)

[_rebuild]
  INCLUDED         AIDE_Component_PurposeLines_v2.md  (sha256 b1836489f28b)
  INCLUDED         AIDE_Rebuild_Guide_v1.md  (sha256 01ceb45e507b)
  INCLUDED         AIDE_Rebuild_Overview_v1.md  (sha256 5a65c44f5991)
  INCLUDED         AIDE_Rebuild_SettledDecisions_v1.md  (sha256 33593102e982)
  INCLUDED         Assurance_Brief_Sketch_v2.md  (sha256 1c61ea8c6846)
  INCLUDED         Build_Input_Working_v1.md  (sha256 1bb3513464e6)
  INCLUDED         deployment_plugin_working_v1.md  (sha256 87c99a1e5bf3)
  INCLUDED         ProjectDesign_Decisions_Pending_v1.md  (sha256 647aacf4c1ad)
  INCLUDED         ProjectDesign_Design_Pending_v1.md  (sha256 587bc4c6165f)
  INCLUDED         ProjectDesign_StandardInputs_Pending_v1.md  (sha256 710b74bb0958)
  INCLUDED         ProjectDesign_WorkRegister_Pending_v1.md  (sha256 638ebbfb6eef)
  INCLUDED         WP_Check1_Assessment_v1.md  (sha256 dba57b98ffda)
  INCLUDED         WP_CoreCarries_v2.md  (sha256 2f3ab75ce434)
  SKIPPED          AIDE_DesignApproach_WIP_v1.md: matches exclude_files pattern "*_WIP_*"
  SKIPPED          AIDE_Rebuild_WIP_v24.md: matches exclude_files pattern "*_WIP_*"

------------------------------------------------------------------------
Result: 96 included, 5 skipped, 1 written, 1 deleted
========================================================================

========================================================================
binder builder   2026-09-17 16:34:55   LIVE
binder:   AIDE_Documentation
root:     C:\Users\david\dev\repos\DigitalBusiness-AIDE\Documentation
settings: C:\Users\david\dev\repos\DigitalBusiness-AIDE\Documentation\_aide\utilities\binder-builder\binder_builder_AIDE_Documentation_settings.json
include:  ~/_rebuild
folders collected from: 19
change detection: AIDE_Documentation_Binder_v109.md: 1 changed (Assurance/Assurance_Standard_v1.md) - rebuilding
------------------------------------------------------------------------

[.]
  INCLUDED         AIDE_Orchestration_Investigation_Findings.md  (sha256 e7c281c19fb4)
  INCLUDED         AIDE_Solution_Map.md  (sha256 3c2294f7ae2b)
  SKIPPED          AIDE_Board.html: matches exclude_files pattern "*_Board.html"
  SKIPPED          AIDE_Documentation_WIP_v2.md: matches exclude_files pattern "*_WIP_*"
  SKIPPED          AIDE_Documentation_WIP_v26.md: matches exclude_files pattern "*_WIP_*"
  SKIPPED          AIDE_Documentation_WIP_v27.md: matches exclude_files pattern "*_WIP_*"
  SKIPPED          AIDE_Orchestration_WIP_v1.md: matches exclude_files pattern "*_WIP_*"

[Assurance]
  INCLUDED         _index.md  (sha256 036e50d7163a)
  INCLUDED         AIDE_Assurance_Cases_Working_v1.md  (sha256 2147d7d8e090)
  INCLUDED         Assurance_Decisions_v3.md  (sha256 da10aeeba9f4)
  INCLUDED         Assurance_Design_v3.md  (sha256 9590897a017b)
  INCLUDED         Assurance_Standard_v1.md  (sha256 16dcf04b00e1)

[Build]
  INCLUDED         Build_Brief_v4.md  (sha256 d9717a0475c0)
  INCLUDED         Build_Decisions_v8.md  (sha256 f9a1ac65dfe3)
  INCLUDED         Build_Design_v8.md  (sha256 2987f32273f9)
  INCLUDED         Build_Overview_v6.md  (sha256 5fce6400bb23)

[Core]
  INCLUDED         _index.md  (sha256 8746bf38a3fa)
  INCLUDED         Core_AIDEMap.md  (sha256 5f8331b0988d)
  INCLUDED         Core_AIDEPrinciples_Decisions_v1.md  (sha256 655de3e64709)
  INCLUDED         Core_AIDEPrinciples_Design_v1.md  (sha256 60e20e8d0b9d)
  INCLUDED         Core_Brief_v2.md  (sha256 23d1f1d1f622)
  INCLUDED         Core_Charter_v1.md  (sha256 3e5f5332b783)
  INCLUDED         Core_Decisions_v1.md  (sha256 2545fa050c39)
  INCLUDED         Core_Design_v4.md  (sha256 bf0566c40a73)
  INCLUDED         Core_Schema_Standard_v3.md  (sha256 49c6de8da5bb)
  INCLUDED         Core_Structure_Decisions_v1.md  (sha256 2217f6768b89)
  INCLUDED         Core_Structure_Design_v1.md  (sha256 f464dc43de50)
  INCLUDED         Core_Tags_Working_v1.md  (sha256 ae6557378adf)

[Documentation Methodology]
  INCLUDED         _index.md  (sha256 c3441fd9e4b4)
  INCLUDED         DocMeth_Brief_v1.md  (sha256 60c5cf3f5d79)
  INCLUDED         DocMeth_Decisions_v7.md  (sha256 15daf15e27ef)
  INCLUDED         DocMeth_Design_v6.md  (sha256 8b5d6a24a5d7)
  INCLUDED         DocMeth_Working_v9.md  (sha256 952a2287d1d0)
  INCLUDED         DocumentationMethodology_SchemaAuthoring_Standard_v1.md  (sha256 37a837a65cb3)
  INCLUDED         DocumentationMethodology_SchemaDefinitions_Standard_v1.md  (sha256 8098d9714c57)
  INCLUDED         DocumentationMethodology_Standard_v1.md  (sha256 8301aa2a0395)

[Infrastructure]
  INCLUDED         _index.md  (sha256 fb736219786c)
  INCLUDED         AIDE_Infrastructure_MCPDeliveryModel_v2.md  (sha256 f3dc59b384b2)
  INCLUDED         Infrastructure_CLI_Decisions_v1.md  (sha256 7a16726b5162)
  INCLUDED         Infrastructure_CLI_Design_v1.md  (sha256 12e05744ff4a)
  INCLUDED         Infrastructure_Working_v1.md  (sha256 1d7a11e25a57)

[Infrastructure\binder-builder]
  INCLUDED         binder_builder_Documentation_settings.json  (sha256 b9b89306305b)
  INCLUDED         BinderBuilder_Design_v10.md  (sha256 07a3284570d1)
  INCLUDED         README.md  (sha256 9c905047ab5a)

[Infrastructure\file-update-package]
  INCLUDED         file_update_package_settings.json  (sha256 15617061295c)
  INCLUDED         FileUpdatePackage_Design_v2.md  (sha256 142b729606f8)
  INCLUDED         README.md  (sha256 747bc371ff85)

[Infrastructure\version-cleanup]
  INCLUDED         README.md  (sha256 307a43363adb)
  INCLUDED         version_cleanup_settings.json  (sha256 c17e9142e485)
  INCLUDED         VersionCleanup_Design_v3.md  (sha256 329d08514ab2)

[Messaging]
  INCLUDED         _index.md  (sha256 0068c2702d8b)
  INCLUDED         Messaging_Brief_v1.md  (sha256 c1687d821833)
  INCLUDED         Messaging_Decisions_v4.md  (sha256 c6a0f75cba95)
  INCLUDED         Messaging_Design_v4.md  (sha256 48b767e284b0)
  INCLUDED         Messaging_Standard_v4.md  (sha256 39a0045e2403)
  INCLUDED         Messaging_Tool_v4.md  (sha256 c0a40ad3383d)

[Orchestration]
  INCLUDED         AIDE_Orchestration_Decisions_v5.md  (sha256 98d336117a70)
  INCLUDED         AIDE_Orchestration_Design_v5.md  (sha256 5cb84235137a)
  INCLUDED         AIDE_Orchestration_UseCases_v2.md  (sha256 5d4ecab3a53d)

[Principles]
  INCLUDED         Principles_Decisions_v5.md  (sha256 33df0c86fba0)
  INCLUDED         Principles_Design_v5.md  (sha256 ba6e146bf1b7)
  INCLUDED         Principles_Standard_v2.md  (sha256 a2c5cf6f320d)

[Project Design]
  INCLUDED         _index.md  (sha256 589d24282970)
  INCLUDED         ProjectDesign_Decisions_v3.md  (sha256 61029b610785)
  INCLUDED         ProjectDesign_Design_v3.md  (sha256 845df7d3ba79)
  INCLUDED         ProjectDesign_Schema_Standard_v1.md  (sha256 23316ba5d013)
  INCLUDED         ProjectDesign_Standard_v4.md  (sha256 df3c448516ae)

[Standards]
  INCLUDED         _index.md  (sha256 3bd4678a60c0)
  INCLUDED         Standards_Authoring_Standard_v8.md  (sha256 e52f99825c80)
  INCLUDED         Standards_Consumption_Standard_v3.md  (sha256 b801499930ac)
  INCLUDED         Standards_Decisions_v4.md  (sha256 fcda250bc8aa)
  INCLUDED         Standards_Design_v3.md  (sha256 4a6a79a3a0f1)
  INCLUDED         Standards_Working_v1.md  (sha256 9677537477ab)

[Tools]
  INCLUDED         _index.md  (sha256 7bb05b130edc)
  INCLUDED         Tools_Authoring_Standard_v8.md  (sha256 d05452eddaa6)
  INCLUDED         Tools_Decisions_v7.md  (sha256 f83f2411202f)
  INCLUDED         Tools_Design_v6.md  (sha256 62b2eb15c979)

[Working Practices]
  INCLUDED         _index.md  (sha256 ecd5c0c3a229)
  INCLUDED         WorkingPractices_Standard_v2.md  (sha256 4819d41b184b)
  INCLUDED         WP_Brief_v2.md  (sha256 844fa051dedb)
  INCLUDED         WP_Capture_Working_v1.md  (sha256 54171d4dea8b)
  INCLUDED         WP_ContentDelivery_Working_v1.md  (sha256 6b858ff04f50)
  INCLUDED         WP_Decisions_v4.md  (sha256 9957a8fb75f9)
  INCLUDED         WP_Design_v6.md  (sha256 da8923648608)
  INCLUDED         WP_WorkManagement_Working_v1.md  (sha256 59a0bba2401c)

[Working Practices\Boards]
  INCLUDED         WP_Boards_Decisions_v1.md  (sha256 33320d50ac48)
  INCLUDED         WP_Boards_Design_v1.md  (sha256 13384c9edecf)

[Working Practices\FileOps]
  INCLUDED         WP_FileOps_Working_v1.md  (sha256 f2ffcdd7c76f)

[_binder]
  DELETED          AIDE_Documentation_Binder_v109.md
  WRITTEN          AIDE_Documentation_Binder_v110.md  (96 files, 1096143 bytes)

[_rebuild]
  INCLUDED         AIDE_Component_PurposeLines_v2.md  (sha256 b1836489f28b)
  INCLUDED         AIDE_Rebuild_Guide_v1.md  (sha256 01ceb45e507b)
  INCLUDED         AIDE_Rebuild_Overview_v1.md  (sha256 5a65c44f5991)
  INCLUDED         AIDE_Rebuild_SettledDecisions_v1.md  (sha256 33593102e982)
  INCLUDED         Assurance_Brief_Sketch_v2.md  (sha256 1c61ea8c6846)
  INCLUDED         Build_Input_Working_v1.md  (sha256 1bb3513464e6)
  INCLUDED         deployment_plugin_working_v1.md  (sha256 87c99a1e5bf3)
  INCLUDED         ProjectDesign_Decisions_Pending_v1.md  (sha256 647aacf4c1ad)
  INCLUDED         ProjectDesign_Design_Pending_v1.md  (sha256 587bc4c6165f)
  INCLUDED         ProjectDesign_StandardInputs_Pending_v1.md  (sha256 710b74bb0958)
  INCLUDED         ProjectDesign_WorkRegister_Pending_v1.md  (sha256 638ebbfb6eef)
  INCLUDED         WP_Check1_Assessment_v1.md  (sha256 dba57b98ffda)
  INCLUDED         WP_CoreCarries_v2.md  (sha256 2f3ab75ce434)
  SKIPPED          AIDE_DesignApproach_WIP_v1.md: matches exclude_files pattern "*_WIP_*"
  SKIPPED          AIDE_Rebuild_WIP_v24.md: matches exclude_files pattern "*_WIP_*"

------------------------------------------------------------------------
Result: 96 included, 7 skipped, 1 written, 1 deleted
========================================================================

========================================================================
binder builder   2026-09-17 17:16:42   LIVE
binder:   AIDE_Documentation
root:     C:\Users\david\dev\repos\DigitalBusiness-AIDE\Documentation
settings: C:\Users\david\dev\repos\DigitalBusiness-AIDE\Documentation\_aide\utilities\binder-builder\binder_builder_AIDE_Documentation_settings.json
include:  ~/_rebuild
folders collected from: 19
change detection: AIDE_Documentation_Binder_v110.md: 2 added, 2 removed, 2 changed (Core/Core_Design_v5.md, Project Design/ProjectDesign_Standard_v5.md, Core/Core_Design_v4.md, and 3 more) - rebuilding
------------------------------------------------------------------------

[.]
  INCLUDED         AIDE_Orchestration_Investigation_Findings.md  (sha256 e7c281c19fb4)
  INCLUDED         AIDE_Solution_Map.md  (sha256 3c2294f7ae2b)
  SKIPPED          AIDE_Board.html: matches exclude_files pattern "*_Board.html"
  SKIPPED          AIDE_Documentation_WIP_v27.md: matches exclude_files pattern "*_WIP_*"
  SKIPPED          AIDE_Orchestration_WIP_v1.md: matches exclude_files pattern "*_WIP_*"

[Assurance]
  INCLUDED         _index.md  (sha256 036e50d7163a)
  INCLUDED         AIDE_Assurance_Cases_Working_v1.md  (sha256 2147d7d8e090)
  INCLUDED         Assurance_Decisions_v3.md  (sha256 da10aeeba9f4)
  INCLUDED         Assurance_Design_v3.md  (sha256 9590897a017b)
  INCLUDED         Assurance_Standard_v1.md  (sha256 16dcf04b00e1)

[Build]
  INCLUDED         Build_Brief_v4.md  (sha256 d9717a0475c0)
  INCLUDED         Build_Decisions_v8.md  (sha256 f9a1ac65dfe3)
  INCLUDED         Build_Design_v8.md  (sha256 2987f32273f9)
  INCLUDED         Build_Overview_v6.md  (sha256 5fce6400bb23)

[Core]
  INCLUDED         _index.md  (sha256 38b09dcfddbf)
  INCLUDED         Core_AIDEMap.md  (sha256 5f8331b0988d)
  INCLUDED         Core_AIDEPrinciples_Decisions_v1.md  (sha256 655de3e64709)
  INCLUDED         Core_AIDEPrinciples_Design_v1.md  (sha256 60e20e8d0b9d)
  INCLUDED         Core_Brief_v2.md  (sha256 23d1f1d1f622)
  INCLUDED         Core_Charter_v1.md  (sha256 3e5f5332b783)
  INCLUDED         Core_Decisions_v1.md  (sha256 2545fa050c39)
  INCLUDED         Core_Design_v5.md  (sha256 6218e741a9ca)
  INCLUDED         Core_Schema_Standard_v3.md  (sha256 49c6de8da5bb)
  INCLUDED         Core_Structure_Decisions_v1.md  (sha256 2217f6768b89)
  INCLUDED         Core_Structure_Design_v1.md  (sha256 f464dc43de50)
  INCLUDED         Core_Tags_Working_v1.md  (sha256 ae6557378adf)

[Documentation Methodology]
  INCLUDED         _index.md  (sha256 c3441fd9e4b4)
  INCLUDED         DocMeth_Brief_v1.md  (sha256 60c5cf3f5d79)
  INCLUDED         DocMeth_Decisions_v7.md  (sha256 15daf15e27ef)
  INCLUDED         DocMeth_Design_v6.md  (sha256 8b5d6a24a5d7)
  INCLUDED         DocMeth_Working_v9.md  (sha256 952a2287d1d0)
  INCLUDED         DocumentationMethodology_SchemaAuthoring_Standard_v1.md  (sha256 37a837a65cb3)
  INCLUDED         DocumentationMethodology_SchemaDefinitions_Standard_v1.md  (sha256 8098d9714c57)
  INCLUDED         DocumentationMethodology_Standard_v1.md  (sha256 8301aa2a0395)

[Infrastructure]
  INCLUDED         _index.md  (sha256 fb736219786c)
  INCLUDED         AIDE_Infrastructure_MCPDeliveryModel_v2.md  (sha256 f3dc59b384b2)
  INCLUDED         Infrastructure_CLI_Decisions_v1.md  (sha256 7a16726b5162)
  INCLUDED         Infrastructure_CLI_Design_v1.md  (sha256 12e05744ff4a)
  INCLUDED         Infrastructure_Working_v1.md  (sha256 1d7a11e25a57)

[Infrastructure\binder-builder]
  INCLUDED         binder_builder_Documentation_settings.json  (sha256 b9b89306305b)
  INCLUDED         BinderBuilder_Design_v10.md  (sha256 07a3284570d1)
  INCLUDED         README.md  (sha256 9c905047ab5a)

[Infrastructure\file-update-package]
  INCLUDED         file_update_package_settings.json  (sha256 15617061295c)
  INCLUDED         FileUpdatePackage_Design_v2.md  (sha256 142b729606f8)
  INCLUDED         README.md  (sha256 747bc371ff85)

[Infrastructure\version-cleanup]
  INCLUDED         README.md  (sha256 307a43363adb)
  INCLUDED         version_cleanup_settings.json  (sha256 c17e9142e485)
  INCLUDED         VersionCleanup_Design_v3.md  (sha256 329d08514ab2)

[Messaging]
  INCLUDED         _index.md  (sha256 0068c2702d8b)
  INCLUDED         Messaging_Brief_v1.md  (sha256 c1687d821833)
  INCLUDED         Messaging_Decisions_v4.md  (sha256 c6a0f75cba95)
  INCLUDED         Messaging_Design_v4.md  (sha256 48b767e284b0)
  INCLUDED         Messaging_Standard_v4.md  (sha256 39a0045e2403)
  INCLUDED         Messaging_Tool_v4.md  (sha256 c0a40ad3383d)

[Orchestration]
  INCLUDED         AIDE_Orchestration_Decisions_v5.md  (sha256 98d336117a70)
  INCLUDED         AIDE_Orchestration_Design_v5.md  (sha256 5cb84235137a)
  INCLUDED         AIDE_Orchestration_UseCases_v2.md  (sha256 5d4ecab3a53d)

[Principles]
  INCLUDED         Principles_Decisions_v5.md  (sha256 33df0c86fba0)
  INCLUDED         Principles_Design_v5.md  (sha256 ba6e146bf1b7)
  INCLUDED         Principles_Standard_v2.md  (sha256 a2c5cf6f320d)

[Project Design]
  INCLUDED         _index.md  (sha256 45fb54887487)
  INCLUDED         ProjectDesign_Decisions_v3.md  (sha256 61029b610785)
  INCLUDED         ProjectDesign_Design_v3.md  (sha256 845df7d3ba79)
  INCLUDED         ProjectDesign_Schema_Standard_v1.md  (sha256 23316ba5d013)
  INCLUDED         ProjectDesign_Standard_v5.md  (sha256 c035df4e8b17)

[Standards]
  INCLUDED         _index.md  (sha256 3bd4678a60c0)
  INCLUDED         Standards_Authoring_Standard_v8.md  (sha256 e52f99825c80)
  INCLUDED         Standards_Consumption_Standard_v3.md  (sha256 b801499930ac)
  INCLUDED         Standards_Decisions_v4.md  (sha256 fcda250bc8aa)
  INCLUDED         Standards_Design_v3.md  (sha256 4a6a79a3a0f1)
  INCLUDED         Standards_Working_v1.md  (sha256 9677537477ab)

[Tools]
  INCLUDED         _index.md  (sha256 7bb05b130edc)
  INCLUDED         Tools_Authoring_Standard_v8.md  (sha256 d05452eddaa6)
  INCLUDED         Tools_Decisions_v7.md  (sha256 f83f2411202f)
  INCLUDED         Tools_Design_v6.md  (sha256 62b2eb15c979)

[Working Practices]
  INCLUDED         _index.md  (sha256 ecd5c0c3a229)
  INCLUDED         WorkingPractices_Standard_v2.md  (sha256 4819d41b184b)
  INCLUDED         WP_Brief_v2.md  (sha256 844fa051dedb)
  INCLUDED         WP_Capture_Working_v1.md  (sha256 54171d4dea8b)
  INCLUDED         WP_ContentDelivery_Working_v1.md  (sha256 6b858ff04f50)
  INCLUDED         WP_Decisions_v4.md  (sha256 9957a8fb75f9)
  INCLUDED         WP_Design_v6.md  (sha256 da8923648608)
  INCLUDED         WP_WorkManagement_Working_v1.md  (sha256 59a0bba2401c)

[Working Practices\Boards]
  INCLUDED         WP_Boards_Decisions_v1.md  (sha256 33320d50ac48)
  INCLUDED         WP_Boards_Design_v1.md  (sha256 13384c9edecf)

[Working Practices\FileOps]
  INCLUDED         WP_FileOps_Working_v1.md  (sha256 f2ffcdd7c76f)

[_binder]
  DELETED          AIDE_Documentation_Binder_v110.md
  WRITTEN          AIDE_Documentation_Binder_v111.md  (96 files, 1096350 bytes)

[_rebuild]
  INCLUDED         AIDE_Component_PurposeLines_v2.md  (sha256 b1836489f28b)
  INCLUDED         AIDE_Rebuild_Guide_v1.md  (sha256 01ceb45e507b)
  INCLUDED         AIDE_Rebuild_Overview_v1.md  (sha256 5a65c44f5991)
  INCLUDED         AIDE_Rebuild_SettledDecisions_v1.md  (sha256 33593102e982)
  INCLUDED         Assurance_Brief_Sketch_v2.md  (sha256 1c61ea8c6846)
  INCLUDED         Build_Input_Working_v1.md  (sha256 1bb3513464e6)
  INCLUDED         deployment_plugin_working_v1.md  (sha256 87c99a1e5bf3)
  INCLUDED         ProjectDesign_Decisions_Pending_v1.md  (sha256 647aacf4c1ad)
  INCLUDED         ProjectDesign_Design_Pending_v1.md  (sha256 587bc4c6165f)
  INCLUDED         ProjectDesign_StandardInputs_Pending_v1.md  (sha256 710b74bb0958)
  INCLUDED         ProjectDesign_WorkRegister_Pending_v1.md  (sha256 638ebbfb6eef)
  INCLUDED         WP_Check1_Assessment_v1.md  (sha256 dba57b98ffda)
  INCLUDED         WP_CoreCarries_v2.md  (sha256 2f3ab75ce434)
  SKIPPED          AIDE_DesignApproach_WIP_v1.md: matches exclude_files pattern "*_WIP_*"
  SKIPPED          AIDE_Rebuild_WIP_v24.md: matches exclude_files pattern "*_WIP_*"

------------------------------------------------------------------------
Result: 96 included, 5 skipped, 1 written, 1 deleted
========================================================================

========================================================================
binder builder   2026-09-18 09:07:12   LIVE
binder:   AIDE_Documentation
root:     C:\Users\david\dev\repos\DigitalBusiness-AIDE\Documentation
settings: C:\Users\david\dev\repos\DigitalBusiness-AIDE\Documentation\_aide\utilities\binder-builder\binder_builder_AIDE_Documentation_settings.json
include:  ~/_rebuild
folders collected from: 19
change detection: AIDE_Documentation_Binder_v111.md: 5 added, 9 changed (Build/_index.md, Orchestration/_index.md, Principles/_index.md, and 11 more) - rebuilding
------------------------------------------------------------------------

[.]
  INCLUDED         _index.md  (sha256 602ca83ea55c)
  INCLUDED         AIDE_Orchestration_Investigation_Findings.md  (sha256 e7c281c19fb4)
  INCLUDED         AIDE_Solution_Map.md  (sha256 3c2294f7ae2b)
  SKIPPED          AIDE_Board.html: matches exclude_files pattern "*_Board.html"
  SKIPPED          AIDE_Documentation_WIP_v27.md: matches exclude_files pattern "*_WIP_*"
  SKIPPED          AIDE_Orchestration_WIP_v1.md: matches exclude_files pattern "*_WIP_*"

[Assurance]
  INCLUDED         _index.md  (sha256 c53048b16d81)
  INCLUDED         AIDE_Assurance_Cases_Working_v1.md  (sha256 2147d7d8e090)
  INCLUDED         Assurance_Decisions_v3.md  (sha256 da10aeeba9f4)
  INCLUDED         Assurance_Design_v3.md  (sha256 9590897a017b)
  INCLUDED         Assurance_Standard_v1.md  (sha256 16dcf04b00e1)

[Build]
  INCLUDED         _index.md  (sha256 d0a4c7492914)
  INCLUDED         Build_Brief_v4.md  (sha256 d9717a0475c0)
  INCLUDED         Build_Decisions_v8.md  (sha256 f9a1ac65dfe3)
  INCLUDED         Build_Design_v8.md  (sha256 2987f32273f9)
  INCLUDED         Build_Overview_v6.md  (sha256 5fce6400bb23)

[Core]
  INCLUDED         _index.md  (sha256 7f8715826510)
  INCLUDED         Core_AIDEMap.md  (sha256 5f8331b0988d)
  INCLUDED         Core_AIDEPrinciples_Decisions_v1.md  (sha256 655de3e64709)
  INCLUDED         Core_AIDEPrinciples_Design_v1.md  (sha256 60e20e8d0b9d)
  INCLUDED         Core_Brief_v2.md  (sha256 23d1f1d1f622)
  INCLUDED         Core_Charter_v1.md  (sha256 3e5f5332b783)
  INCLUDED         Core_Decisions_v1.md  (sha256 2545fa050c39)
  INCLUDED         Core_Design_v5.md  (sha256 6218e741a9ca)
  INCLUDED         Core_Schema_Standard_v3.md  (sha256 49c6de8da5bb)
  INCLUDED         Core_Structure_Decisions_v1.md  (sha256 2217f6768b89)
  INCLUDED         Core_Structure_Design_v1.md  (sha256 f464dc43de50)
  INCLUDED         Core_Tags_Working_v1.md  (sha256 ae6557378adf)

[Documentation Methodology]
  INCLUDED         _index.md  (sha256 0d1bf372103e)
  INCLUDED         DocMeth_Brief_v1.md  (sha256 60c5cf3f5d79)
  INCLUDED         DocMeth_Decisions_v7.md  (sha256 15daf15e27ef)
  INCLUDED         DocMeth_Design_v6.md  (sha256 8b5d6a24a5d7)
  INCLUDED         DocMeth_Working_v9.md  (sha256 952a2287d1d0)
  INCLUDED         DocumentationMethodology_SchemaAuthoring_Standard_v1.md  (sha256 37a837a65cb3)
  INCLUDED         DocumentationMethodology_SchemaDefinitions_Standard_v1.md  (sha256 8098d9714c57)
  INCLUDED         DocumentationMethodology_Standard_v1.md  (sha256 8301aa2a0395)

[Infrastructure]
  INCLUDED         _index.md  (sha256 3a9629bd73a4)
  INCLUDED         AIDE_Infrastructure_MCPDeliveryModel_v2.md  (sha256 f3dc59b384b2)
  INCLUDED         Infrastructure_CLI_Decisions_v1.md  (sha256 7a16726b5162)
  INCLUDED         Infrastructure_CLI_Design_v1.md  (sha256 12e05744ff4a)
  INCLUDED         Infrastructure_Working_v1.md  (sha256 1d7a11e25a57)

[Infrastructure\binder-builder]
  INCLUDED         binder_builder_Documentation_settings.json  (sha256 b9b89306305b)
  INCLUDED         BinderBuilder_Design_v10.md  (sha256 07a3284570d1)
  INCLUDED         README.md  (sha256 9c905047ab5a)

[Infrastructure\file-update-package]
  INCLUDED         file_update_package_settings.json  (sha256 15617061295c)
  INCLUDED         FileUpdatePackage_Design_v2.md  (sha256 142b729606f8)
  INCLUDED         README.md  (sha256 747bc371ff85)

[Infrastructure\version-cleanup]
  INCLUDED         README.md  (sha256 307a43363adb)
  INCLUDED         version_cleanup_settings.json  (sha256 c17e9142e485)
  INCLUDED         VersionCleanup_Design_v3.md  (sha256 329d08514ab2)

[Messaging]
  INCLUDED         _index.md  (sha256 a2ec25975239)
  INCLUDED         Messaging_Brief_v1.md  (sha256 c1687d821833)
  INCLUDED         Messaging_Decisions_v4.md  (sha256 c6a0f75cba95)
  INCLUDED         Messaging_Design_v4.md  (sha256 48b767e284b0)
  INCLUDED         Messaging_Standard_v4.md  (sha256 39a0045e2403)
  INCLUDED         Messaging_Tool_v4.md  (sha256 c0a40ad3383d)

[Orchestration]
  INCLUDED         _index.md  (sha256 581a82f86948)
  INCLUDED         AIDE_Orchestration_Decisions_v5.md  (sha256 98d336117a70)
  INCLUDED         AIDE_Orchestration_Design_v5.md  (sha256 5cb84235137a)
  INCLUDED         AIDE_Orchestration_UseCases_v2.md  (sha256 5d4ecab3a53d)

[Principles]
  INCLUDED         _index.md  (sha256 2af1093a8f6f)
  INCLUDED         Principles_Decisions_v5.md  (sha256 33df0c86fba0)
  INCLUDED         Principles_Design_v5.md  (sha256 ba6e146bf1b7)
  INCLUDED         Principles_Standard_v2.md  (sha256 a2c5cf6f320d)

[Project Design]
  INCLUDED         _index.md  (sha256 72d729aab7af)
  INCLUDED         ProjectDesign_Decisions_v3.md  (sha256 61029b610785)
  INCLUDED         ProjectDesign_Design_v3.md  (sha256 845df7d3ba79)
  INCLUDED         ProjectDesign_Schema_Standard_v1.md  (sha256 23316ba5d013)
  INCLUDED         ProjectDesign_Standard_v5.md  (sha256 c035df4e8b17)

[Standards]
  INCLUDED         _index.md  (sha256 f6a234068f1d)
  INCLUDED         Standards_Authoring_Standard_v8.md  (sha256 e52f99825c80)
  INCLUDED         Standards_Consumption_Standard_v3.md  (sha256 b801499930ac)
  INCLUDED         Standards_Decisions_v4.md  (sha256 fcda250bc8aa)
  INCLUDED         Standards_Design_v3.md  (sha256 4a6a79a3a0f1)
  INCLUDED         Standards_Working_v1.md  (sha256 9677537477ab)

[Tools]
  INCLUDED         _index.md  (sha256 0d2984060e1f)
  INCLUDED         Tools_Authoring_Standard_v8.md  (sha256 d05452eddaa6)
  INCLUDED         Tools_Decisions_v7.md  (sha256 f83f2411202f)
  INCLUDED         Tools_Design_v6.md  (sha256 62b2eb15c979)

[Working Practices]
  INCLUDED         _index.md  (sha256 4daeb902eb19)
  INCLUDED         WorkingPractices_Standard_v2.md  (sha256 4819d41b184b)
  INCLUDED         WP_Brief_v2.md  (sha256 844fa051dedb)
  INCLUDED         WP_Capture_Working_v1.md  (sha256 54171d4dea8b)
  INCLUDED         WP_ContentDelivery_Working_v1.md  (sha256 6b858ff04f50)
  INCLUDED         WP_Decisions_v4.md  (sha256 9957a8fb75f9)
  INCLUDED         WP_Design_v6.md  (sha256 da8923648608)
  INCLUDED         WP_WorkManagement_Working_v1.md  (sha256 59a0bba2401c)

[Working Practices\Boards]
  INCLUDED         _index.md  (sha256 f70b06bd11fa)
  INCLUDED         WP_Boards_Decisions_v1.md  (sha256 33320d50ac48)
  INCLUDED         WP_Boards_Design_v1.md  (sha256 13384c9edecf)

[Working Practices\FileOps]
  INCLUDED         WP_FileOps_Working_v1.md  (sha256 f2ffcdd7c76f)

[_binder]
  DELETED          AIDE_Documentation_Binder_v111.md
  WRITTEN          AIDE_Documentation_Binder_v112.md  (101 files, 1101064 bytes)

[_rebuild]
  INCLUDED         AIDE_Component_PurposeLines_v2.md  (sha256 b1836489f28b)
  INCLUDED         AIDE_Rebuild_Guide_v1.md  (sha256 01ceb45e507b)
  INCLUDED         AIDE_Rebuild_Overview_v1.md  (sha256 5a65c44f5991)
  INCLUDED         AIDE_Rebuild_SettledDecisions_v1.md  (sha256 33593102e982)
  INCLUDED         Assurance_Brief_Sketch_v2.md  (sha256 1c61ea8c6846)
  INCLUDED         Build_Input_Working_v1.md  (sha256 1bb3513464e6)
  INCLUDED         deployment_plugin_working_v1.md  (sha256 87c99a1e5bf3)
  INCLUDED         ProjectDesign_Decisions_Pending_v1.md  (sha256 647aacf4c1ad)
  INCLUDED         ProjectDesign_Design_Pending_v1.md  (sha256 587bc4c6165f)
  INCLUDED         ProjectDesign_StandardInputs_Pending_v1.md  (sha256 710b74bb0958)
  INCLUDED         ProjectDesign_WorkRegister_Pending_v1.md  (sha256 638ebbfb6eef)
  INCLUDED         WP_Check1_Assessment_v1.md  (sha256 dba57b98ffda)
  INCLUDED         WP_CoreCarries_v2.md  (sha256 2f3ab75ce434)
  SKIPPED          AIDE_DesignApproach_WIP_v1.md: matches exclude_files pattern "*_WIP_*"
  SKIPPED          AIDE_Rebuild_WIP_v24.md: matches exclude_files pattern "*_WIP_*"

------------------------------------------------------------------------
Result: 101 included, 5 skipped, 1 written, 1 deleted
========================================================================

========================================================================
binder builder   2026-09-22 15:53:59   LIVE
binder:   AIDE_Documentation
root:     C:\Users\david\dev\repos\DigitalBusiness-AIDE\Documentation
settings: C:\Users\david\dev\repos\DigitalBusiness-AIDE\Documentation\_aide\utilities\binder-builder\binder_builder_AIDE_Documentation_settings.json
include:  ~/_rebuild
folders collected from: 19
change detection: AIDE_Documentation_Binder_v112.md: 44 changed (AIDE_Orchestration_Investigation_Findings.md, AIDE_Solution_Map.md, Assurance/AIDE_Assurance_Cases_Working_v1.md, and 41 more) - rebuilding
------------------------------------------------------------------------

[.]
  INCLUDED         _index.md  (sha256 58eabf248047)
  INCLUDED         AIDE_Orchestration_Investigation_Findings.md  (sha256 33b558f610ab)
  INCLUDED         AIDE_Solution_Map.md  (sha256 f7260ab91b37)
  SKIPPED          AIDE_Board.html: matches exclude_files pattern "*_Board.html"
  SKIPPED          AIDE_Documentation_WIP_v27.md: matches exclude_files pattern "*_WIP_*"
  SKIPPED          AIDE_Orchestration_WIP_v1.md: matches exclude_files pattern "*_WIP_*"

[Assurance]
  INCLUDED         _index.md  (sha256 d9fef2a2cfc2)
  INCLUDED         AIDE_Assurance_Cases_Working_v1.md  (sha256 fa41200d451f)
  INCLUDED         Assurance_Decisions_v3.md  (sha256 da10aeeba9f4)
  INCLUDED         Assurance_Design_v3.md  (sha256 9590897a017b)
  INCLUDED         Assurance_Standard_v1.md  (sha256 16dcf04b00e1)

[Build]
  INCLUDED         _index.md  (sha256 0db7cf175821)
  INCLUDED         Build_Brief_v4.md  (sha256 d9717a0475c0)
  INCLUDED         Build_Decisions_v8.md  (sha256 f9a1ac65dfe3)
  INCLUDED         Build_Design_v8.md  (sha256 2987f32273f9)
  INCLUDED         Build_Overview_v6.md  (sha256 5fce6400bb23)

[Core]
  INCLUDED         _index.md  (sha256 ef45ec5cb51e)
  INCLUDED         Core_AIDEMap.md  (sha256 5f8331b0988d)
  INCLUDED         Core_AIDEPrinciples_Decisions_v1.md  (sha256 ca6507a444f0)
  INCLUDED         Core_AIDEPrinciples_Design_v1.md  (sha256 92c4e46ff807)
  INCLUDED         Core_Brief_v2.md  (sha256 23d1f1d1f622)
  INCLUDED         Core_Charter_v1.md  (sha256 51fb5eb1bf14)
  INCLUDED         Core_Decisions_v1.md  (sha256 2545fa050c39)
  INCLUDED         Core_Design_v5.md  (sha256 6218e741a9ca)
  INCLUDED         Core_Schema_Standard_v3.md  (sha256 49c6de8da5bb)
  INCLUDED         Core_Structure_Decisions_v1.md  (sha256 cfe938b49cc1)
  INCLUDED         Core_Structure_Design_v1.md  (sha256 e37b38c240b7)
  INCLUDED         Core_Tags_Working_v1.md  (sha256 111c793579dd)

[Documentation Methodology]
  INCLUDED         _index.md  (sha256 39072c89a5fe)
  INCLUDED         DocMeth_Brief_v1.md  (sha256 60c5cf3f5d79)
  INCLUDED         DocMeth_Decisions_v7.md  (sha256 15daf15e27ef)
  INCLUDED         DocMeth_Design_v6.md  (sha256 8b5d6a24a5d7)
  INCLUDED         DocMeth_Working_v9.md  (sha256 952a2287d1d0)
  INCLUDED         DocumentationMethodology_SchemaAuthoring_Standard_v1.md  (sha256 37a837a65cb3)
  INCLUDED         DocumentationMethodology_SchemaDefinitions_Standard_v1.md  (sha256 8098d9714c57)
  INCLUDED         DocumentationMethodology_Standard_v1.md  (sha256 8301aa2a0395)

[Infrastructure]
  INCLUDED         _index.md  (sha256 5d96017f27d6)
  INCLUDED         AIDE_Infrastructure_MCPDeliveryModel_v2.md  (sha256 e3c945043477)
  INCLUDED         Infrastructure_CLI_Decisions_v1.md  (sha256 a9ceaa12461f)
  INCLUDED         Infrastructure_CLI_Design_v1.md  (sha256 acbe170e16bb)
  INCLUDED         Infrastructure_Working_v1.md  (sha256 80a5dc6e19e8)

[Infrastructure\binder-builder]
  INCLUDED         binder_builder_Documentation_settings.json  (sha256 b9b89306305b)
  INCLUDED         BinderBuilder_Design_v10.md  (sha256 518121d99d79)
  INCLUDED         README.md  (sha256 9c905047ab5a)

[Infrastructure\file-update-package]
  INCLUDED         file_update_package_settings.json  (sha256 15617061295c)
  INCLUDED         FileUpdatePackage_Design_v2.md  (sha256 76a4c37c468f)
  INCLUDED         README.md  (sha256 747bc371ff85)

[Infrastructure\version-cleanup]
  INCLUDED         README.md  (sha256 307a43363adb)
  INCLUDED         version_cleanup_settings.json  (sha256 c17e9142e485)
  INCLUDED         VersionCleanup_Design_v3.md  (sha256 c672be61d03a)

[Messaging]
  INCLUDED         _index.md  (sha256 9f8bf0ae5c0c)
  INCLUDED         Messaging_Brief_v1.md  (sha256 c1687d821833)
  INCLUDED         Messaging_Decisions_v4.md  (sha256 c6a0f75cba95)
  INCLUDED         Messaging_Design_v4.md  (sha256 48b767e284b0)
  INCLUDED         Messaging_Standard_v4.md  (sha256 39a0045e2403)
  INCLUDED         Messaging_Tool_v4.md  (sha256 c0a40ad3383d)

[Orchestration]
  INCLUDED         _index.md  (sha256 0534823e42d0)
  INCLUDED         AIDE_Orchestration_Decisions_v5.md  (sha256 98d336117a70)
  INCLUDED         AIDE_Orchestration_Design_v5.md  (sha256 5cb84235137a)
  INCLUDED         AIDE_Orchestration_UseCases_v2.md  (sha256 5d4ecab3a53d)

[Principles]
  INCLUDED         _index.md  (sha256 e017158230f6)
  INCLUDED         Principles_Decisions_v5.md  (sha256 386c2fc6d73d)
  INCLUDED         Principles_Design_v5.md  (sha256 2fb814c2c175)
  INCLUDED         Principles_Standard_v2.md  (sha256 a2c5cf6f320d)

[Project Design]
  INCLUDED         _index.md  (sha256 114abd78ea1a)
  INCLUDED         ProjectDesign_Decisions_v3.md  (sha256 8e6fee73bdf9)
  INCLUDED         ProjectDesign_Design_v3.md  (sha256 2c4f60adb4f9)
  INCLUDED         ProjectDesign_Schema_Standard_v1.md  (sha256 23316ba5d013)
  INCLUDED         ProjectDesign_Standard_v5.md  (sha256 c035df4e8b17)

[Standards]
  INCLUDED         _index.md  (sha256 4d43a11ea4c4)
  INCLUDED         Standards_Authoring_Standard_v8.md  (sha256 e52f99825c80)
  INCLUDED         Standards_Consumption_Standard_v3.md  (sha256 b801499930ac)
  INCLUDED         Standards_Decisions_v4.md  (sha256 38207b4e2082)
  INCLUDED         Standards_Design_v3.md  (sha256 07cbe0cd1fc0)
  INCLUDED         Standards_Working_v1.md  (sha256 ba94a61fa3ca)

[Tools]
  INCLUDED         _index.md  (sha256 92a6e49f0c6f)
  INCLUDED         Tools_Authoring_Standard_v8.md  (sha256 d05452eddaa6)
  INCLUDED         Tools_Decisions_v7.md  (sha256 13ac6443f896)
  INCLUDED         Tools_Design_v6.md  (sha256 7554396473ca)

[Working Practices]
  INCLUDED         _index.md  (sha256 7b2b63d2efea)
  INCLUDED         WorkingPractices_Standard_v2.md  (sha256 4819d41b184b)
  INCLUDED         WP_Brief_v2.md  (sha256 8033b884c2db)
  INCLUDED         WP_Capture_Working_v1.md  (sha256 c47c90767511)
  INCLUDED         WP_ContentDelivery_Working_v1.md  (sha256 388b8f4d4b72)
  INCLUDED         WP_Decisions_v4.md  (sha256 9957a8fb75f9)
  INCLUDED         WP_Design_v6.md  (sha256 da8923648608)
  INCLUDED         WP_WorkManagement_Working_v1.md  (sha256 122b3cd42cc8)

[Working Practices\Boards]
  INCLUDED         _index.md  (sha256 30e6450ac364)
  INCLUDED         WP_Boards_Decisions_v1.md  (sha256 33320d50ac48)
  INCLUDED         WP_Boards_Design_v1.md  (sha256 13384c9edecf)

[Working Practices\FileOps]
  INCLUDED         WP_FileOps_Working_v1.md  (sha256 6097d4250b37)

[_binder]
  DELETED          AIDE_Documentation_Binder_v112.md
  WRITTEN          AIDE_Documentation_Binder_v113.md  (101 files, 1102376 bytes)

[_rebuild]
  INCLUDED         AIDE_Component_PurposeLines_v2.md  (sha256 b1836489f28b)
  INCLUDED         AIDE_Rebuild_Guide_v1.md  (sha256 01ceb45e507b)
  INCLUDED         AIDE_Rebuild_Overview_v1.md  (sha256 5a65c44f5991)
  INCLUDED         AIDE_Rebuild_SettledDecisions_v1.md  (sha256 33593102e982)
  INCLUDED         Assurance_Brief_Sketch_v2.md  (sha256 1c61ea8c6846)
  INCLUDED         Build_Input_Working_v1.md  (sha256 1bb3513464e6)
  INCLUDED         deployment_plugin_working_v1.md  (sha256 87c99a1e5bf3)
  INCLUDED         ProjectDesign_Decisions_Pending_v1.md  (sha256 647aacf4c1ad)
  INCLUDED         ProjectDesign_Design_Pending_v1.md  (sha256 587bc4c6165f)
  INCLUDED         ProjectDesign_StandardInputs_Pending_v1.md  (sha256 710b74bb0958)
  INCLUDED         ProjectDesign_WorkRegister_Pending_v1.md  (sha256 638ebbfb6eef)
  INCLUDED         WP_Check1_Assessment_v1.md  (sha256 dba57b98ffda)
  INCLUDED         WP_CoreCarries_v2.md  (sha256 2f3ab75ce434)
  SKIPPED          AIDE_DesignApproach_WIP_v1.md: matches exclude_files pattern "*_WIP_*"
  SKIPPED          AIDE_Rebuild_WIP_v24.md: matches exclude_files pattern "*_WIP_*"

------------------------------------------------------------------------
Result: 101 included, 5 skipped, 1 written, 1 deleted
========================================================================

========================================================================
binder builder   2026-09-22 17:40:39   LIVE
binder:   AIDE_Documentation
root:     C:\Users\david\dev\repos\DigitalBusiness-AIDE\Documentation
settings: C:\Users\david\dev\repos\DigitalBusiness-AIDE\Documentation\_aide\utilities\binder-builder\binder_builder_AIDE_Documentation_settings.json
include:  ~/_rebuild
folders collected from: 19
change detection: AIDE_Documentation_Binder_v113.md: 4 added, 4 removed, 14 changed (Core/Core_Design_v6.md, Core/Core_Structure_Decisions_v2.md, Core/Core_Structure_Design_v2.md, and 19 more) - rebuilding
------------------------------------------------------------------------

[.]
  INCLUDED         _index.md  (sha256 173f40558b1b)
  INCLUDED         AIDE_Orchestration_Investigation_Findings.md  (sha256 33b558f610ab)
  INCLUDED         AIDE_Solution_Map.md  (sha256 f7260ab91b37)
  SKIPPED          AIDE_Board.html: matches exclude_files pattern "*_Board.html"
  SKIPPED          AIDE_Documentation_WIP_v27.md: matches exclude_files pattern "*_WIP_*"
  SKIPPED          AIDE_Orchestration_WIP_v1.md: matches exclude_files pattern "*_WIP_*"

[Assurance]
  INCLUDED         _index.md  (sha256 e931b42dcfcb)
  INCLUDED         AIDE_Assurance_Cases_Working_v1.md  (sha256 fa41200d451f)
  INCLUDED         Assurance_Decisions_v3.md  (sha256 da10aeeba9f4)
  INCLUDED         Assurance_Design_v3.md  (sha256 9590897a017b)
  INCLUDED         Assurance_Standard_v1.md  (sha256 16dcf04b00e1)

[Build]
  INCLUDED         _index.md  (sha256 9a75e5df84b4)
  INCLUDED         Build_Brief_v4.md  (sha256 d9717a0475c0)
  INCLUDED         Build_Decisions_v8.md  (sha256 f9a1ac65dfe3)
  INCLUDED         Build_Design_v8.md  (sha256 2987f32273f9)
  INCLUDED         Build_Overview_v6.md  (sha256 5fce6400bb23)

[Core]
  INCLUDED         _index.md  (sha256 218f4527af49)
  INCLUDED         Core_AIDEMap.md  (sha256 5f8331b0988d)
  INCLUDED         Core_AIDEPrinciples_Decisions_v1.md  (sha256 ca6507a444f0)
  INCLUDED         Core_AIDEPrinciples_Design_v1.md  (sha256 92c4e46ff807)
  INCLUDED         Core_Brief_v2.md  (sha256 23d1f1d1f622)
  INCLUDED         Core_Charter_v1.md  (sha256 51fb5eb1bf14)
  INCLUDED         Core_Decisions_v1.md  (sha256 2545fa050c39)
  INCLUDED         Core_Design_v6.md  (sha256 971a67e53789)
  INCLUDED         Core_Structure_Decisions_v2.md  (sha256 036083c7b766)
  INCLUDED         Core_Structure_Design_v2.md  (sha256 44b721ff071a)
  INCLUDED         Core_Structure_Standard_v1.md  (sha256 947cc4265841)
  INCLUDED         Core_Tags_Working_v1.md  (sha256 111c793579dd)

[Documentation Methodology]
  INCLUDED         _index.md  (sha256 65236d98d709)
  INCLUDED         DocMeth_Brief_v1.md  (sha256 60c5cf3f5d79)
  INCLUDED         DocMeth_Decisions_v7.md  (sha256 15daf15e27ef)
  INCLUDED         DocMeth_Design_v6.md  (sha256 8b5d6a24a5d7)
  INCLUDED         DocMeth_Working_v9.md  (sha256 952a2287d1d0)
  INCLUDED         DocumentationMethodology_SchemaAuthoring_Standard_v1.md  (sha256 37a837a65cb3)
  INCLUDED         DocumentationMethodology_SchemaDefinitions_Standard_v1.md  (sha256 8098d9714c57)
  INCLUDED         DocumentationMethodology_Standard_v1.md  (sha256 8301aa2a0395)

[Infrastructure]
  INCLUDED         _index.md  (sha256 7732b7fca4c2)
  INCLUDED         AIDE_Infrastructure_MCPDeliveryModel_v2.md  (sha256 e3c945043477)
  INCLUDED         Infrastructure_CLI_Decisions_v1.md  (sha256 a9ceaa12461f)
  INCLUDED         Infrastructure_CLI_Design_v1.md  (sha256 acbe170e16bb)
  INCLUDED         Infrastructure_Working_v1.md  (sha256 80a5dc6e19e8)

[Infrastructure\binder-builder]
  INCLUDED         binder_builder_Documentation_settings.json  (sha256 b9b89306305b)
  INCLUDED         BinderBuilder_Design_v10.md  (sha256 518121d99d79)
  INCLUDED         README.md  (sha256 9c905047ab5a)

[Infrastructure\file-update-package]
  INCLUDED         file_update_package_settings.json  (sha256 15617061295c)
  INCLUDED         FileUpdatePackage_Design_v2.md  (sha256 76a4c37c468f)
  INCLUDED         README.md  (sha256 747bc371ff85)

[Infrastructure\version-cleanup]
  INCLUDED         README.md  (sha256 307a43363adb)
  INCLUDED         version_cleanup_settings.json  (sha256 c17e9142e485)
  INCLUDED         VersionCleanup_Design_v3.md  (sha256 c672be61d03a)

[Messaging]
  INCLUDED         _index.md  (sha256 24b02a283278)
  INCLUDED         Messaging_Brief_v1.md  (sha256 c1687d821833)
  INCLUDED         Messaging_Decisions_v4.md  (sha256 c6a0f75cba95)
  INCLUDED         Messaging_Design_v4.md  (sha256 48b767e284b0)
  INCLUDED         Messaging_Standard_v4.md  (sha256 39a0045e2403)
  INCLUDED         Messaging_Tool_v4.md  (sha256 c0a40ad3383d)

[Orchestration]
  INCLUDED         _index.md  (sha256 d4bf32394bbd)
  INCLUDED         AIDE_Orchestration_Decisions_v5.md  (sha256 98d336117a70)
  INCLUDED         AIDE_Orchestration_Design_v5.md  (sha256 5cb84235137a)
  INCLUDED         AIDE_Orchestration_UseCases_v2.md  (sha256 5d4ecab3a53d)

[Principles]
  INCLUDED         _index.md  (sha256 a2b316acd172)
  INCLUDED         Principles_Decisions_v5.md  (sha256 386c2fc6d73d)
  INCLUDED         Principles_Design_v5.md  (sha256 2fb814c2c175)
  INCLUDED         Principles_Standard_v2.md  (sha256 a2c5cf6f320d)

[Project Design]
  INCLUDED         _index.md  (sha256 7ba2f75cfec1)
  INCLUDED         ProjectDesign_Decisions_v3.md  (sha256 8e6fee73bdf9)
  INCLUDED         ProjectDesign_Design_v3.md  (sha256 2c4f60adb4f9)
  INCLUDED         ProjectDesign_Schema_Standard_v1.md  (sha256 23316ba5d013)
  INCLUDED         ProjectDesign_Standard_v5.md  (sha256 c035df4e8b17)

[Standards]
  INCLUDED         _index.md  (sha256 09379ef5eb4d)
  INCLUDED         Standards_Authoring_Standard_v8.md  (sha256 e52f99825c80)
  INCLUDED         Standards_Consumption_Standard_v3.md  (sha256 b801499930ac)
  INCLUDED         Standards_Decisions_v4.md  (sha256 38207b4e2082)
  INCLUDED         Standards_Design_v3.md  (sha256 07cbe0cd1fc0)
  INCLUDED         Standards_Working_v1.md  (sha256 ba94a61fa3ca)

[Tools]
  INCLUDED         _index.md  (sha256 90e0fa4aa6b7)
  INCLUDED         Tools_Authoring_Standard_v8.md  (sha256 d05452eddaa6)
  INCLUDED         Tools_Decisions_v7.md  (sha256 13ac6443f896)
  INCLUDED         Tools_Design_v6.md  (sha256 7554396473ca)

[Working Practices]
  INCLUDED         _index.md  (sha256 9b092e153fc7)
  INCLUDED         WorkingPractices_Standard_v2.md  (sha256 4819d41b184b)
  INCLUDED         WP_Brief_v2.md  (sha256 8033b884c2db)
  INCLUDED         WP_Capture_Working_v1.md  (sha256 c47c90767511)
  INCLUDED         WP_ContentDelivery_Working_v1.md  (sha256 388b8f4d4b72)
  INCLUDED         WP_Decisions_v4.md  (sha256 9957a8fb75f9)
  INCLUDED         WP_Design_v6.md  (sha256 da8923648608)
  INCLUDED         WP_WorkManagement_Working_v1.md  (sha256 122b3cd42cc8)

[Working Practices\Boards]
  INCLUDED         _index.md  (sha256 0ae0a05fb473)
  INCLUDED         WP_Boards_Decisions_v1.md  (sha256 33320d50ac48)
  INCLUDED         WP_Boards_Design_v1.md  (sha256 13384c9edecf)

[Working Practices\FileOps]
  INCLUDED         WP_FileOps_Working_v1.md  (sha256 6097d4250b37)

[_binder]
  DELETED          AIDE_Documentation_Binder_v113.md
  WRITTEN          AIDE_Documentation_Binder_v114.md  (101 files, 1110577 bytes)

[_rebuild]
  INCLUDED         AIDE_Component_PurposeLines_v2.md  (sha256 b1836489f28b)
  INCLUDED         AIDE_Rebuild_Guide_v1.md  (sha256 01ceb45e507b)
  INCLUDED         AIDE_Rebuild_Overview_v1.md  (sha256 5a65c44f5991)
  INCLUDED         AIDE_Rebuild_SettledDecisions_v1.md  (sha256 33593102e982)
  INCLUDED         Assurance_Brief_Sketch_v2.md  (sha256 1c61ea8c6846)
  INCLUDED         Build_Input_Working_v1.md  (sha256 1bb3513464e6)
  INCLUDED         deployment_plugin_working_v1.md  (sha256 87c99a1e5bf3)
  INCLUDED         ProjectDesign_Decisions_Pending_v1.md  (sha256 647aacf4c1ad)
  INCLUDED         ProjectDesign_Design_Pending_v1.md  (sha256 587bc4c6165f)
  INCLUDED         ProjectDesign_StandardInputs_Pending_v1.md  (sha256 710b74bb0958)
  INCLUDED         ProjectDesign_WorkRegister_Pending_v1.md  (sha256 638ebbfb6eef)
  INCLUDED         WP_Check1_Assessment_v1.md  (sha256 dba57b98ffda)
  INCLUDED         WP_CoreCarries_v2.md  (sha256 2f3ab75ce434)
  SKIPPED          AIDE_DesignApproach_WIP_v1.md: matches exclude_files pattern "*_WIP_*"
  SKIPPED          AIDE_Rebuild_WIP_v24.md: matches exclude_files pattern "*_WIP_*"

------------------------------------------------------------------------
Result: 101 included, 5 skipped, 1 written, 1 deleted
========================================================================

========================================================================
binder builder   2026-09-22 19:41:32   LIVE
binder:   AIDE_Documentation
root:     C:\Users\david\dev\repos\DigitalBusiness-AIDE\Documentation
settings: C:\Users\david\dev\repos\DigitalBusiness-AIDE\Documentation\_aide\utilities\binder-builder\binder_builder_AIDE_Documentation_settings.json
include:  ~/_rebuild
folders collected from: 19
change detection: AIDE_Documentation_Binder_v114.md: 1 changed (Working Practices/_index.md) - rebuilding
------------------------------------------------------------------------

[.]
  INCLUDED         _index.md  (sha256 173f40558b1b)
  INCLUDED         AIDE_Orchestration_Investigation_Findings.md  (sha256 33b558f610ab)
  INCLUDED         AIDE_Solution_Map.md  (sha256 f7260ab91b37)
  SKIPPED          AIDE_Board.html: matches exclude_files pattern "*_Board.html"
  SKIPPED          AIDE_Documentation_WIP_v27.md: matches exclude_files pattern "*_WIP_*"
  SKIPPED          AIDE_Orchestration_WIP_v1.md: matches exclude_files pattern "*_WIP_*"

[Assurance]
  INCLUDED         _index.md  (sha256 e931b42dcfcb)
  INCLUDED         AIDE_Assurance_Cases_Working_v1.md  (sha256 fa41200d451f)
  INCLUDED         Assurance_Decisions_v3.md  (sha256 da10aeeba9f4)
  INCLUDED         Assurance_Design_v3.md  (sha256 9590897a017b)
  INCLUDED         Assurance_Standard_v1.md  (sha256 16dcf04b00e1)

[Build]
  INCLUDED         _index.md  (sha256 9a75e5df84b4)
  INCLUDED         Build_Brief_v4.md  (sha256 d9717a0475c0)
  INCLUDED         Build_Decisions_v8.md  (sha256 f9a1ac65dfe3)
  INCLUDED         Build_Design_v8.md  (sha256 2987f32273f9)
  INCLUDED         Build_Overview_v6.md  (sha256 5fce6400bb23)

[Core]
  INCLUDED         _index.md  (sha256 218f4527af49)
  INCLUDED         Core_AIDEMap.md  (sha256 5f8331b0988d)
  INCLUDED         Core_AIDEPrinciples_Decisions_v1.md  (sha256 ca6507a444f0)
  INCLUDED         Core_AIDEPrinciples_Design_v1.md  (sha256 92c4e46ff807)
  INCLUDED         Core_Brief_v2.md  (sha256 23d1f1d1f622)
  INCLUDED         Core_Charter_v1.md  (sha256 51fb5eb1bf14)
  INCLUDED         Core_Decisions_v1.md  (sha256 2545fa050c39)
  INCLUDED         Core_Design_v6.md  (sha256 971a67e53789)
  INCLUDED         Core_Structure_Decisions_v2.md  (sha256 036083c7b766)
  INCLUDED         Core_Structure_Design_v2.md  (sha256 44b721ff071a)
  INCLUDED         Core_Structure_Standard_v1.md  (sha256 947cc4265841)
  INCLUDED         Core_Tags_Working_v1.md  (sha256 111c793579dd)

[Documentation Methodology]
  INCLUDED         _index.md  (sha256 65236d98d709)
  INCLUDED         DocMeth_Brief_v1.md  (sha256 60c5cf3f5d79)
  INCLUDED         DocMeth_Decisions_v7.md  (sha256 15daf15e27ef)
  INCLUDED         DocMeth_Design_v6.md  (sha256 8b5d6a24a5d7)
  INCLUDED         DocMeth_Working_v9.md  (sha256 952a2287d1d0)
  INCLUDED         DocumentationMethodology_SchemaAuthoring_Standard_v1.md  (sha256 37a837a65cb3)
  INCLUDED         DocumentationMethodology_SchemaDefinitions_Standard_v1.md  (sha256 8098d9714c57)
  INCLUDED         DocumentationMethodology_Standard_v1.md  (sha256 8301aa2a0395)

[Infrastructure]
  INCLUDED         _index.md  (sha256 7732b7fca4c2)
  INCLUDED         AIDE_Infrastructure_MCPDeliveryModel_v2.md  (sha256 e3c945043477)
  INCLUDED         Infrastructure_CLI_Decisions_v1.md  (sha256 a9ceaa12461f)
  INCLUDED         Infrastructure_CLI_Design_v1.md  (sha256 acbe170e16bb)
  INCLUDED         Infrastructure_Working_v1.md  (sha256 80a5dc6e19e8)

[Infrastructure\binder-builder]
  INCLUDED         binder_builder_Documentation_settings.json  (sha256 b9b89306305b)
  INCLUDED         BinderBuilder_Design_v10.md  (sha256 518121d99d79)
  INCLUDED         README.md  (sha256 9c905047ab5a)

[Infrastructure\file-update-package]
  INCLUDED         file_update_package_settings.json  (sha256 15617061295c)
  INCLUDED         FileUpdatePackage_Design_v2.md  (sha256 76a4c37c468f)
  INCLUDED         README.md  (sha256 747bc371ff85)

[Infrastructure\version-cleanup]
  INCLUDED         README.md  (sha256 307a43363adb)
  INCLUDED         version_cleanup_settings.json  (sha256 c17e9142e485)
  INCLUDED         VersionCleanup_Design_v3.md  (sha256 c672be61d03a)

[Messaging]
  INCLUDED         _index.md  (sha256 24b02a283278)
  INCLUDED         Messaging_Brief_v1.md  (sha256 c1687d821833)
  INCLUDED         Messaging_Decisions_v4.md  (sha256 c6a0f75cba95)
  INCLUDED         Messaging_Design_v4.md  (sha256 48b767e284b0)
  INCLUDED         Messaging_Standard_v4.md  (sha256 39a0045e2403)
  INCLUDED         Messaging_Tool_v4.md  (sha256 c0a40ad3383d)

[Orchestration]
  INCLUDED         _index.md  (sha256 d4bf32394bbd)
  INCLUDED         AIDE_Orchestration_Decisions_v5.md  (sha256 98d336117a70)
  INCLUDED         AIDE_Orchestration_Design_v5.md  (sha256 5cb84235137a)
  INCLUDED         AIDE_Orchestration_UseCases_v2.md  (sha256 5d4ecab3a53d)

[Principles]
  INCLUDED         _index.md  (sha256 a2b316acd172)
  INCLUDED         Principles_Decisions_v5.md  (sha256 386c2fc6d73d)
  INCLUDED         Principles_Design_v5.md  (sha256 2fb814c2c175)
  INCLUDED         Principles_Standard_v2.md  (sha256 a2c5cf6f320d)

[Project Design]
  INCLUDED         _index.md  (sha256 7ba2f75cfec1)
  INCLUDED         ProjectDesign_Decisions_v3.md  (sha256 8e6fee73bdf9)
  INCLUDED         ProjectDesign_Design_v3.md  (sha256 2c4f60adb4f9)
  INCLUDED         ProjectDesign_Schema_Standard_v1.md  (sha256 23316ba5d013)
  INCLUDED         ProjectDesign_Standard_v5.md  (sha256 c035df4e8b17)

[Standards]
  INCLUDED         _index.md  (sha256 09379ef5eb4d)
  INCLUDED         Standards_Authoring_Standard_v8.md  (sha256 e52f99825c80)
  INCLUDED         Standards_Consumption_Standard_v3.md  (sha256 b801499930ac)
  INCLUDED         Standards_Decisions_v4.md  (sha256 38207b4e2082)
  INCLUDED         Standards_Design_v3.md  (sha256 07cbe0cd1fc0)
  INCLUDED         Standards_Working_v1.md  (sha256 ba94a61fa3ca)

[Tools]
  INCLUDED         _index.md  (sha256 90e0fa4aa6b7)
  INCLUDED         Tools_Authoring_Standard_v8.md  (sha256 d05452eddaa6)
  INCLUDED         Tools_Decisions_v7.md  (sha256 13ac6443f896)
  INCLUDED         Tools_Design_v6.md  (sha256 7554396473ca)

[Working Practices]
  INCLUDED         _index.md  (sha256 9f59ceebaaf4)
  INCLUDED         WorkingPractices_Standard_v2.md  (sha256 4819d41b184b)
  INCLUDED         WP_Brief_v2.md  (sha256 8033b884c2db)
  INCLUDED         WP_Capture_Working_v1.md  (sha256 c47c90767511)
  INCLUDED         WP_ContentDelivery_Working_v1.md  (sha256 388b8f4d4b72)
  INCLUDED         WP_Decisions_v4.md  (sha256 9957a8fb75f9)
  INCLUDED         WP_Design_v6.md  (sha256 da8923648608)
  INCLUDED         WP_WorkManagement_Working_v1.md  (sha256 122b3cd42cc8)

[Working Practices\Boards]
  INCLUDED         _index.md  (sha256 0ae0a05fb473)
  INCLUDED         WP_Boards_Decisions_v1.md  (sha256 33320d50ac48)
  INCLUDED         WP_Boards_Design_v1.md  (sha256 13384c9edecf)

[Working Practices\FileOps]
  INCLUDED         WP_FileOps_Working_v1.md  (sha256 6097d4250b37)

[_binder]
  DELETED          AIDE_Documentation_Binder_v114.md
  WRITTEN          AIDE_Documentation_Binder_v115.md  (101 files, 1110352 bytes)

[_rebuild]
  INCLUDED         AIDE_Component_PurposeLines_v2.md  (sha256 b1836489f28b)
  INCLUDED         AIDE_Rebuild_Guide_v1.md  (sha256 01ceb45e507b)
  INCLUDED         AIDE_Rebuild_Overview_v1.md  (sha256 5a65c44f5991)
  INCLUDED         AIDE_Rebuild_SettledDecisions_v1.md  (sha256 33593102e982)
  INCLUDED         Assurance_Brief_Sketch_v2.md  (sha256 1c61ea8c6846)
  INCLUDED         Build_Input_Working_v1.md  (sha256 1bb3513464e6)
  INCLUDED         deployment_plugin_working_v1.md  (sha256 87c99a1e5bf3)
  INCLUDED         ProjectDesign_Decisions_Pending_v1.md  (sha256 647aacf4c1ad)
  INCLUDED         ProjectDesign_Design_Pending_v1.md  (sha256 587bc4c6165f)
  INCLUDED         ProjectDesign_StandardInputs_Pending_v1.md  (sha256 710b74bb0958)
  INCLUDED         ProjectDesign_WorkRegister_Pending_v1.md  (sha256 638ebbfb6eef)
  INCLUDED         WP_Check1_Assessment_v1.md  (sha256 dba57b98ffda)
  INCLUDED         WP_CoreCarries_v2.md  (sha256 2f3ab75ce434)
  SKIPPED          AIDE_DesignApproach_WIP_v1.md: matches exclude_files pattern "*_WIP_*"
  SKIPPED          AIDE_Rebuild_WIP_v24.md: matches exclude_files pattern "*_WIP_*"

------------------------------------------------------------------------
Result: 101 included, 5 skipped, 1 written, 1 deleted
========================================================================

========================================================================
binder builder   2026-09-23 00:18:47   LIVE
binder:   AIDE_Documentation
root:     C:\Users\david\dev\repos\DigitalBusiness-AIDE\Documentation
settings: C:\Users\david\dev\repos\DigitalBusiness-AIDE\Documentation\_aide\utilities\binder-builder\binder_builder_AIDE_Documentation_settings.json
include:  ~/_rebuild
folders collected from: 20
change detection: AIDE_Documentation_Binder_v115.md: 2 added (Infrastructure/document-management/DocumentManagement_Brief_v1.md, Infrastructure/document-management/_index.md) - rebuilding
------------------------------------------------------------------------

[.]
  INCLUDED         _index.md  (sha256 173f40558b1b)
  INCLUDED         AIDE_Orchestration_Investigation_Findings.md  (sha256 33b558f610ab)
  INCLUDED         AIDE_Solution_Map.md  (sha256 f7260ab91b37)
  SKIPPED          AIDE_Board.html: matches exclude_files pattern "*_Board.html"
  SKIPPED          AIDE_Documentation_WIP_v27.md: matches exclude_files pattern "*_WIP_*"
  SKIPPED          AIDE_Orchestration_WIP_v1.md: matches exclude_files pattern "*_WIP_*"

[Assurance]
  INCLUDED         _index.md  (sha256 e931b42dcfcb)
  INCLUDED         AIDE_Assurance_Cases_Working_v1.md  (sha256 fa41200d451f)
  INCLUDED         Assurance_Decisions_v3.md  (sha256 da10aeeba9f4)
  INCLUDED         Assurance_Design_v3.md  (sha256 9590897a017b)
  INCLUDED         Assurance_Standard_v1.md  (sha256 16dcf04b00e1)

[Build]
  INCLUDED         _index.md  (sha256 9a75e5df84b4)
  INCLUDED         Build_Brief_v4.md  (sha256 d9717a0475c0)
  INCLUDED         Build_Decisions_v8.md  (sha256 f9a1ac65dfe3)
  INCLUDED         Build_Design_v8.md  (sha256 2987f32273f9)
  INCLUDED         Build_Overview_v6.md  (sha256 5fce6400bb23)

[Core]
  INCLUDED         _index.md  (sha256 218f4527af49)
  INCLUDED         Core_AIDEMap.md  (sha256 5f8331b0988d)
  INCLUDED         Core_AIDEPrinciples_Decisions_v1.md  (sha256 ca6507a444f0)
  INCLUDED         Core_AIDEPrinciples_Design_v1.md  (sha256 92c4e46ff807)
  INCLUDED         Core_Brief_v2.md  (sha256 23d1f1d1f622)
  INCLUDED         Core_Charter_v1.md  (sha256 51fb5eb1bf14)
  INCLUDED         Core_Decisions_v1.md  (sha256 2545fa050c39)
  INCLUDED         Core_Design_v6.md  (sha256 971a67e53789)
  INCLUDED         Core_Structure_Decisions_v2.md  (sha256 036083c7b766)
  INCLUDED         Core_Structure_Design_v2.md  (sha256 44b721ff071a)
  INCLUDED         Core_Structure_Standard_v1.md  (sha256 947cc4265841)
  INCLUDED         Core_Tags_Working_v1.md  (sha256 111c793579dd)

[Documentation Methodology]
  INCLUDED         _index.md  (sha256 65236d98d709)
  INCLUDED         DocMeth_Brief_v1.md  (sha256 60c5cf3f5d79)
  INCLUDED         DocMeth_Decisions_v7.md  (sha256 15daf15e27ef)
  INCLUDED         DocMeth_Design_v6.md  (sha256 8b5d6a24a5d7)
  INCLUDED         DocMeth_Working_v9.md  (sha256 952a2287d1d0)
  INCLUDED         DocumentationMethodology_SchemaAuthoring_Standard_v1.md  (sha256 37a837a65cb3)
  INCLUDED         DocumentationMethodology_SchemaDefinitions_Standard_v1.md  (sha256 8098d9714c57)
  INCLUDED         DocumentationMethodology_Standard_v1.md  (sha256 8301aa2a0395)

[Infrastructure]
  INCLUDED         _index.md  (sha256 7732b7fca4c2)
  INCLUDED         AIDE_Infrastructure_MCPDeliveryModel_v2.md  (sha256 e3c945043477)
  INCLUDED         Infrastructure_CLI_Decisions_v1.md  (sha256 a9ceaa12461f)
  INCLUDED         Infrastructure_CLI_Design_v1.md  (sha256 acbe170e16bb)
  INCLUDED         Infrastructure_Working_v1.md  (sha256 80a5dc6e19e8)

[Infrastructure\binder-builder]
  INCLUDED         binder_builder_Documentation_settings.json  (sha256 b9b89306305b)
  INCLUDED         BinderBuilder_Design_v10.md  (sha256 518121d99d79)
  INCLUDED         README.md  (sha256 9c905047ab5a)

[Infrastructure\document-management]
  INCLUDED         _index.md  (sha256 e39d55a89a34)
  INCLUDED         DocumentManagement_Brief_v1.md  (sha256 720bd966f44f)

[Infrastructure\file-update-package]
  INCLUDED         file_update_package_settings.json  (sha256 15617061295c)
  INCLUDED         FileUpdatePackage_Design_v2.md  (sha256 76a4c37c468f)
  INCLUDED         README.md  (sha256 747bc371ff85)

[Infrastructure\version-cleanup]
  INCLUDED         README.md  (sha256 307a43363adb)
  INCLUDED         version_cleanup_settings.json  (sha256 c17e9142e485)
  INCLUDED         VersionCleanup_Design_v3.md  (sha256 c672be61d03a)

[Messaging]
  INCLUDED         _index.md  (sha256 24b02a283278)
  INCLUDED         Messaging_Brief_v1.md  (sha256 c1687d821833)
  INCLUDED         Messaging_Decisions_v4.md  (sha256 c6a0f75cba95)
  INCLUDED         Messaging_Design_v4.md  (sha256 48b767e284b0)
  INCLUDED         Messaging_Standard_v4.md  (sha256 39a0045e2403)
  INCLUDED         Messaging_Tool_v4.md  (sha256 c0a40ad3383d)

[Orchestration]
  INCLUDED         _index.md  (sha256 d4bf32394bbd)
  INCLUDED         AIDE_Orchestration_Decisions_v5.md  (sha256 98d336117a70)
  INCLUDED         AIDE_Orchestration_Design_v5.md  (sha256 5cb84235137a)
  INCLUDED         AIDE_Orchestration_UseCases_v2.md  (sha256 5d4ecab3a53d)

[Principles]
  INCLUDED         _index.md  (sha256 a2b316acd172)
  INCLUDED         Principles_Decisions_v5.md  (sha256 386c2fc6d73d)
  INCLUDED         Principles_Design_v5.md  (sha256 2fb814c2c175)
  INCLUDED         Principles_Standard_v2.md  (sha256 a2c5cf6f320d)

[Project Design]
  INCLUDED         _index.md  (sha256 7ba2f75cfec1)
  INCLUDED         ProjectDesign_Decisions_v3.md  (sha256 8e6fee73bdf9)
  INCLUDED         ProjectDesign_Design_v3.md  (sha256 2c4f60adb4f9)
  INCLUDED         ProjectDesign_Schema_Standard_v1.md  (sha256 23316ba5d013)
  INCLUDED         ProjectDesign_Standard_v5.md  (sha256 c035df4e8b17)

[Standards]
  INCLUDED         _index.md  (sha256 09379ef5eb4d)
  INCLUDED         Standards_Authoring_Standard_v8.md  (sha256 e52f99825c80)
  INCLUDED         Standards_Consumption_Standard_v3.md  (sha256 b801499930ac)
  INCLUDED         Standards_Decisions_v4.md  (sha256 38207b4e2082)
  INCLUDED         Standards_Design_v3.md  (sha256 07cbe0cd1fc0)
  INCLUDED         Standards_Working_v1.md  (sha256 ba94a61fa3ca)

[Tools]
  INCLUDED         _index.md  (sha256 90e0fa4aa6b7)
  INCLUDED         Tools_Authoring_Standard_v8.md  (sha256 d05452eddaa6)
  INCLUDED         Tools_Decisions_v7.md  (sha256 13ac6443f896)
  INCLUDED         Tools_Design_v6.md  (sha256 7554396473ca)

[Working Practices]
  INCLUDED         _index.md  (sha256 9f59ceebaaf4)
  INCLUDED         WorkingPractices_Standard_v2.md  (sha256 4819d41b184b)
  INCLUDED         WP_Brief_v2.md  (sha256 8033b884c2db)
  INCLUDED         WP_Capture_Working_v1.md  (sha256 c47c90767511)
  INCLUDED         WP_ContentDelivery_Working_v1.md  (sha256 388b8f4d4b72)
  INCLUDED         WP_Decisions_v4.md  (sha256 9957a8fb75f9)
  INCLUDED         WP_Design_v6.md  (sha256 da8923648608)
  INCLUDED         WP_WorkManagement_Working_v1.md  (sha256 122b3cd42cc8)

[Working Practices\Boards]
  INCLUDED         _index.md  (sha256 0ae0a05fb473)
  INCLUDED         WP_Boards_Decisions_v1.md  (sha256 33320d50ac48)
  INCLUDED         WP_Boards_Design_v1.md  (sha256 13384c9edecf)

[Working Practices\FileOps]
  INCLUDED         WP_FileOps_Working_v1.md  (sha256 6097d4250b37)

[_binder]
  DELETED          AIDE_Documentation_Binder_v115.md
  WRITTEN          AIDE_Documentation_Binder_v116.md  (103 files, 1117809 bytes)

[_rebuild]
  INCLUDED         AIDE_Component_PurposeLines_v2.md  (sha256 b1836489f28b)
  INCLUDED         AIDE_Rebuild_Guide_v1.md  (sha256 01ceb45e507b)
  INCLUDED         AIDE_Rebuild_Overview_v1.md  (sha256 5a65c44f5991)
  INCLUDED         AIDE_Rebuild_SettledDecisions_v1.md  (sha256 33593102e982)
  INCLUDED         Assurance_Brief_Sketch_v2.md  (sha256 1c61ea8c6846)
  INCLUDED         Build_Input_Working_v1.md  (sha256 1bb3513464e6)
  INCLUDED         deployment_plugin_working_v1.md  (sha256 87c99a1e5bf3)
  INCLUDED         ProjectDesign_Decisions_Pending_v1.md  (sha256 647aacf4c1ad)
  INCLUDED         ProjectDesign_Design_Pending_v1.md  (sha256 587bc4c6165f)
  INCLUDED         ProjectDesign_StandardInputs_Pending_v1.md  (sha256 710b74bb0958)
  INCLUDED         ProjectDesign_WorkRegister_Pending_v1.md  (sha256 638ebbfb6eef)
  INCLUDED         WP_Check1_Assessment_v1.md  (sha256 dba57b98ffda)
  INCLUDED         WP_CoreCarries_v2.md  (sha256 2f3ab75ce434)
  SKIPPED          AIDE_DesignApproach_WIP_v1.md: matches exclude_files pattern "*_WIP_*"
  SKIPPED          AIDE_Rebuild_WIP_v24.md: matches exclude_files pattern "*_WIP_*"

------------------------------------------------------------------------
Result: 103 included, 5 skipped, 1 written, 1 deleted
========================================================================

========================================================================
binder builder   2026-09-23 00:30:42   LIVE
binder:   AIDE_Documentation
root:     C:\Users\david\dev\repos\DigitalBusiness-AIDE\Documentation
settings: C:\Users\david\dev\repos\DigitalBusiness-AIDE\Documentation\_aide\utilities\binder-builder\binder_builder_AIDE_Documentation_settings.json
include:  ~/_rebuild
folders collected from: 20
change detection: AIDE_Documentation_Binder_v116.md: 2 added, 1 removed (Infrastructure/document-management/DocumentManagement_Brief_v2.md, Infrastructure/document-management/DocumentManagement_Design_v1.md, Infrastructure/document-management/DocumentManagement_Brief_v1.md) - rebuilding
------------------------------------------------------------------------

[.]
  INCLUDED         _index.md  (sha256 173f40558b1b)
  INCLUDED         AIDE_Orchestration_Investigation_Findings.md  (sha256 33b558f610ab)
  INCLUDED         AIDE_Solution_Map.md  (sha256 f7260ab91b37)
  SKIPPED          AIDE_Board.html: matches exclude_files pattern "*_Board.html"
  SKIPPED          AIDE_Documentation_WIP_v27.md: matches exclude_files pattern "*_WIP_*"
  SKIPPED          AIDE_Orchestration_WIP_v1.md: matches exclude_files pattern "*_WIP_*"

[Assurance]
  INCLUDED         _index.md  (sha256 e931b42dcfcb)
  INCLUDED         AIDE_Assurance_Cases_Working_v1.md  (sha256 fa41200d451f)
  INCLUDED         Assurance_Decisions_v3.md  (sha256 da10aeeba9f4)
  INCLUDED         Assurance_Design_v3.md  (sha256 9590897a017b)
  INCLUDED         Assurance_Standard_v1.md  (sha256 16dcf04b00e1)

[Build]
  INCLUDED         _index.md  (sha256 9a75e5df84b4)
  INCLUDED         Build_Brief_v4.md  (sha256 d9717a0475c0)
  INCLUDED         Build_Decisions_v8.md  (sha256 f9a1ac65dfe3)
  INCLUDED         Build_Design_v8.md  (sha256 2987f32273f9)
  INCLUDED         Build_Overview_v6.md  (sha256 5fce6400bb23)

[Core]
  INCLUDED         _index.md  (sha256 218f4527af49)
  INCLUDED         Core_AIDEMap.md  (sha256 5f8331b0988d)
  INCLUDED         Core_AIDEPrinciples_Decisions_v1.md  (sha256 ca6507a444f0)
  INCLUDED         Core_AIDEPrinciples_Design_v1.md  (sha256 92c4e46ff807)
  INCLUDED         Core_Brief_v2.md  (sha256 23d1f1d1f622)
  INCLUDED         Core_Charter_v1.md  (sha256 51fb5eb1bf14)
  INCLUDED         Core_Decisions_v1.md  (sha256 2545fa050c39)
  INCLUDED         Core_Design_v6.md  (sha256 971a67e53789)
  INCLUDED         Core_Structure_Decisions_v2.md  (sha256 036083c7b766)
  INCLUDED         Core_Structure_Design_v2.md  (sha256 44b721ff071a)
  INCLUDED         Core_Structure_Standard_v1.md  (sha256 947cc4265841)
  INCLUDED         Core_Tags_Working_v1.md  (sha256 111c793579dd)

[Documentation Methodology]
  INCLUDED         _index.md  (sha256 65236d98d709)
  INCLUDED         DocMeth_Brief_v1.md  (sha256 60c5cf3f5d79)
  INCLUDED         DocMeth_Decisions_v7.md  (sha256 15daf15e27ef)
  INCLUDED         DocMeth_Design_v6.md  (sha256 8b5d6a24a5d7)
  INCLUDED         DocMeth_Working_v9.md  (sha256 952a2287d1d0)
  INCLUDED         DocumentationMethodology_SchemaAuthoring_Standard_v1.md  (sha256 37a837a65cb3)
  INCLUDED         DocumentationMethodology_SchemaDefinitions_Standard_v1.md  (sha256 8098d9714c57)
  INCLUDED         DocumentationMethodology_Standard_v1.md  (sha256 8301aa2a0395)

[Infrastructure]
  INCLUDED         _index.md  (sha256 7732b7fca4c2)
  INCLUDED         AIDE_Infrastructure_MCPDeliveryModel_v2.md  (sha256 e3c945043477)
  INCLUDED         Infrastructure_CLI_Decisions_v1.md  (sha256 a9ceaa12461f)
  INCLUDED         Infrastructure_CLI_Design_v1.md  (sha256 acbe170e16bb)
  INCLUDED         Infrastructure_Working_v1.md  (sha256 80a5dc6e19e8)

[Infrastructure\binder-builder]
  INCLUDED         binder_builder_Documentation_settings.json  (sha256 b9b89306305b)
  INCLUDED         BinderBuilder_Design_v10.md  (sha256 518121d99d79)
  INCLUDED         README.md  (sha256 9c905047ab5a)

[Infrastructure\document-management]
  INCLUDED         _index.md  (sha256 e39d55a89a34)
  INCLUDED         DocumentManagement_Brief_v2.md  (sha256 ab0a82f011fe)
  INCLUDED         DocumentManagement_Design_v1.md  (sha256 2f55583f6223)

[Infrastructure\file-update-package]
  INCLUDED         file_update_package_settings.json  (sha256 15617061295c)
  INCLUDED         FileUpdatePackage_Design_v2.md  (sha256 76a4c37c468f)
  INCLUDED         README.md  (sha256 747bc371ff85)

[Infrastructure\version-cleanup]
  INCLUDED         README.md  (sha256 307a43363adb)
  INCLUDED         version_cleanup_settings.json  (sha256 c17e9142e485)
  INCLUDED         VersionCleanup_Design_v3.md  (sha256 c672be61d03a)

[Messaging]
  INCLUDED         _index.md  (sha256 24b02a283278)
  INCLUDED         Messaging_Brief_v1.md  (sha256 c1687d821833)
  INCLUDED         Messaging_Decisions_v4.md  (sha256 c6a0f75cba95)
  INCLUDED         Messaging_Design_v4.md  (sha256 48b767e284b0)
  INCLUDED         Messaging_Standard_v4.md  (sha256 39a0045e2403)
  INCLUDED         Messaging_Tool_v4.md  (sha256 c0a40ad3383d)

[Orchestration]
  INCLUDED         _index.md  (sha256 d4bf32394bbd)
  INCLUDED         AIDE_Orchestration_Decisions_v5.md  (sha256 98d336117a70)
  INCLUDED         AIDE_Orchestration_Design_v5.md  (sha256 5cb84235137a)
  INCLUDED         AIDE_Orchestration_UseCases_v2.md  (sha256 5d4ecab3a53d)

[Principles]
  INCLUDED         _index.md  (sha256 a2b316acd172)
  INCLUDED         Principles_Decisions_v5.md  (sha256 386c2fc6d73d)
  INCLUDED         Principles_Design_v5.md  (sha256 2fb814c2c175)
  INCLUDED         Principles_Standard_v2.md  (sha256 a2c5cf6f320d)

[Project Design]
  INCLUDED         _index.md  (sha256 7ba2f75cfec1)
  INCLUDED         ProjectDesign_Decisions_v3.md  (sha256 8e6fee73bdf9)
  INCLUDED         ProjectDesign_Design_v3.md  (sha256 2c4f60adb4f9)
  INCLUDED         ProjectDesign_Schema_Standard_v1.md  (sha256 23316ba5d013)
  INCLUDED         ProjectDesign_Standard_v5.md  (sha256 c035df4e8b17)

[Standards]
  INCLUDED         _index.md  (sha256 09379ef5eb4d)
  INCLUDED         Standards_Authoring_Standard_v8.md  (sha256 e52f99825c80)
  INCLUDED         Standards_Consumption_Standard_v3.md  (sha256 b801499930ac)
  INCLUDED         Standards_Decisions_v4.md  (sha256 38207b4e2082)
  INCLUDED         Standards_Design_v3.md  (sha256 07cbe0cd1fc0)
  INCLUDED         Standards_Working_v1.md  (sha256 ba94a61fa3ca)

[Tools]
  INCLUDED         _index.md  (sha256 90e0fa4aa6b7)
  INCLUDED         Tools_Authoring_Standard_v8.md  (sha256 d05452eddaa6)
  INCLUDED         Tools_Decisions_v7.md  (sha256 13ac6443f896)
  INCLUDED         Tools_Design_v6.md  (sha256 7554396473ca)

[Working Practices]
  INCLUDED         _index.md  (sha256 9f59ceebaaf4)
  INCLUDED         WorkingPractices_Standard_v2.md  (sha256 4819d41b184b)
  INCLUDED         WP_Brief_v2.md  (sha256 8033b884c2db)
  INCLUDED         WP_Capture_Working_v1.md  (sha256 c47c90767511)
  INCLUDED         WP_ContentDelivery_Working_v1.md  (sha256 388b8f4d4b72)
  INCLUDED         WP_Decisions_v4.md  (sha256 9957a8fb75f9)
  INCLUDED         WP_Design_v6.md  (sha256 da8923648608)
  INCLUDED         WP_WorkManagement_Working_v1.md  (sha256 122b3cd42cc8)

[Working Practices\Boards]
  INCLUDED         _index.md  (sha256 0ae0a05fb473)
  INCLUDED         WP_Boards_Decisions_v1.md  (sha256 33320d50ac48)
  INCLUDED         WP_Boards_Design_v1.md  (sha256 13384c9edecf)

[Working Practices\FileOps]
  INCLUDED         WP_FileOps_Working_v1.md  (sha256 6097d4250b37)

[_binder]
  DELETED          AIDE_Documentation_Binder_v116.md
  WRITTEN          AIDE_Documentation_Binder_v117.md  (104 files, 1128296 bytes)

[_rebuild]
  INCLUDED         AIDE_Component_PurposeLines_v2.md  (sha256 b1836489f28b)
  INCLUDED         AIDE_Rebuild_Guide_v1.md  (sha256 01ceb45e507b)
  INCLUDED         AIDE_Rebuild_Overview_v1.md  (sha256 5a65c44f5991)
  INCLUDED         AIDE_Rebuild_SettledDecisions_v1.md  (sha256 33593102e982)
  INCLUDED         Assurance_Brief_Sketch_v2.md  (sha256 1c61ea8c6846)
  INCLUDED         Build_Input_Working_v1.md  (sha256 1bb3513464e6)
  INCLUDED         deployment_plugin_working_v1.md  (sha256 87c99a1e5bf3)
  INCLUDED         ProjectDesign_Decisions_Pending_v1.md  (sha256 647aacf4c1ad)
  INCLUDED         ProjectDesign_Design_Pending_v1.md  (sha256 587bc4c6165f)
  INCLUDED         ProjectDesign_StandardInputs_Pending_v1.md  (sha256 710b74bb0958)
  INCLUDED         ProjectDesign_WorkRegister_Pending_v1.md  (sha256 638ebbfb6eef)
  INCLUDED         WP_Check1_Assessment_v1.md  (sha256 dba57b98ffda)
  INCLUDED         WP_CoreCarries_v2.md  (sha256 2f3ab75ce434)
  SKIPPED          AIDE_DesignApproach_WIP_v1.md: matches exclude_files pattern "*_WIP_*"
  SKIPPED          AIDE_Rebuild_WIP_v24.md: matches exclude_files pattern "*_WIP_*"

------------------------------------------------------------------------
Result: 104 included, 5 skipped, 1 written, 1 deleted
========================================================================

========================================================================
binder builder   2026-09-23 00:33:24   LIVE
binder:   AIDE_Documentation
root:     C:\Users\david\dev\repos\DigitalBusiness-AIDE\Documentation
settings: C:\Users\david\dev\repos\DigitalBusiness-AIDE\Documentation\_aide\utilities\binder-builder\binder_builder_AIDE_Documentation_settings.json
include:  ~/_rebuild
folders collected from: 20
change detection: AIDE_Documentation_Binder_v117.md: 1 added, 1 changed (Infrastructure/document-management/DocumentManagement_Decisions_v1.md, Infrastructure/document-management/_index.md) - rebuilding
------------------------------------------------------------------------

[.]
  INCLUDED         _index.md  (sha256 173f40558b1b)
  INCLUDED         AIDE_Orchestration_Investigation_Findings.md  (sha256 33b558f610ab)
  INCLUDED         AIDE_Solution_Map.md  (sha256 f7260ab91b37)
  SKIPPED          AIDE_Board.html: matches exclude_files pattern "*_Board.html"
  SKIPPED          AIDE_Documentation_WIP_v27.md: matches exclude_files pattern "*_WIP_*"
  SKIPPED          AIDE_Orchestration_WIP_v1.md: matches exclude_files pattern "*_WIP_*"

[Assurance]
  INCLUDED         _index.md  (sha256 e931b42dcfcb)
  INCLUDED         AIDE_Assurance_Cases_Working_v1.md  (sha256 fa41200d451f)
  INCLUDED         Assurance_Decisions_v3.md  (sha256 da10aeeba9f4)
  INCLUDED         Assurance_Design_v3.md  (sha256 9590897a017b)
  INCLUDED         Assurance_Standard_v1.md  (sha256 16dcf04b00e1)

[Build]
  INCLUDED         _index.md  (sha256 9a75e5df84b4)
  INCLUDED         Build_Brief_v4.md  (sha256 d9717a0475c0)
  INCLUDED         Build_Decisions_v8.md  (sha256 f9a1ac65dfe3)
  INCLUDED         Build_Design_v8.md  (sha256 2987f32273f9)
  INCLUDED         Build_Overview_v6.md  (sha256 5fce6400bb23)

[Core]
  INCLUDED         _index.md  (sha256 218f4527af49)
  INCLUDED         Core_AIDEMap.md  (sha256 5f8331b0988d)
  INCLUDED         Core_AIDEPrinciples_Decisions_v1.md  (sha256 ca6507a444f0)
  INCLUDED         Core_AIDEPrinciples_Design_v1.md  (sha256 92c4e46ff807)
  INCLUDED         Core_Brief_v2.md  (sha256 23d1f1d1f622)
  INCLUDED         Core_Charter_v1.md  (sha256 51fb5eb1bf14)
  INCLUDED         Core_Decisions_v1.md  (sha256 2545fa050c39)
  INCLUDED         Core_Design_v6.md  (sha256 971a67e53789)
  INCLUDED         Core_Structure_Decisions_v2.md  (sha256 036083c7b766)
  INCLUDED         Core_Structure_Design_v2.md  (sha256 44b721ff071a)
  INCLUDED         Core_Structure_Standard_v1.md  (sha256 947cc4265841)
  INCLUDED         Core_Tags_Working_v1.md  (sha256 111c793579dd)

[Documentation Methodology]
  INCLUDED         _index.md  (sha256 65236d98d709)
  INCLUDED         DocMeth_Brief_v1.md  (sha256 60c5cf3f5d79)
  INCLUDED         DocMeth_Decisions_v7.md  (sha256 15daf15e27ef)
  INCLUDED         DocMeth_Design_v6.md  (sha256 8b5d6a24a5d7)
  INCLUDED         DocMeth_Working_v9.md  (sha256 952a2287d1d0)
  INCLUDED         DocumentationMethodology_SchemaAuthoring_Standard_v1.md  (sha256 37a837a65cb3)
  INCLUDED         DocumentationMethodology_SchemaDefinitions_Standard_v1.md  (sha256 8098d9714c57)
  INCLUDED         DocumentationMethodology_Standard_v1.md  (sha256 8301aa2a0395)

[Infrastructure]
  INCLUDED         _index.md  (sha256 7732b7fca4c2)
  INCLUDED         AIDE_Infrastructure_MCPDeliveryModel_v2.md  (sha256 e3c945043477)
  INCLUDED         Infrastructure_CLI_Decisions_v1.md  (sha256 a9ceaa12461f)
  INCLUDED         Infrastructure_CLI_Design_v1.md  (sha256 acbe170e16bb)
  INCLUDED         Infrastructure_Working_v1.md  (sha256 80a5dc6e19e8)

[Infrastructure\binder-builder]
  INCLUDED         binder_builder_Documentation_settings.json  (sha256 b9b89306305b)
  INCLUDED         BinderBuilder_Design_v10.md  (sha256 518121d99d79)
  INCLUDED         README.md  (sha256 9c905047ab5a)

[Infrastructure\document-management]
  INCLUDED         _index.md  (sha256 b7a5747507b3)
  INCLUDED         DocumentManagement_Brief_v2.md  (sha256 ab0a82f011fe)
  INCLUDED         DocumentManagement_Decisions_v1.md  (sha256 9eaa166b7f44)
  INCLUDED         DocumentManagement_Design_v1.md  (sha256 2f55583f6223)

[Infrastructure\file-update-package]
  INCLUDED         file_update_package_settings.json  (sha256 15617061295c)
  INCLUDED         FileUpdatePackage_Design_v2.md  (sha256 76a4c37c468f)
  INCLUDED         README.md  (sha256 747bc371ff85)

[Infrastructure\version-cleanup]
  INCLUDED         README.md  (sha256 307a43363adb)
  INCLUDED         version_cleanup_settings.json  (sha256 c17e9142e485)
  INCLUDED         VersionCleanup_Design_v3.md  (sha256 c672be61d03a)

[Messaging]
  INCLUDED         _index.md  (sha256 24b02a283278)
  INCLUDED         Messaging_Brief_v1.md  (sha256 c1687d821833)
  INCLUDED         Messaging_Decisions_v4.md  (sha256 c6a0f75cba95)
  INCLUDED         Messaging_Design_v4.md  (sha256 48b767e284b0)
  INCLUDED         Messaging_Standard_v4.md  (sha256 39a0045e2403)
  INCLUDED         Messaging_Tool_v4.md  (sha256 c0a40ad3383d)

[Orchestration]
  INCLUDED         _index.md  (sha256 d4bf32394bbd)
  INCLUDED         AIDE_Orchestration_Decisions_v5.md  (sha256 98d336117a70)
  INCLUDED         AIDE_Orchestration_Design_v5.md  (sha256 5cb84235137a)
  INCLUDED         AIDE_Orchestration_UseCases_v2.md  (sha256 5d4ecab3a53d)

[Principles]
  INCLUDED         _index.md  (sha256 a2b316acd172)
  INCLUDED         Principles_Decisions_v5.md  (sha256 386c2fc6d73d)
  INCLUDED         Principles_Design_v5.md  (sha256 2fb814c2c175)
  INCLUDED         Principles_Standard_v2.md  (sha256 a2c5cf6f320d)

[Project Design]
  INCLUDED         _index.md  (sha256 7ba2f75cfec1)
  INCLUDED         ProjectDesign_Decisions_v3.md  (sha256 8e6fee73bdf9)
  INCLUDED         ProjectDesign_Design_v3.md  (sha256 2c4f60adb4f9)
  INCLUDED         ProjectDesign_Schema_Standard_v1.md  (sha256 23316ba5d013)
  INCLUDED         ProjectDesign_Standard_v5.md  (sha256 c035df4e8b17)

[Standards]
  INCLUDED         _index.md  (sha256 09379ef5eb4d)
  INCLUDED         Standards_Authoring_Standard_v8.md  (sha256 e52f99825c80)
  INCLUDED         Standards_Consumption_Standard_v3.md  (sha256 b801499930ac)
  INCLUDED         Standards_Decisions_v4.md  (sha256 38207b4e2082)
  INCLUDED         Standards_Design_v3.md  (sha256 07cbe0cd1fc0)
  INCLUDED         Standards_Working_v1.md  (sha256 ba94a61fa3ca)

[Tools]
  INCLUDED         _index.md  (sha256 90e0fa4aa6b7)
  INCLUDED         Tools_Authoring_Standard_v8.md  (sha256 d05452eddaa6)
  INCLUDED         Tools_Decisions_v7.md  (sha256 13ac6443f896)
  INCLUDED         Tools_Design_v6.md  (sha256 7554396473ca)

[Working Practices]
  INCLUDED         _index.md  (sha256 9f59ceebaaf4)
  INCLUDED         WorkingPractices_Standard_v2.md  (sha256 4819d41b184b)
  INCLUDED         WP_Brief_v2.md  (sha256 8033b884c2db)
  INCLUDED         WP_Capture_Working_v1.md  (sha256 c47c90767511)
  INCLUDED         WP_ContentDelivery_Working_v1.md  (sha256 388b8f4d4b72)
  INCLUDED         WP_Decisions_v4.md  (sha256 9957a8fb75f9)
  INCLUDED         WP_Design_v6.md  (sha256 da8923648608)
  INCLUDED         WP_WorkManagement_Working_v1.md  (sha256 122b3cd42cc8)

[Working Practices\Boards]
  INCLUDED         _index.md  (sha256 0ae0a05fb473)
  INCLUDED         WP_Boards_Decisions_v1.md  (sha256 33320d50ac48)
  INCLUDED         WP_Boards_Design_v1.md  (sha256 13384c9edecf)

[Working Practices\FileOps]
  INCLUDED         WP_FileOps_Working_v1.md  (sha256 6097d4250b37)

[_binder]
  DELETED          AIDE_Documentation_Binder_v117.md
  WRITTEN          AIDE_Documentation_Binder_v118.md  (105 files, 1129362 bytes)

[_rebuild]
  INCLUDED         AIDE_Component_PurposeLines_v2.md  (sha256 b1836489f28b)
  INCLUDED         AIDE_Rebuild_Guide_v1.md  (sha256 01ceb45e507b)
  INCLUDED         AIDE_Rebuild_Overview_v1.md  (sha256 5a65c44f5991)
  INCLUDED         AIDE_Rebuild_SettledDecisions_v1.md  (sha256 33593102e982)
  INCLUDED         Assurance_Brief_Sketch_v2.md  (sha256 1c61ea8c6846)
  INCLUDED         Build_Input_Working_v1.md  (sha256 1bb3513464e6)
  INCLUDED         deployment_plugin_working_v1.md  (sha256 87c99a1e5bf3)
  INCLUDED         ProjectDesign_Decisions_Pending_v1.md  (sha256 647aacf4c1ad)
  INCLUDED         ProjectDesign_Design_Pending_v1.md  (sha256 587bc4c6165f)
  INCLUDED         ProjectDesign_StandardInputs_Pending_v1.md  (sha256 710b74bb0958)
  INCLUDED         ProjectDesign_WorkRegister_Pending_v1.md  (sha256 638ebbfb6eef)
  INCLUDED         WP_Check1_Assessment_v1.md  (sha256 dba57b98ffda)
  INCLUDED         WP_CoreCarries_v2.md  (sha256 2f3ab75ce434)
  SKIPPED          AIDE_DesignApproach_WIP_v1.md: matches exclude_files pattern "*_WIP_*"
  SKIPPED          AIDE_Rebuild_WIP_v24.md: matches exclude_files pattern "*_WIP_*"

------------------------------------------------------------------------
Result: 105 included, 5 skipped, 1 written, 1 deleted
========================================================================

========================================================================
binder builder   2026-09-23 00:49:53   LIVE
binder:   AIDE_Documentation
root:     C:\Users\david\dev\repos\DigitalBusiness-AIDE\Documentation
settings: C:\Users\david\dev\repos\DigitalBusiness-AIDE\Documentation\_aide\utilities\binder-builder\binder_builder_AIDE_Documentation_settings.json
include:  ~/_rebuild
folders collected from: 20
change detection: AIDE_Documentation_Binder_v118.md: 3 added, 3 removed (Infrastructure/document-management/DocumentManagement_Brief_v3.md, Infrastructure/document-management/DocumentManagement_Decisions_v2.md, Infrastructure/document-management/DocumentManagement_Design_v2.md, and 3 more) - rebuilding
------------------------------------------------------------------------

[.]
  INCLUDED         _index.md  (sha256 173f40558b1b)
  INCLUDED         AIDE_Orchestration_Investigation_Findings.md  (sha256 33b558f610ab)
  INCLUDED         AIDE_Solution_Map.md  (sha256 f7260ab91b37)
  SKIPPED          AIDE_Board.html: matches exclude_files pattern "*_Board.html"
  SKIPPED          AIDE_Documentation_WIP_v27.md: matches exclude_files pattern "*_WIP_*"
  SKIPPED          AIDE_Orchestration_WIP_v1.md: matches exclude_files pattern "*_WIP_*"

[Assurance]
  INCLUDED         _index.md  (sha256 e931b42dcfcb)
  INCLUDED         AIDE_Assurance_Cases_Working_v1.md  (sha256 fa41200d451f)
  INCLUDED         Assurance_Decisions_v3.md  (sha256 da10aeeba9f4)
  INCLUDED         Assurance_Design_v3.md  (sha256 9590897a017b)
  INCLUDED         Assurance_Standard_v1.md  (sha256 16dcf04b00e1)

[Build]
  INCLUDED         _index.md  (sha256 9a75e5df84b4)
  INCLUDED         Build_Brief_v4.md  (sha256 d9717a0475c0)
  INCLUDED         Build_Decisions_v8.md  (sha256 f9a1ac65dfe3)
  INCLUDED         Build_Design_v8.md  (sha256 2987f32273f9)
  INCLUDED         Build_Overview_v6.md  (sha256 5fce6400bb23)

[Core]
  INCLUDED         _index.md  (sha256 218f4527af49)
  INCLUDED         Core_AIDEMap.md  (sha256 5f8331b0988d)
  INCLUDED         Core_AIDEPrinciples_Decisions_v1.md  (sha256 ca6507a444f0)
  INCLUDED         Core_AIDEPrinciples_Design_v1.md  (sha256 92c4e46ff807)
  INCLUDED         Core_Brief_v2.md  (sha256 23d1f1d1f622)
  INCLUDED         Core_Charter_v1.md  (sha256 51fb5eb1bf14)
  INCLUDED         Core_Decisions_v1.md  (sha256 2545fa050c39)
  INCLUDED         Core_Design_v6.md  (sha256 971a67e53789)
  INCLUDED         Core_Structure_Decisions_v2.md  (sha256 036083c7b766)
  INCLUDED         Core_Structure_Design_v2.md  (sha256 44b721ff071a)
  INCLUDED         Core_Structure_Standard_v1.md  (sha256 947cc4265841)
  INCLUDED         Core_Tags_Working_v1.md  (sha256 111c793579dd)

[Documentation Methodology]
  INCLUDED         _index.md  (sha256 65236d98d709)
  INCLUDED         DocMeth_Brief_v1.md  (sha256 60c5cf3f5d79)
  INCLUDED         DocMeth_Decisions_v7.md  (sha256 15daf15e27ef)
  INCLUDED         DocMeth_Design_v6.md  (sha256 8b5d6a24a5d7)
  INCLUDED         DocMeth_Working_v9.md  (sha256 952a2287d1d0)
  INCLUDED         DocumentationMethodology_SchemaAuthoring_Standard_v1.md  (sha256 37a837a65cb3)
  INCLUDED         DocumentationMethodology_SchemaDefinitions_Standard_v1.md  (sha256 8098d9714c57)
  INCLUDED         DocumentationMethodology_Standard_v1.md  (sha256 8301aa2a0395)

[Infrastructure]
  INCLUDED         _index.md  (sha256 7732b7fca4c2)
  INCLUDED         AIDE_Infrastructure_MCPDeliveryModel_v2.md  (sha256 e3c945043477)
  INCLUDED         Infrastructure_CLI_Decisions_v1.md  (sha256 a9ceaa12461f)
  INCLUDED         Infrastructure_CLI_Design_v1.md  (sha256 acbe170e16bb)
  INCLUDED         Infrastructure_Working_v1.md  (sha256 80a5dc6e19e8)

[Infrastructure\binder-builder]
  INCLUDED         binder_builder_Documentation_settings.json  (sha256 b9b89306305b)
  INCLUDED         BinderBuilder_Design_v10.md  (sha256 518121d99d79)
  INCLUDED         README.md  (sha256 9c905047ab5a)

[Infrastructure\document-management]
  INCLUDED         _index.md  (sha256 b7a5747507b3)
  INCLUDED         DocumentManagement_Brief_v3.md  (sha256 b83c1b37690f)
  INCLUDED         DocumentManagement_Decisions_v2.md  (sha256 a79d8175b027)
  INCLUDED         DocumentManagement_Design_v2.md  (sha256 a13eaae5cf7d)

[Infrastructure\file-update-package]
  INCLUDED         file_update_package_settings.json  (sha256 15617061295c)
  INCLUDED         FileUpdatePackage_Design_v2.md  (sha256 76a4c37c468f)
  INCLUDED         README.md  (sha256 747bc371ff85)

[Infrastructure\version-cleanup]
  INCLUDED         README.md  (sha256 307a43363adb)
  INCLUDED         version_cleanup_settings.json  (sha256 c17e9142e485)
  INCLUDED         VersionCleanup_Design_v3.md  (sha256 c672be61d03a)

[Messaging]
  INCLUDED         _index.md  (sha256 24b02a283278)
  INCLUDED         Messaging_Brief_v1.md  (sha256 c1687d821833)
  INCLUDED         Messaging_Decisions_v4.md  (sha256 c6a0f75cba95)
  INCLUDED         Messaging_Design_v4.md  (sha256 48b767e284b0)
  INCLUDED         Messaging_Standard_v4.md  (sha256 39a0045e2403)
  INCLUDED         Messaging_Tool_v4.md  (sha256 c0a40ad3383d)

[Orchestration]
  INCLUDED         _index.md  (sha256 d4bf32394bbd)
  INCLUDED         AIDE_Orchestration_Decisions_v5.md  (sha256 98d336117a70)
  INCLUDED         AIDE_Orchestration_Design_v5.md  (sha256 5cb84235137a)
  INCLUDED         AIDE_Orchestration_UseCases_v2.md  (sha256 5d4ecab3a53d)

[Principles]
  INCLUDED         _index.md  (sha256 a2b316acd172)
  INCLUDED         Principles_Decisions_v5.md  (sha256 386c2fc6d73d)
  INCLUDED         Principles_Design_v5.md  (sha256 2fb814c2c175)
  INCLUDED         Principles_Standard_v2.md  (sha256 a2c5cf6f320d)

[Project Design]
  INCLUDED         _index.md  (sha256 7ba2f75cfec1)
  INCLUDED         ProjectDesign_Decisions_v3.md  (sha256 8e6fee73bdf9)
  INCLUDED         ProjectDesign_Design_v3.md  (sha256 2c4f60adb4f9)
  INCLUDED         ProjectDesign_Schema_Standard_v1.md  (sha256 23316ba5d013)
  INCLUDED         ProjectDesign_Standard_v5.md  (sha256 c035df4e8b17)

[Standards]
  INCLUDED         _index.md  (sha256 09379ef5eb4d)
  INCLUDED         Standards_Authoring_Standard_v8.md  (sha256 e52f99825c80)
  INCLUDED         Standards_Consumption_Standard_v3.md  (sha256 b801499930ac)
  INCLUDED         Standards_Decisions_v4.md  (sha256 38207b4e2082)
  INCLUDED         Standards_Design_v3.md  (sha256 07cbe0cd1fc0)
  INCLUDED         Standards_Working_v1.md  (sha256 ba94a61fa3ca)

[Tools]
  INCLUDED         _index.md  (sha256 90e0fa4aa6b7)
  INCLUDED         Tools_Authoring_Standard_v8.md  (sha256 d05452eddaa6)
  INCLUDED         Tools_Decisions_v7.md  (sha256 13ac6443f896)
  INCLUDED         Tools_Design_v6.md  (sha256 7554396473ca)

[Working Practices]
  INCLUDED         _index.md  (sha256 9f59ceebaaf4)
  INCLUDED         WorkingPractices_Standard_v2.md  (sha256 4819d41b184b)
  INCLUDED         WP_Brief_v2.md  (sha256 8033b884c2db)
  INCLUDED         WP_Capture_Working_v1.md  (sha256 c47c90767511)
  INCLUDED         WP_ContentDelivery_Working_v1.md  (sha256 388b8f4d4b72)
  INCLUDED         WP_Decisions_v4.md  (sha256 9957a8fb75f9)
  INCLUDED         WP_Design_v6.md  (sha256 da8923648608)
  INCLUDED         WP_WorkManagement_Working_v1.md  (sha256 122b3cd42cc8)

[Working Practices\Boards]
  INCLUDED         _index.md  (sha256 0ae0a05fb473)
  INCLUDED         WP_Boards_Decisions_v1.md  (sha256 33320d50ac48)
  INCLUDED         WP_Boards_Design_v1.md  (sha256 13384c9edecf)

[Working Practices\FileOps]
  INCLUDED         WP_FileOps_Working_v1.md  (sha256 6097d4250b37)

[_binder]
  DELETED          AIDE_Documentation_Binder_v118.md
  WRITTEN          AIDE_Documentation_Binder_v119.md  (105 files, 1143902 bytes)

[_rebuild]
  INCLUDED         AIDE_Component_PurposeLines_v2.md  (sha256 b1836489f28b)
  INCLUDED         AIDE_Rebuild_Guide_v1.md  (sha256 01ceb45e507b)
  INCLUDED         AIDE_Rebuild_Overview_v1.md  (sha256 5a65c44f5991)
  INCLUDED         AIDE_Rebuild_SettledDecisions_v1.md  (sha256 33593102e982)
  INCLUDED         Assurance_Brief_Sketch_v2.md  (sha256 1c61ea8c6846)
  INCLUDED         Build_Input_Working_v1.md  (sha256 1bb3513464e6)
  INCLUDED         deployment_plugin_working_v1.md  (sha256 87c99a1e5bf3)
  INCLUDED         ProjectDesign_Decisions_Pending_v1.md  (sha256 647aacf4c1ad)
  INCLUDED         ProjectDesign_Design_Pending_v1.md  (sha256 587bc4c6165f)
  INCLUDED         ProjectDesign_StandardInputs_Pending_v1.md  (sha256 710b74bb0958)
  INCLUDED         ProjectDesign_WorkRegister_Pending_v1.md  (sha256 638ebbfb6eef)
  INCLUDED         WP_Check1_Assessment_v1.md  (sha256 dba57b98ffda)
  INCLUDED         WP_CoreCarries_v2.md  (sha256 2f3ab75ce434)
  SKIPPED          AIDE_DesignApproach_WIP_v1.md: matches exclude_files pattern "*_WIP_*"
  SKIPPED          AIDE_Rebuild_WIP_v24.md: matches exclude_files pattern "*_WIP_*"

------------------------------------------------------------------------
Result: 105 included, 5 skipped, 1 written, 1 deleted
========================================================================

========================================================================
binder builder   2026-09-23 00:51:50   LIVE
binder:   AIDE_Documentation
root:     C:\Users\david\dev\repos\DigitalBusiness-AIDE\Documentation
settings: C:\Users\david\dev\repos\DigitalBusiness-AIDE\Documentation\_aide\utilities\binder-builder\binder_builder_AIDE_Documentation_settings.json
include:  ~/_rebuild
folders collected from: 20
change detection: AIDE_Documentation_Binder_v119.md: 1 changed (Infrastructure/document-management/_index.md) - rebuilding
------------------------------------------------------------------------

[.]
  INCLUDED         _index.md  (sha256 173f40558b1b)
  INCLUDED         AIDE_Orchestration_Investigation_Findings.md  (sha256 33b558f610ab)
  INCLUDED         AIDE_Solution_Map.md  (sha256 f7260ab91b37)
  SKIPPED          AIDE_Board.html: matches exclude_files pattern "*_Board.html"
  SKIPPED          AIDE_Documentation_WIP_v27.md: matches exclude_files pattern "*_WIP_*"
  SKIPPED          AIDE_Orchestration_WIP_v1.md: matches exclude_files pattern "*_WIP_*"

[Assurance]
  INCLUDED         _index.md  (sha256 e931b42dcfcb)
  INCLUDED         AIDE_Assurance_Cases_Working_v1.md  (sha256 fa41200d451f)
  INCLUDED         Assurance_Decisions_v3.md  (sha256 da10aeeba9f4)
  INCLUDED         Assurance_Design_v3.md  (sha256 9590897a017b)
  INCLUDED         Assurance_Standard_v1.md  (sha256 16dcf04b00e1)

[Build]
  INCLUDED         _index.md  (sha256 9a75e5df84b4)
  INCLUDED         Build_Brief_v4.md  (sha256 d9717a0475c0)
  INCLUDED         Build_Decisions_v8.md  (sha256 f9a1ac65dfe3)
  INCLUDED         Build_Design_v8.md  (sha256 2987f32273f9)
  INCLUDED         Build_Overview_v6.md  (sha256 5fce6400bb23)

[Core]
  INCLUDED         _index.md  (sha256 218f4527af49)
  INCLUDED         Core_AIDEMap.md  (sha256 5f8331b0988d)
  INCLUDED         Core_AIDEPrinciples_Decisions_v1.md  (sha256 ca6507a444f0)
  INCLUDED         Core_AIDEPrinciples_Design_v1.md  (sha256 92c4e46ff807)
  INCLUDED         Core_Brief_v2.md  (sha256 23d1f1d1f622)
  INCLUDED         Core_Charter_v1.md  (sha256 51fb5eb1bf14)
  INCLUDED         Core_Decisions_v1.md  (sha256 2545fa050c39)
  INCLUDED         Core_Design_v6.md  (sha256 971a67e53789)
  INCLUDED         Core_Structure_Decisions_v2.md  (sha256 036083c7b766)
  INCLUDED         Core_Structure_Design_v2.md  (sha256 44b721ff071a)
  INCLUDED         Core_Structure_Standard_v1.md  (sha256 947cc4265841)
  INCLUDED         Core_Tags_Working_v1.md  (sha256 111c793579dd)

[Documentation Methodology]
  INCLUDED         _index.md  (sha256 65236d98d709)
  INCLUDED         DocMeth_Brief_v1.md  (sha256 60c5cf3f5d79)
  INCLUDED         DocMeth_Decisions_v7.md  (sha256 15daf15e27ef)
  INCLUDED         DocMeth_Design_v6.md  (sha256 8b5d6a24a5d7)
  INCLUDED         DocMeth_Working_v9.md  (sha256 952a2287d1d0)
  INCLUDED         DocumentationMethodology_SchemaAuthoring_Standard_v1.md  (sha256 37a837a65cb3)
  INCLUDED         DocumentationMethodology_SchemaDefinitions_Standard_v1.md  (sha256 8098d9714c57)
  INCLUDED         DocumentationMethodology_Standard_v1.md  (sha256 8301aa2a0395)

[Infrastructure]
  INCLUDED         _index.md  (sha256 7732b7fca4c2)
  INCLUDED         AIDE_Infrastructure_MCPDeliveryModel_v2.md  (sha256 e3c945043477)
  INCLUDED         Infrastructure_CLI_Decisions_v1.md  (sha256 a9ceaa12461f)
  INCLUDED         Infrastructure_CLI_Design_v1.md  (sha256 acbe170e16bb)
  INCLUDED         Infrastructure_Working_v1.md  (sha256 80a5dc6e19e8)

[Infrastructure\binder-builder]
  INCLUDED         binder_builder_Documentation_settings.json  (sha256 b9b89306305b)
  INCLUDED         BinderBuilder_Design_v10.md  (sha256 518121d99d79)
  INCLUDED         README.md  (sha256 9c905047ab5a)

[Infrastructure\document-management]
  INCLUDED         _index.md  (sha256 e726f0298d82)
  INCLUDED         DocumentManagement_Brief_v3.md  (sha256 b83c1b37690f)
  INCLUDED         DocumentManagement_Decisions_v2.md  (sha256 a79d8175b027)
  INCLUDED         DocumentManagement_Design_v2.md  (sha256 a13eaae5cf7d)

[Infrastructure\file-update-package]
  INCLUDED         file_update_package_settings.json  (sha256 15617061295c)
  INCLUDED         FileUpdatePackage_Design_v2.md  (sha256 76a4c37c468f)
  INCLUDED         README.md  (sha256 747bc371ff85)

[Infrastructure\version-cleanup]
  INCLUDED         README.md  (sha256 307a43363adb)
  INCLUDED         version_cleanup_settings.json  (sha256 c17e9142e485)
  INCLUDED         VersionCleanup_Design_v3.md  (sha256 c672be61d03a)

[Messaging]
  INCLUDED         _index.md  (sha256 24b02a283278)
  INCLUDED         Messaging_Brief_v1.md  (sha256 c1687d821833)
  INCLUDED         Messaging_Decisions_v4.md  (sha256 c6a0f75cba95)
  INCLUDED         Messaging_Design_v4.md  (sha256 48b767e284b0)
  INCLUDED         Messaging_Standard_v4.md  (sha256 39a0045e2403)
  INCLUDED         Messaging_Tool_v4.md  (sha256 c0a40ad3383d)

[Orchestration]
  INCLUDED         _index.md  (sha256 d4bf32394bbd)
  INCLUDED         AIDE_Orchestration_Decisions_v5.md  (sha256 98d336117a70)
  INCLUDED         AIDE_Orchestration_Design_v5.md  (sha256 5cb84235137a)
  INCLUDED         AIDE_Orchestration_UseCases_v2.md  (sha256 5d4ecab3a53d)

[Principles]
  INCLUDED         _index.md  (sha256 a2b316acd172)
  INCLUDED         Principles_Decisions_v5.md  (sha256 386c2fc6d73d)
  INCLUDED         Principles_Design_v5.md  (sha256 2fb814c2c175)
  INCLUDED         Principles_Standard_v2.md  (sha256 a2c5cf6f320d)

[Project Design]
  INCLUDED         _index.md  (sha256 7ba2f75cfec1)
  INCLUDED         ProjectDesign_Decisions_v3.md  (sha256 8e6fee73bdf9)
  INCLUDED         ProjectDesign_Design_v3.md  (sha256 2c4f60adb4f9)
  INCLUDED         ProjectDesign_Schema_Standard_v1.md  (sha256 23316ba5d013)
  INCLUDED         ProjectDesign_Standard_v5.md  (sha256 c035df4e8b17)

[Standards]
  INCLUDED         _index.md  (sha256 09379ef5eb4d)
  INCLUDED         Standards_Authoring_Standard_v8.md  (sha256 e52f99825c80)
  INCLUDED         Standards_Consumption_Standard_v3.md  (sha256 b801499930ac)
  INCLUDED         Standards_Decisions_v4.md  (sha256 38207b4e2082)
  INCLUDED         Standards_Design_v3.md  (sha256 07cbe0cd1fc0)
  INCLUDED         Standards_Working_v1.md  (sha256 ba94a61fa3ca)

[Tools]
  INCLUDED         _index.md  (sha256 90e0fa4aa6b7)
  INCLUDED         Tools_Authoring_Standard_v8.md  (sha256 d05452eddaa6)
  INCLUDED         Tools_Decisions_v7.md  (sha256 13ac6443f896)
  INCLUDED         Tools_Design_v6.md  (sha256 7554396473ca)

[Working Practices]
  INCLUDED         _index.md  (sha256 9f59ceebaaf4)
  INCLUDED         WorkingPractices_Standard_v2.md  (sha256 4819d41b184b)
  INCLUDED         WP_Brief_v2.md  (sha256 8033b884c2db)
  INCLUDED         WP_Capture_Working_v1.md  (sha256 c47c90767511)
  INCLUDED         WP_ContentDelivery_Working_v1.md  (sha256 388b8f4d4b72)
  INCLUDED         WP_Decisions_v4.md  (sha256 9957a8fb75f9)
  INCLUDED         WP_Design_v6.md  (sha256 da8923648608)
  INCLUDED         WP_WorkManagement_Working_v1.md  (sha256 122b3cd42cc8)

[Working Practices\Boards]
  INCLUDED         _index.md  (sha256 0ae0a05fb473)
  INCLUDED         WP_Boards_Decisions_v1.md  (sha256 33320d50ac48)
  INCLUDED         WP_Boards_Design_v1.md  (sha256 13384c9edecf)

[Working Practices\FileOps]
  INCLUDED         WP_FileOps_Working_v1.md  (sha256 6097d4250b37)

[_binder]
  DELETED          AIDE_Documentation_Binder_v119.md
  WRITTEN          AIDE_Documentation_Binder_v120.md  (105 files, 1143599 bytes)

[_rebuild]
  INCLUDED         AIDE_Component_PurposeLines_v2.md  (sha256 b1836489f28b)
  INCLUDED         AIDE_Rebuild_Guide_v1.md  (sha256 01ceb45e507b)
  INCLUDED         AIDE_Rebuild_Overview_v1.md  (sha256 5a65c44f5991)
  INCLUDED         AIDE_Rebuild_SettledDecisions_v1.md  (sha256 33593102e982)
  INCLUDED         Assurance_Brief_Sketch_v2.md  (sha256 1c61ea8c6846)
  INCLUDED         Build_Input_Working_v1.md  (sha256 1bb3513464e6)
  INCLUDED         deployment_plugin_working_v1.md  (sha256 87c99a1e5bf3)
  INCLUDED         ProjectDesign_Decisions_Pending_v1.md  (sha256 647aacf4c1ad)
  INCLUDED         ProjectDesign_Design_Pending_v1.md  (sha256 587bc4c6165f)
  INCLUDED         ProjectDesign_StandardInputs_Pending_v1.md  (sha256 710b74bb0958)
  INCLUDED         ProjectDesign_WorkRegister_Pending_v1.md  (sha256 638ebbfb6eef)
  INCLUDED         WP_Check1_Assessment_v1.md  (sha256 dba57b98ffda)
  INCLUDED         WP_CoreCarries_v2.md  (sha256 2f3ab75ce434)
  SKIPPED          AIDE_DesignApproach_WIP_v1.md: matches exclude_files pattern "*_WIP_*"
  SKIPPED          AIDE_Rebuild_WIP_v24.md: matches exclude_files pattern "*_WIP_*"

------------------------------------------------------------------------
Result: 105 included, 5 skipped, 1 written, 1 deleted
========================================================================

========================================================================
binder builder   2026-09-23 01:12:45   LIVE
binder:   AIDE_Documentation
root:     C:\Users\david\dev\repos\DigitalBusiness-AIDE\Documentation
settings: C:\Users\david\dev\repos\DigitalBusiness-AIDE\Documentation\_aide\utilities\binder-builder\binder_builder_AIDE_Documentation_settings.json
include:  ~/_rebuild
folders collected from: 20
change detection: AIDE_Documentation_Binder_v120.md: 2 added, 2 removed (Infrastructure/document-management/DocumentManagement_Decisions_v3.md, Infrastructure/document-management/DocumentManagement_Design_v3.md, Infrastructure/document-management/DocumentManagement_Decisions_v2.md, and 1 more) - rebuilding
------------------------------------------------------------------------

[.]
  INCLUDED         _index.md  (sha256 173f40558b1b)
  INCLUDED         AIDE_Orchestration_Investigation_Findings.md  (sha256 33b558f610ab)
  INCLUDED         AIDE_Solution_Map.md  (sha256 f7260ab91b37)
  SKIPPED          AIDE_Board.html: matches exclude_files pattern "*_Board.html"
  SKIPPED          AIDE_Documentation_WIP_v27.md: matches exclude_files pattern "*_WIP_*"
  SKIPPED          AIDE_Orchestration_WIP_v1.md: matches exclude_files pattern "*_WIP_*"

[Assurance]
  INCLUDED         _index.md  (sha256 e931b42dcfcb)
  INCLUDED         AIDE_Assurance_Cases_Working_v1.md  (sha256 fa41200d451f)
  INCLUDED         Assurance_Decisions_v3.md  (sha256 da10aeeba9f4)
  INCLUDED         Assurance_Design_v3.md  (sha256 9590897a017b)
  INCLUDED         Assurance_Standard_v1.md  (sha256 16dcf04b00e1)

[Build]
  INCLUDED         _index.md  (sha256 9a75e5df84b4)
  INCLUDED         Build_Brief_v4.md  (sha256 d9717a0475c0)
  INCLUDED         Build_Decisions_v8.md  (sha256 f9a1ac65dfe3)
  INCLUDED         Build_Design_v8.md  (sha256 2987f32273f9)
  INCLUDED         Build_Overview_v6.md  (sha256 5fce6400bb23)

[Core]
  INCLUDED         _index.md  (sha256 218f4527af49)
  INCLUDED         Core_AIDEMap.md  (sha256 5f8331b0988d)
  INCLUDED         Core_AIDEPrinciples_Decisions_v1.md  (sha256 ca6507a444f0)
  INCLUDED         Core_AIDEPrinciples_Design_v1.md  (sha256 92c4e46ff807)
  INCLUDED         Core_Brief_v2.md  (sha256 23d1f1d1f622)
  INCLUDED         Core_Charter_v1.md  (sha256 51fb5eb1bf14)
  INCLUDED         Core_Decisions_v1.md  (sha256 2545fa050c39)
  INCLUDED         Core_Design_v6.md  (sha256 971a67e53789)
  INCLUDED         Core_Structure_Decisions_v2.md  (sha256 036083c7b766)
  INCLUDED         Core_Structure_Design_v2.md  (sha256 44b721ff071a)
  INCLUDED         Core_Structure_Standard_v1.md  (sha256 947cc4265841)
  INCLUDED         Core_Tags_Working_v1.md  (sha256 111c793579dd)

[Documentation Methodology]
  INCLUDED         _index.md  (sha256 65236d98d709)
  INCLUDED         DocMeth_Brief_v1.md  (sha256 60c5cf3f5d79)
  INCLUDED         DocMeth_Decisions_v7.md  (sha256 15daf15e27ef)
  INCLUDED         DocMeth_Design_v6.md  (sha256 8b5d6a24a5d7)
  INCLUDED         DocMeth_Working_v9.md  (sha256 952a2287d1d0)
  INCLUDED         DocumentationMethodology_SchemaAuthoring_Standard_v1.md  (sha256 37a837a65cb3)
  INCLUDED         DocumentationMethodology_SchemaDefinitions_Standard_v1.md  (sha256 8098d9714c57)
  INCLUDED         DocumentationMethodology_Standard_v1.md  (sha256 8301aa2a0395)

[Infrastructure]
  INCLUDED         _index.md  (sha256 7732b7fca4c2)
  INCLUDED         AIDE_Infrastructure_MCPDeliveryModel_v2.md  (sha256 e3c945043477)
  INCLUDED         Infrastructure_CLI_Decisions_v1.md  (sha256 a9ceaa12461f)
  INCLUDED         Infrastructure_CLI_Design_v1.md  (sha256 acbe170e16bb)
  INCLUDED         Infrastructure_Working_v1.md  (sha256 80a5dc6e19e8)

[Infrastructure\binder-builder]
  INCLUDED         binder_builder_Documentation_settings.json  (sha256 b9b89306305b)
  INCLUDED         BinderBuilder_Design_v10.md  (sha256 518121d99d79)
  INCLUDED         README.md  (sha256 9c905047ab5a)

[Infrastructure\document-management]
  INCLUDED         _index.md  (sha256 e726f0298d82)
  INCLUDED         DocumentManagement_Brief_v3.md  (sha256 b83c1b37690f)
  INCLUDED         DocumentManagement_Decisions_v3.md  (sha256 19a7e239849f)
  INCLUDED         DocumentManagement_Design_v3.md  (sha256 448cb45ea2c7)

[Infrastructure\file-update-package]
  INCLUDED         file_update_package_settings.json  (sha256 15617061295c)
  INCLUDED         FileUpdatePackage_Design_v2.md  (sha256 76a4c37c468f)
  INCLUDED         README.md  (sha256 747bc371ff85)

[Infrastructure\version-cleanup]
  INCLUDED         README.md  (sha256 307a43363adb)
  INCLUDED         version_cleanup_settings.json  (sha256 c17e9142e485)
  INCLUDED         VersionCleanup_Design_v3.md  (sha256 c672be61d03a)

[Messaging]
  INCLUDED         _index.md  (sha256 24b02a283278)
  INCLUDED         Messaging_Brief_v1.md  (sha256 c1687d821833)
  INCLUDED         Messaging_Decisions_v4.md  (sha256 c6a0f75cba95)
  INCLUDED         Messaging_Design_v4.md  (sha256 48b767e284b0)
  INCLUDED         Messaging_Standard_v4.md  (sha256 39a0045e2403)
  INCLUDED         Messaging_Tool_v4.md  (sha256 c0a40ad3383d)

[Orchestration]
  INCLUDED         _index.md  (sha256 d4bf32394bbd)
  INCLUDED         AIDE_Orchestration_Decisions_v5.md  (sha256 98d336117a70)
  INCLUDED         AIDE_Orchestration_Design_v5.md  (sha256 5cb84235137a)
  INCLUDED         AIDE_Orchestration_UseCases_v2.md  (sha256 5d4ecab3a53d)

[Principles]
  INCLUDED         _index.md  (sha256 a2b316acd172)
  INCLUDED         Principles_Decisions_v5.md  (sha256 386c2fc6d73d)
  INCLUDED         Principles_Design_v5.md  (sha256 2fb814c2c175)
  INCLUDED         Principles_Standard_v2.md  (sha256 a2c5cf6f320d)

[Project Design]
  INCLUDED         _index.md  (sha256 7ba2f75cfec1)
  INCLUDED         ProjectDesign_Decisions_v3.md  (sha256 8e6fee73bdf9)
  INCLUDED         ProjectDesign_Design_v3.md  (sha256 2c4f60adb4f9)
  INCLUDED         ProjectDesign_Schema_Standard_v1.md  (sha256 23316ba5d013)
  INCLUDED         ProjectDesign_Standard_v5.md  (sha256 c035df4e8b17)

[Standards]
  INCLUDED         _index.md  (sha256 09379ef5eb4d)
  INCLUDED         Standards_Authoring_Standard_v8.md  (sha256 e52f99825c80)
  INCLUDED         Standards_Consumption_Standard_v3.md  (sha256 b801499930ac)
  INCLUDED         Standards_Decisions_v4.md  (sha256 38207b4e2082)
  INCLUDED         Standards_Design_v3.md  (sha256 07cbe0cd1fc0)
  INCLUDED         Standards_Working_v1.md  (sha256 ba94a61fa3ca)

[Tools]
  INCLUDED         _index.md  (sha256 90e0fa4aa6b7)
  INCLUDED         Tools_Authoring_Standard_v8.md  (sha256 d05452eddaa6)
  INCLUDED         Tools_Decisions_v7.md  (sha256 13ac6443f896)
  INCLUDED         Tools_Design_v6.md  (sha256 7554396473ca)

[Working Practices]
  INCLUDED         _index.md  (sha256 9f59ceebaaf4)
  INCLUDED         WorkingPractices_Standard_v2.md  (sha256 4819d41b184b)
  INCLUDED         WP_Brief_v2.md  (sha256 8033b884c2db)
  INCLUDED         WP_Capture_Working_v1.md  (sha256 c47c90767511)
  INCLUDED         WP_ContentDelivery_Working_v1.md  (sha256 388b8f4d4b72)
  INCLUDED         WP_Decisions_v4.md  (sha256 9957a8fb75f9)
  INCLUDED         WP_Design_v6.md  (sha256 da8923648608)
  INCLUDED         WP_WorkManagement_Working_v1.md  (sha256 122b3cd42cc8)

[Working Practices\Boards]
  INCLUDED         _index.md  (sha256 0ae0a05fb473)
  INCLUDED         WP_Boards_Decisions_v1.md  (sha256 33320d50ac48)
  INCLUDED         WP_Boards_Design_v1.md  (sha256 13384c9edecf)

[Working Practices\FileOps]
  INCLUDED         WP_FileOps_Working_v1.md  (sha256 6097d4250b37)

[_binder]
  DELETED          AIDE_Documentation_Binder_v120.md
  WRITTEN          AIDE_Documentation_Binder_v121.md  (105 files, 1148918 bytes)

[_rebuild]
  INCLUDED         AIDE_Component_PurposeLines_v2.md  (sha256 b1836489f28b)
  INCLUDED         AIDE_Rebuild_Guide_v1.md  (sha256 01ceb45e507b)
  INCLUDED         AIDE_Rebuild_Overview_v1.md  (sha256 5a65c44f5991)
  INCLUDED         AIDE_Rebuild_SettledDecisions_v1.md  (sha256 33593102e982)
  INCLUDED         Assurance_Brief_Sketch_v2.md  (sha256 1c61ea8c6846)
  INCLUDED         Build_Input_Working_v1.md  (sha256 1bb3513464e6)
  INCLUDED         deployment_plugin_working_v1.md  (sha256 87c99a1e5bf3)
  INCLUDED         ProjectDesign_Decisions_Pending_v1.md  (sha256 647aacf4c1ad)
  INCLUDED         ProjectDesign_Design_Pending_v1.md  (sha256 587bc4c6165f)
  INCLUDED         ProjectDesign_StandardInputs_Pending_v1.md  (sha256 710b74bb0958)
  INCLUDED         ProjectDesign_WorkRegister_Pending_v1.md  (sha256 638ebbfb6eef)
  INCLUDED         WP_Check1_Assessment_v1.md  (sha256 dba57b98ffda)
  INCLUDED         WP_CoreCarries_v2.md  (sha256 2f3ab75ce434)
  SKIPPED          AIDE_DesignApproach_WIP_v1.md: matches exclude_files pattern "*_WIP_*"
  SKIPPED          AIDE_Rebuild_WIP_v24.md: matches exclude_files pattern "*_WIP_*"

------------------------------------------------------------------------
Result: 105 included, 5 skipped, 1 written, 1 deleted
========================================================================

========================================================================
binder builder   2026-09-23 06:30:29   LIVE
binder:   AIDE_Documentation
root:     C:\Users\david\dev\repos\DigitalBusiness-AIDE\Documentation
settings: C:\Users\david\dev\repos\DigitalBusiness-AIDE\Documentation\_aide\utilities\binder-builder\binder_builder_AIDE_Documentation_settings.json
include:  ~/_rebuild
folders collected from: 20
change detection: AIDE_Documentation_Binder_v121.md: 2 added, 2 removed (Infrastructure/document-management/DocumentManagement_Decisions_v4.md, Infrastructure/document-management/DocumentManagement_Design_v4.md, Infrastructure/document-management/DocumentManagement_Decisions_v3.md, and 1 more) - rebuilding
------------------------------------------------------------------------

[.]
  INCLUDED         _index.md  (sha256 173f40558b1b)
  INCLUDED         AIDE_Orchestration_Investigation_Findings.md  (sha256 33b558f610ab)
  INCLUDED         AIDE_Solution_Map.md  (sha256 f7260ab91b37)
  SKIPPED          AIDE_Board.html: matches exclude_files pattern "*_Board.html"
  SKIPPED          AIDE_Documentation_WIP_v27.md: matches exclude_files pattern "*_WIP_*"
  SKIPPED          AIDE_Orchestration_WIP_v1.md: matches exclude_files pattern "*_WIP_*"

[Assurance]
  INCLUDED         _index.md  (sha256 e931b42dcfcb)
  INCLUDED         AIDE_Assurance_Cases_Working_v1.md  (sha256 fa41200d451f)
  INCLUDED         Assurance_Decisions_v3.md  (sha256 da10aeeba9f4)
  INCLUDED         Assurance_Design_v3.md  (sha256 9590897a017b)
  INCLUDED         Assurance_Standard_v1.md  (sha256 16dcf04b00e1)

[Build]
  INCLUDED         _index.md  (sha256 9a75e5df84b4)
  INCLUDED         Build_Brief_v4.md  (sha256 d9717a0475c0)
  INCLUDED         Build_Decisions_v8.md  (sha256 f9a1ac65dfe3)
  INCLUDED         Build_Design_v8.md  (sha256 2987f32273f9)
  INCLUDED         Build_Overview_v6.md  (sha256 5fce6400bb23)

[Core]
  INCLUDED         _index.md  (sha256 218f4527af49)
  INCLUDED         Core_AIDEMap.md  (sha256 5f8331b0988d)
  INCLUDED         Core_AIDEPrinciples_Decisions_v1.md  (sha256 ca6507a444f0)
  INCLUDED         Core_AIDEPrinciples_Design_v1.md  (sha256 92c4e46ff807)
  INCLUDED         Core_Brief_v2.md  (sha256 23d1f1d1f622)
  INCLUDED         Core_Charter_v1.md  (sha256 51fb5eb1bf14)
  INCLUDED         Core_Decisions_v1.md  (sha256 2545fa050c39)
  INCLUDED         Core_Design_v6.md  (sha256 971a67e53789)
  INCLUDED         Core_Structure_Decisions_v2.md  (sha256 036083c7b766)
  INCLUDED         Core_Structure_Design_v2.md  (sha256 44b721ff071a)
  INCLUDED         Core_Structure_Standard_v1.md  (sha256 947cc4265841)
  INCLUDED         Core_Tags_Working_v1.md  (sha256 111c793579dd)

[Documentation Methodology]
  INCLUDED         _index.md  (sha256 65236d98d709)
  INCLUDED         DocMeth_Brief_v1.md  (sha256 60c5cf3f5d79)
  INCLUDED         DocMeth_Decisions_v7.md  (sha256 15daf15e27ef)
  INCLUDED         DocMeth_Design_v6.md  (sha256 8b5d6a24a5d7)
  INCLUDED         DocMeth_Working_v9.md  (sha256 952a2287d1d0)
  INCLUDED         DocumentationMethodology_SchemaAuthoring_Standard_v1.md  (sha256 37a837a65cb3)
  INCLUDED         DocumentationMethodology_SchemaDefinitions_Standard_v1.md  (sha256 8098d9714c57)
  INCLUDED         DocumentationMethodology_Standard_v1.md  (sha256 8301aa2a0395)

[Infrastructure]
  INCLUDED         _index.md  (sha256 7732b7fca4c2)
  INCLUDED         AIDE_Infrastructure_MCPDeliveryModel_v2.md  (sha256 e3c945043477)
  INCLUDED         Infrastructure_CLI_Decisions_v1.md  (sha256 a9ceaa12461f)
  INCLUDED         Infrastructure_CLI_Design_v1.md  (sha256 acbe170e16bb)
  INCLUDED         Infrastructure_Working_v1.md  (sha256 80a5dc6e19e8)

[Infrastructure\binder-builder]
  INCLUDED         binder_builder_Documentation_settings.json  (sha256 b9b89306305b)
  INCLUDED         BinderBuilder_Design_v10.md  (sha256 518121d99d79)
  INCLUDED         README.md  (sha256 9c905047ab5a)

[Infrastructure\document-management]
  INCLUDED         _index.md  (sha256 e726f0298d82)
  INCLUDED         DocumentManagement_Brief_v3.md  (sha256 b83c1b37690f)
  INCLUDED         DocumentManagement_Decisions_v4.md  (sha256 8564c893f15f)
  INCLUDED         DocumentManagement_Design_v4.md  (sha256 d0f82d5d4d75)

[Infrastructure\file-update-package]
  INCLUDED         file_update_package_settings.json  (sha256 15617061295c)
  INCLUDED         FileUpdatePackage_Design_v2.md  (sha256 76a4c37c468f)
  INCLUDED         README.md  (sha256 747bc371ff85)

[Infrastructure\version-cleanup]
  INCLUDED         README.md  (sha256 307a43363adb)
  INCLUDED         version_cleanup_settings.json  (sha256 c17e9142e485)
  INCLUDED         VersionCleanup_Design_v3.md  (sha256 c672be61d03a)

[Messaging]
  INCLUDED         _index.md  (sha256 24b02a283278)
  INCLUDED         Messaging_Brief_v1.md  (sha256 c1687d821833)
  INCLUDED         Messaging_Decisions_v4.md  (sha256 c6a0f75cba95)
  INCLUDED         Messaging_Design_v4.md  (sha256 48b767e284b0)
  INCLUDED         Messaging_Standard_v4.md  (sha256 39a0045e2403)
  INCLUDED         Messaging_Tool_v4.md  (sha256 c0a40ad3383d)

[Orchestration]
  INCLUDED         _index.md  (sha256 d4bf32394bbd)
  INCLUDED         AIDE_Orchestration_Decisions_v5.md  (sha256 98d336117a70)
  INCLUDED         AIDE_Orchestration_Design_v5.md  (sha256 5cb84235137a)
  INCLUDED         AIDE_Orchestration_UseCases_v2.md  (sha256 5d4ecab3a53d)

[Principles]
  INCLUDED         _index.md  (sha256 a2b316acd172)
  INCLUDED         Principles_Decisions_v5.md  (sha256 386c2fc6d73d)
  INCLUDED         Principles_Design_v5.md  (sha256 2fb814c2c175)
  INCLUDED         Principles_Standard_v2.md  (sha256 a2c5cf6f320d)

[Project Design]
  INCLUDED         _index.md  (sha256 7ba2f75cfec1)
  INCLUDED         ProjectDesign_Decisions_v3.md  (sha256 8e6fee73bdf9)
  INCLUDED         ProjectDesign_Design_v3.md  (sha256 2c4f60adb4f9)
  INCLUDED         ProjectDesign_Schema_Standard_v1.md  (sha256 23316ba5d013)
  INCLUDED         ProjectDesign_Standard_v5.md  (sha256 c035df4e8b17)

[Standards]
  INCLUDED         _index.md  (sha256 09379ef5eb4d)
  INCLUDED         Standards_Authoring_Standard_v8.md  (sha256 e52f99825c80)
  INCLUDED         Standards_Consumption_Standard_v3.md  (sha256 b801499930ac)
  INCLUDED         Standards_Decisions_v4.md  (sha256 38207b4e2082)
  INCLUDED         Standards_Design_v3.md  (sha256 07cbe0cd1fc0)
  INCLUDED         Standards_Working_v1.md  (sha256 ba94a61fa3ca)

[Tools]
  INCLUDED         _index.md  (sha256 90e0fa4aa6b7)
  INCLUDED         Tools_Authoring_Standard_v8.md  (sha256 d05452eddaa6)
  INCLUDED         Tools_Decisions_v7.md  (sha256 13ac6443f896)
  INCLUDED         Tools_Design_v6.md  (sha256 7554396473ca)

[Working Practices]
  INCLUDED         _index.md  (sha256 9f59ceebaaf4)
  INCLUDED         WorkingPractices_Standard_v2.md  (sha256 4819d41b184b)
  INCLUDED         WP_Brief_v2.md  (sha256 8033b884c2db)
  INCLUDED         WP_Capture_Working_v1.md  (sha256 c47c90767511)
  INCLUDED         WP_ContentDelivery_Working_v1.md  (sha256 388b8f4d4b72)
  INCLUDED         WP_Decisions_v4.md  (sha256 9957a8fb75f9)
  INCLUDED         WP_Design_v6.md  (sha256 da8923648608)
  INCLUDED         WP_WorkManagement_Working_v1.md  (sha256 122b3cd42cc8)

[Working Practices\Boards]
  INCLUDED         _index.md  (sha256 0ae0a05fb473)
  INCLUDED         WP_Boards_Decisions_v1.md  (sha256 33320d50ac48)
  INCLUDED         WP_Boards_Design_v1.md  (sha256 13384c9edecf)

[Working Practices\FileOps]
  INCLUDED         WP_FileOps_Working_v1.md  (sha256 6097d4250b37)

[_binder]
  DELETED          AIDE_Documentation_Binder_v121.md
  WRITTEN          AIDE_Documentation_Binder_v122.md  (105 files, 1153201 bytes)

[_rebuild]
  INCLUDED         AIDE_Component_PurposeLines_v2.md  (sha256 b1836489f28b)
  INCLUDED         AIDE_Rebuild_Guide_v1.md  (sha256 01ceb45e507b)
  INCLUDED         AIDE_Rebuild_Overview_v1.md  (sha256 5a65c44f5991)
  INCLUDED         AIDE_Rebuild_SettledDecisions_v1.md  (sha256 33593102e982)
  INCLUDED         Assurance_Brief_Sketch_v2.md  (sha256 1c61ea8c6846)
  INCLUDED         Build_Input_Working_v1.md  (sha256 1bb3513464e6)
  INCLUDED         deployment_plugin_working_v1.md  (sha256 87c99a1e5bf3)
  INCLUDED         ProjectDesign_Decisions_Pending_v1.md  (sha256 647aacf4c1ad)
  INCLUDED         ProjectDesign_Design_Pending_v1.md  (sha256 587bc4c6165f)
  INCLUDED         ProjectDesign_StandardInputs_Pending_v1.md  (sha256 710b74bb0958)
  INCLUDED         ProjectDesign_WorkRegister_Pending_v1.md  (sha256 638ebbfb6eef)
  INCLUDED         WP_Check1_Assessment_v1.md  (sha256 dba57b98ffda)
  INCLUDED         WP_CoreCarries_v2.md  (sha256 2f3ab75ce434)
  SKIPPED          AIDE_DesignApproach_WIP_v1.md: matches exclude_files pattern "*_WIP_*"
  SKIPPED          AIDE_Rebuild_WIP_v24.md: matches exclude_files pattern "*_WIP_*"

------------------------------------------------------------------------
Result: 105 included, 5 skipped, 1 written, 1 deleted
========================================================================

========================================================================
binder builder   2026-09-23 06:45:04   LIVE
binder:   AIDE_Documentation
root:     C:\Users\david\dev\repos\DigitalBusiness-AIDE\Documentation
settings: C:\Users\david\dev\repos\DigitalBusiness-AIDE\Documentation\_aide\utilities\binder-builder\binder_builder_AIDE_Documentation_settings.json
include:  ~/_rebuild
folders collected from: 20
change detection: AIDE_Documentation_Binder_v122.md: 2 added, 2 removed (Infrastructure/document-management/DocumentManagement_Decisions_v5.md, Infrastructure/document-management/DocumentManagement_Design_v5.md, Infrastructure/document-management/DocumentManagement_Decisions_v4.md, and 1 more) - rebuilding
------------------------------------------------------------------------

[.]
  INCLUDED         _index.md  (sha256 173f40558b1b)
  INCLUDED         AIDE_Orchestration_Investigation_Findings.md  (sha256 33b558f610ab)
  INCLUDED         AIDE_Solution_Map.md  (sha256 f7260ab91b37)
  SKIPPED          AIDE_Board.html: matches exclude_files pattern "*_Board.html"
  SKIPPED          AIDE_Documentation_WIP_v27.md: matches exclude_files pattern "*_WIP_*"
  SKIPPED          AIDE_Orchestration_WIP_v1.md: matches exclude_files pattern "*_WIP_*"

[Assurance]
  INCLUDED         _index.md  (sha256 e931b42dcfcb)
  INCLUDED         AIDE_Assurance_Cases_Working_v1.md  (sha256 fa41200d451f)
  INCLUDED         Assurance_Decisions_v3.md  (sha256 da10aeeba9f4)
  INCLUDED         Assurance_Design_v3.md  (sha256 9590897a017b)
  INCLUDED         Assurance_Standard_v1.md  (sha256 16dcf04b00e1)

[Build]
  INCLUDED         _index.md  (sha256 9a75e5df84b4)
  INCLUDED         Build_Brief_v4.md  (sha256 d9717a0475c0)
  INCLUDED         Build_Decisions_v8.md  (sha256 f9a1ac65dfe3)
  INCLUDED         Build_Design_v8.md  (sha256 2987f32273f9)
  INCLUDED         Build_Overview_v6.md  (sha256 5fce6400bb23)

[Core]
  INCLUDED         _index.md  (sha256 218f4527af49)
  INCLUDED         Core_AIDEMap.md  (sha256 5f8331b0988d)
  INCLUDED         Core_AIDEPrinciples_Decisions_v1.md  (sha256 ca6507a444f0)
  INCLUDED         Core_AIDEPrinciples_Design_v1.md  (sha256 92c4e46ff807)
  INCLUDED         Core_Brief_v2.md  (sha256 23d1f1d1f622)
  INCLUDED         Core_Charter_v1.md  (sha256 51fb5eb1bf14)
  INCLUDED         Core_Decisions_v1.md  (sha256 2545fa050c39)
  INCLUDED         Core_Design_v6.md  (sha256 971a67e53789)
  INCLUDED         Core_Structure_Decisions_v2.md  (sha256 036083c7b766)
  INCLUDED         Core_Structure_Design_v2.md  (sha256 44b721ff071a)
  INCLUDED         Core_Structure_Standard_v1.md  (sha256 947cc4265841)
  INCLUDED         Core_Tags_Working_v1.md  (sha256 111c793579dd)

[Documentation Methodology]
  INCLUDED         _index.md  (sha256 65236d98d709)
  INCLUDED         DocMeth_Brief_v1.md  (sha256 60c5cf3f5d79)
  INCLUDED         DocMeth_Decisions_v7.md  (sha256 15daf15e27ef)
  INCLUDED         DocMeth_Design_v6.md  (sha256 8b5d6a24a5d7)
  INCLUDED         DocMeth_Working_v9.md  (sha256 952a2287d1d0)
  INCLUDED         DocumentationMethodology_SchemaAuthoring_Standard_v1.md  (sha256 37a837a65cb3)
  INCLUDED         DocumentationMethodology_SchemaDefinitions_Standard_v1.md  (sha256 8098d9714c57)
  INCLUDED         DocumentationMethodology_Standard_v1.md  (sha256 8301aa2a0395)

[Infrastructure]
  INCLUDED         _index.md  (sha256 7732b7fca4c2)
  INCLUDED         AIDE_Infrastructure_MCPDeliveryModel_v2.md  (sha256 e3c945043477)
  INCLUDED         Infrastructure_CLI_Decisions_v1.md  (sha256 a9ceaa12461f)
  INCLUDED         Infrastructure_CLI_Design_v1.md  (sha256 acbe170e16bb)
  INCLUDED         Infrastructure_Working_v1.md  (sha256 80a5dc6e19e8)

[Infrastructure\binder-builder]
  INCLUDED         binder_builder_Documentation_settings.json  (sha256 b9b89306305b)
  INCLUDED         BinderBuilder_Design_v10.md  (sha256 518121d99d79)
  INCLUDED         README.md  (sha256 9c905047ab5a)

[Infrastructure\document-management]
  INCLUDED         _index.md  (sha256 e726f0298d82)
  INCLUDED         DocumentManagement_Brief_v3.md  (sha256 b83c1b37690f)
  INCLUDED         DocumentManagement_Decisions_v5.md  (sha256 295cba7a2055)
  INCLUDED         DocumentManagement_Design_v5.md  (sha256 a08d511b743f)

[Infrastructure\file-update-package]
  INCLUDED         file_update_package_settings.json  (sha256 15617061295c)
  INCLUDED         FileUpdatePackage_Design_v2.md  (sha256 76a4c37c468f)
  INCLUDED         README.md  (sha256 747bc371ff85)

[Infrastructure\version-cleanup]
  INCLUDED         README.md  (sha256 307a43363adb)
  INCLUDED         version_cleanup_settings.json  (sha256 c17e9142e485)
  INCLUDED         VersionCleanup_Design_v3.md  (sha256 c672be61d03a)

[Messaging]
  INCLUDED         _index.md  (sha256 24b02a283278)
  INCLUDED         Messaging_Brief_v1.md  (sha256 c1687d821833)
  INCLUDED         Messaging_Decisions_v4.md  (sha256 c6a0f75cba95)
  INCLUDED         Messaging_Design_v4.md  (sha256 48b767e284b0)
  INCLUDED         Messaging_Standard_v4.md  (sha256 39a0045e2403)
  INCLUDED         Messaging_Tool_v4.md  (sha256 c0a40ad3383d)

[Orchestration]
  INCLUDED         _index.md  (sha256 d4bf32394bbd)
  INCLUDED         AIDE_Orchestration_Decisions_v5.md  (sha256 98d336117a70)
  INCLUDED         AIDE_Orchestration_Design_v5.md  (sha256 5cb84235137a)
  INCLUDED         AIDE_Orchestration_UseCases_v2.md  (sha256 5d4ecab3a53d)

[Principles]
  INCLUDED         _index.md  (sha256 a2b316acd172)
  INCLUDED         Principles_Decisions_v5.md  (sha256 386c2fc6d73d)
  INCLUDED         Principles_Design_v5.md  (sha256 2fb814c2c175)
  INCLUDED         Principles_Standard_v2.md  (sha256 a2c5cf6f320d)

[Project Design]
  INCLUDED         _index.md  (sha256 7ba2f75cfec1)
  INCLUDED         ProjectDesign_Decisions_v3.md  (sha256 8e6fee73bdf9)
  INCLUDED         ProjectDesign_Design_v3.md  (sha256 2c4f60adb4f9)
  INCLUDED         ProjectDesign_Schema_Standard_v1.md  (sha256 23316ba5d013)
  INCLUDED         ProjectDesign_Standard_v5.md  (sha256 c035df4e8b17)

[Standards]
  INCLUDED         _index.md  (sha256 09379ef5eb4d)
  INCLUDED         Standards_Authoring_Standard_v8.md  (sha256 e52f99825c80)
  INCLUDED         Standards_Consumption_Standard_v3.md  (sha256 b801499930ac)
  INCLUDED         Standards_Decisions_v4.md  (sha256 38207b4e2082)
  INCLUDED         Standards_Design_v3.md  (sha256 07cbe0cd1fc0)
  INCLUDED         Standards_Working_v1.md  (sha256 ba94a61fa3ca)

[Tools]
  INCLUDED         _index.md  (sha256 90e0fa4aa6b7)
  INCLUDED         Tools_Authoring_Standard_v8.md  (sha256 d05452eddaa6)
  INCLUDED         Tools_Decisions_v7.md  (sha256 13ac6443f896)
  INCLUDED         Tools_Design_v6.md  (sha256 7554396473ca)

[Working Practices]
  INCLUDED         _index.md  (sha256 9f59ceebaaf4)
  INCLUDED         WorkingPractices_Standard_v2.md  (sha256 4819d41b184b)
  INCLUDED         WP_Brief_v2.md  (sha256 8033b884c2db)
  INCLUDED         WP_Capture_Working_v1.md  (sha256 c47c90767511)
  INCLUDED         WP_ContentDelivery_Working_v1.md  (sha256 388b8f4d4b72)
  INCLUDED         WP_Decisions_v4.md  (sha256 9957a8fb75f9)
  INCLUDED         WP_Design_v6.md  (sha256 da8923648608)
  INCLUDED         WP_WorkManagement_Working_v1.md  (sha256 122b3cd42cc8)

[Working Practices\Boards]
  INCLUDED         _index.md  (sha256 0ae0a05fb473)
  INCLUDED         WP_Boards_Decisions_v1.md  (sha256 33320d50ac48)
  INCLUDED         WP_Boards_Design_v1.md  (sha256 13384c9edecf)

[Working Practices\FileOps]
  INCLUDED         WP_FileOps_Working_v1.md  (sha256 6097d4250b37)

[_binder]
  DELETED          AIDE_Documentation_Binder_v122.md
  WRITTEN          AIDE_Documentation_Binder_v123.md  (105 files, 1155743 bytes)

[_rebuild]
  INCLUDED         AIDE_Component_PurposeLines_v2.md  (sha256 b1836489f28b)
  INCLUDED         AIDE_Rebuild_Guide_v1.md  (sha256 01ceb45e507b)
  INCLUDED         AIDE_Rebuild_Overview_v1.md  (sha256 5a65c44f5991)
  INCLUDED         AIDE_Rebuild_SettledDecisions_v1.md  (sha256 33593102e982)
  INCLUDED         Assurance_Brief_Sketch_v2.md  (sha256 1c61ea8c6846)
  INCLUDED         Build_Input_Working_v1.md  (sha256 1bb3513464e6)
  INCLUDED         deployment_plugin_working_v1.md  (sha256 87c99a1e5bf3)
  INCLUDED         ProjectDesign_Decisions_Pending_v1.md  (sha256 647aacf4c1ad)
  INCLUDED         ProjectDesign_Design_Pending_v1.md  (sha256 587bc4c6165f)
  INCLUDED         ProjectDesign_StandardInputs_Pending_v1.md  (sha256 710b74bb0958)
  INCLUDED         ProjectDesign_WorkRegister_Pending_v1.md  (sha256 638ebbfb6eef)
  INCLUDED         WP_Check1_Assessment_v1.md  (sha256 dba57b98ffda)
  INCLUDED         WP_CoreCarries_v2.md  (sha256 2f3ab75ce434)
  SKIPPED          AIDE_DesignApproach_WIP_v1.md: matches exclude_files pattern "*_WIP_*"
  SKIPPED          AIDE_Rebuild_WIP_v24.md: matches exclude_files pattern "*_WIP_*"

------------------------------------------------------------------------
Result: 105 included, 5 skipped, 1 written, 1 deleted
========================================================================

========================================================================
binder builder   2026-09-23 09:31:55   LIVE
binder:   AIDE_Documentation
root:     C:\Users\david\dev\repos\DigitalBusiness-AIDE\Documentation
settings: C:\Users\david\dev\repos\DigitalBusiness-AIDE\Documentation\_aide\utilities\binder-builder\binder_builder_AIDE_Documentation_settings.json
include:  ~/_rebuild
folders collected from: 20
change detection: AIDE_Documentation_Binder_v123.md: 105 file(s) in scope, all matching the manifest - binder not rebuilt
------------------------------------------------------------------------

[.]
  SKIPPED          AIDE_Board.html: matches exclude_files pattern "*_Board.html"
  SKIPPED          AIDE_Documentation_WIP_v27.md: matches exclude_files pattern "*_WIP_*"
  SKIPPED          AIDE_Orchestration_WIP_v1.md: matches exclude_files pattern "*_WIP_*"

[_binder]
  NO CHANGES       no changes detected since AIDE_Documentation_Binder_v123.md; binder not rebuilt

[_rebuild]
  SKIPPED          AIDE_DesignApproach_WIP_v1.md: matches exclude_files pattern "*_WIP_*"
  SKIPPED          AIDE_Rebuild_WIP_v24.md: matches exclude_files pattern "*_WIP_*"

------------------------------------------------------------------------
Result: 5 skipped, 1 no changes
========================================================================

========================================================================
binder builder   2026-09-23 11:29:57   LIVE
binder:   AIDE_Documentation
root:     C:\Users\david\dev\repos\DigitalBusiness-AIDE\Documentation
settings: C:\Users\david\dev\repos\DigitalBusiness-AIDE\Documentation\_aide\utilities\binder-builder\binder_builder_AIDE_Documentation_settings.json
include:  ~/_rebuild
folders collected from: 21
change detection: AIDE_Documentation_Binder_v123.md: 3 added, 1 changed (Services/Services_Decisions_v1-draft1.md, Services/Services_Design_v1-draft1.md, Services/_index.md, and 1 more) - rebuilding
------------------------------------------------------------------------

[.]
  INCLUDED         _index.md  (sha256 173f40558b1b)
  INCLUDED         AIDE_Orchestration_Investigation_Findings.md  (sha256 33b558f610ab)
  INCLUDED         AIDE_Solution_Map.md  (sha256 f7260ab91b37)
  SKIPPED          AIDE_Board.html: matches exclude_files pattern "*_Board.html"
  SKIPPED          AIDE_Documentation_WIP_v27.md: matches exclude_files pattern "*_WIP_*"
  SKIPPED          AIDE_Orchestration_WIP_v1.md: matches exclude_files pattern "*_WIP_*"

[Assurance]
  INCLUDED         _index.md  (sha256 e931b42dcfcb)
  INCLUDED         AIDE_Assurance_Cases_Working_v1.md  (sha256 fa41200d451f)
  INCLUDED         Assurance_Decisions_v3.md  (sha256 da10aeeba9f4)
  INCLUDED         Assurance_Design_v3.md  (sha256 9590897a017b)
  INCLUDED         Assurance_Standard_v1.md  (sha256 16dcf04b00e1)

[Build]
  INCLUDED         _index.md  (sha256 9a75e5df84b4)
  INCLUDED         Build_Brief_v4.md  (sha256 d9717a0475c0)
  INCLUDED         Build_Decisions_v8.md  (sha256 f9a1ac65dfe3)
  INCLUDED         Build_Design_v8.md  (sha256 2987f32273f9)
  INCLUDED         Build_Overview_v6.md  (sha256 5fce6400bb23)

[Core]
  INCLUDED         _index.md  (sha256 218f4527af49)
  INCLUDED         Core_AIDEMap.md  (sha256 5f8331b0988d)
  INCLUDED         Core_AIDEPrinciples_Decisions_v1.md  (sha256 ca6507a444f0)
  INCLUDED         Core_AIDEPrinciples_Design_v1.md  (sha256 92c4e46ff807)
  INCLUDED         Core_Brief_v2.md  (sha256 23d1f1d1f622)
  INCLUDED         Core_Charter_v1.md  (sha256 51fb5eb1bf14)
  INCLUDED         Core_Decisions_v1.md  (sha256 2545fa050c39)
  INCLUDED         Core_Design_v6.md  (sha256 971a67e53789)
  INCLUDED         Core_Structure_Decisions_v2.md  (sha256 036083c7b766)
  INCLUDED         Core_Structure_Design_v2.md  (sha256 44b721ff071a)
  INCLUDED         Core_Structure_Standard_v1.md  (sha256 947cc4265841)
  INCLUDED         Core_Tags_Working_v1.md  (sha256 111c793579dd)

[Documentation Methodology]
  INCLUDED         _index.md  (sha256 65236d98d709)
  INCLUDED         DocMeth_Brief_v1.md  (sha256 60c5cf3f5d79)
  INCLUDED         DocMeth_Decisions_v7.md  (sha256 15daf15e27ef)
  INCLUDED         DocMeth_Design_v6.md  (sha256 8b5d6a24a5d7)
  INCLUDED         DocMeth_Working_v9.md  (sha256 952a2287d1d0)
  INCLUDED         DocumentationMethodology_SchemaAuthoring_Standard_v1.md  (sha256 37a837a65cb3)
  INCLUDED         DocumentationMethodology_SchemaDefinitions_Standard_v1.md  (sha256 8098d9714c57)
  INCLUDED         DocumentationMethodology_Standard_v1.md  (sha256 8301aa2a0395)

[Infrastructure]
  INCLUDED         _index.md  (sha256 7732b7fca4c2)
  INCLUDED         AIDE_Infrastructure_MCPDeliveryModel_v2.md  (sha256 709be4952c6b)
  INCLUDED         Infrastructure_CLI_Decisions_v1.md  (sha256 a9ceaa12461f)
  INCLUDED         Infrastructure_CLI_Design_v1.md  (sha256 acbe170e16bb)
  INCLUDED         Infrastructure_Working_v1.md  (sha256 80a5dc6e19e8)

[Infrastructure\binder-builder]
  INCLUDED         binder_builder_Documentation_settings.json  (sha256 b9b89306305b)
  INCLUDED         BinderBuilder_Design_v10.md  (sha256 518121d99d79)
  INCLUDED         README.md  (sha256 9c905047ab5a)

[Infrastructure\document-management]
  INCLUDED         _index.md  (sha256 e726f0298d82)
  INCLUDED         DocumentManagement_Brief_v3.md  (sha256 b83c1b37690f)
  INCLUDED         DocumentManagement_Decisions_v5.md  (sha256 295cba7a2055)
  INCLUDED         DocumentManagement_Design_v5.md  (sha256 a08d511b743f)

[Infrastructure\file-update-package]
  INCLUDED         file_update_package_settings.json  (sha256 15617061295c)
  INCLUDED         FileUpdatePackage_Design_v2.md  (sha256 76a4c37c468f)
  INCLUDED         README.md  (sha256 747bc371ff85)

[Infrastructure\version-cleanup]
  INCLUDED         README.md  (sha256 307a43363adb)
  INCLUDED         version_cleanup_settings.json  (sha256 c17e9142e485)
  INCLUDED         VersionCleanup_Design_v3.md  (sha256 c672be61d03a)

[Messaging]
  INCLUDED         _index.md  (sha256 24b02a283278)
  INCLUDED         Messaging_Brief_v1.md  (sha256 c1687d821833)
  INCLUDED         Messaging_Decisions_v4.md  (sha256 c6a0f75cba95)
  INCLUDED         Messaging_Design_v4.md  (sha256 48b767e284b0)
  INCLUDED         Messaging_Standard_v4.md  (sha256 39a0045e2403)
  INCLUDED         Messaging_Tool_v4.md  (sha256 c0a40ad3383d)

[Orchestration]
  INCLUDED         _index.md  (sha256 d4bf32394bbd)
  INCLUDED         AIDE_Orchestration_Decisions_v5.md  (sha256 98d336117a70)
  INCLUDED         AIDE_Orchestration_Design_v5.md  (sha256 5cb84235137a)
  INCLUDED         AIDE_Orchestration_UseCases_v2.md  (sha256 5d4ecab3a53d)

[Principles]
  INCLUDED         _index.md  (sha256 a2b316acd172)
  INCLUDED         Principles_Decisions_v5.md  (sha256 386c2fc6d73d)
  INCLUDED         Principles_Design_v5.md  (sha256 2fb814c2c175)
  INCLUDED         Principles_Standard_v2.md  (sha256 a2c5cf6f320d)

[Project Design]
  INCLUDED         _index.md  (sha256 7ba2f75cfec1)
  INCLUDED         ProjectDesign_Decisions_v3.md  (sha256 8e6fee73bdf9)
  INCLUDED         ProjectDesign_Design_v3.md  (sha256 2c4f60adb4f9)
  INCLUDED         ProjectDesign_Schema_Standard_v1.md  (sha256 23316ba5d013)
  INCLUDED         ProjectDesign_Standard_v5.md  (sha256 c035df4e8b17)

[Services]
  INCLUDED         _index.md  (sha256 2532e7cf22ae)
  INCLUDED         Services_Decisions_v1-draft1.md  (sha256 ce2d766b6d06)
  INCLUDED         Services_Design_v1-draft1.md  (sha256 0dbc6b21256a)

[Standards]
  INCLUDED         _index.md  (sha256 09379ef5eb4d)
  INCLUDED         Standards_Authoring_Standard_v8.md  (sha256 e52f99825c80)
  INCLUDED         Standards_Consumption_Standard_v3.md  (sha256 b801499930ac)
  INCLUDED         Standards_Decisions_v4.md  (sha256 38207b4e2082)
  INCLUDED         Standards_Design_v3.md  (sha256 07cbe0cd1fc0)
  INCLUDED         Standards_Working_v1.md  (sha256 ba94a61fa3ca)

[Tools]
  INCLUDED         _index.md  (sha256 90e0fa4aa6b7)
  INCLUDED         Tools_Authoring_Standard_v8.md  (sha256 d05452eddaa6)
  INCLUDED         Tools_Decisions_v7.md  (sha256 13ac6443f896)
  INCLUDED         Tools_Design_v6.md  (sha256 7554396473ca)

[Working Practices]
  INCLUDED         _index.md  (sha256 9f59ceebaaf4)
  INCLUDED         WorkingPractices_Standard_v2.md  (sha256 4819d41b184b)
  INCLUDED         WP_Brief_v2.md  (sha256 8033b884c2db)
  INCLUDED         WP_Capture_Working_v1.md  (sha256 c47c90767511)
  INCLUDED         WP_ContentDelivery_Working_v1.md  (sha256 388b8f4d4b72)
  INCLUDED         WP_Decisions_v4.md  (sha256 9957a8fb75f9)
  INCLUDED         WP_Design_v6.md  (sha256 da8923648608)
  INCLUDED         WP_WorkManagement_Working_v1.md  (sha256 122b3cd42cc8)

[Working Practices\Boards]
  INCLUDED         _index.md  (sha256 0ae0a05fb473)
  INCLUDED         WP_Boards_Decisions_v1.md  (sha256 33320d50ac48)
  INCLUDED         WP_Boards_Design_v1.md  (sha256 13384c9edecf)

[Working Practices\FileOps]
  INCLUDED         WP_FileOps_Working_v1.md  (sha256 6097d4250b37)

[_binder]
  DELETED          AIDE_Documentation_Binder_v123.md
  WRITTEN          AIDE_Documentation_Binder_v124.md  (108 files, 1179776 bytes)

[_rebuild]
  INCLUDED         AIDE_Component_PurposeLines_v2.md  (sha256 b1836489f28b)
  INCLUDED         AIDE_Rebuild_Guide_v1.md  (sha256 01ceb45e507b)
  INCLUDED         AIDE_Rebuild_Overview_v1.md  (sha256 5a65c44f5991)
  INCLUDED         AIDE_Rebuild_SettledDecisions_v1.md  (sha256 33593102e982)
  INCLUDED         Assurance_Brief_Sketch_v2.md  (sha256 1c61ea8c6846)
  INCLUDED         Build_Input_Working_v1.md  (sha256 1bb3513464e6)
  INCLUDED         deployment_plugin_working_v1.md  (sha256 87c99a1e5bf3)
  INCLUDED         ProjectDesign_Decisions_Pending_v1.md  (sha256 647aacf4c1ad)
  INCLUDED         ProjectDesign_Design_Pending_v1.md  (sha256 587bc4c6165f)
  INCLUDED         ProjectDesign_StandardInputs_Pending_v1.md  (sha256 710b74bb0958)
  INCLUDED         ProjectDesign_WorkRegister_Pending_v1.md  (sha256 638ebbfb6eef)
  INCLUDED         WP_Check1_Assessment_v1.md  (sha256 dba57b98ffda)
  INCLUDED         WP_CoreCarries_v2.md  (sha256 2f3ab75ce434)
  SKIPPED          AIDE_DesignApproach_WIP_v1.md: matches exclude_files pattern "*_WIP_*"
  SKIPPED          AIDE_Rebuild_WIP_v24.md: matches exclude_files pattern "*_WIP_*"

------------------------------------------------------------------------
Result: 108 included, 5 skipped, 1 written, 1 deleted
========================================================================

========================================================================
binder builder   2026-09-23 12:53:42   LIVE
binder:   AIDE_Documentation
root:     C:\Users\david\dev\repos\DigitalBusiness-AIDE\Documentation
settings: C:\Users\david\dev\repos\DigitalBusiness-AIDE\Documentation\_aide\utilities\binder-builder\binder_builder_AIDE_Documentation_settings.json
include:  ~/_rebuild
folders collected from: 22
change detection: AIDE_Documentation_Binder_v124.md: 3 added, 1 changed (Capabilities/Capabilities_Decisions_v1-draft1.md, Capabilities/Capabilities_Design_v1-draft1.md, Capabilities/_index.md, and 1 more) - rebuilding
------------------------------------------------------------------------

[.]
  INCLUDED         _index.md  (sha256 173f40558b1b)
  INCLUDED         AIDE_Orchestration_Investigation_Findings.md  (sha256 33b558f610ab)
  INCLUDED         AIDE_Solution_Map.md  (sha256 f7260ab91b37)
  SKIPPED          AIDE_Board.html: matches exclude_files pattern "*_Board.html"
  SKIPPED          AIDE_Documentation_WIP_v27.md: matches exclude_files pattern "*_WIP_*"
  SKIPPED          AIDE_Orchestration_WIP_v1.md: matches exclude_files pattern "*_WIP_*"

[Assurance]
  INCLUDED         _index.md  (sha256 e931b42dcfcb)
  INCLUDED         AIDE_Assurance_Cases_Working_v1.md  (sha256 fa41200d451f)
  INCLUDED         Assurance_Decisions_v3.md  (sha256 da10aeeba9f4)
  INCLUDED         Assurance_Design_v3.md  (sha256 9590897a017b)
  INCLUDED         Assurance_Standard_v1.md  (sha256 16dcf04b00e1)

[Build]
  INCLUDED         _index.md  (sha256 9a75e5df84b4)
  INCLUDED         Build_Brief_v4.md  (sha256 d9717a0475c0)
  INCLUDED         Build_Decisions_v8.md  (sha256 f9a1ac65dfe3)
  INCLUDED         Build_Design_v8.md  (sha256 2987f32273f9)
  INCLUDED         Build_Overview_v6.md  (sha256 5fce6400bb23)

[Capabilities]
  INCLUDED         _index.md  (sha256 bd890d11e765)
  INCLUDED         Capabilities_Decisions_v1-draft1.md  (sha256 2091ff618cf1)
  INCLUDED         Capabilities_Design_v1-draft1.md  (sha256 5f1b9aaf5848)

[Core]
  INCLUDED         _index.md  (sha256 218f4527af49)
  INCLUDED         Core_AIDEMap.md  (sha256 5f8331b0988d)
  INCLUDED         Core_AIDEPrinciples_Decisions_v1.md  (sha256 ca6507a444f0)
  INCLUDED         Core_AIDEPrinciples_Design_v1.md  (sha256 92c4e46ff807)
  INCLUDED         Core_Brief_v2.md  (sha256 23d1f1d1f622)
  INCLUDED         Core_Charter_v1.md  (sha256 394294a3a789)
  INCLUDED         Core_Decisions_v1.md  (sha256 2545fa050c39)
  INCLUDED         Core_Design_v6.md  (sha256 971a67e53789)
  INCLUDED         Core_Structure_Decisions_v2.md  (sha256 036083c7b766)
  INCLUDED         Core_Structure_Design_v2.md  (sha256 44b721ff071a)
  INCLUDED         Core_Structure_Standard_v1.md  (sha256 947cc4265841)
  INCLUDED         Core_Tags_Working_v1.md  (sha256 111c793579dd)

[Documentation Methodology]
  INCLUDED         _index.md  (sha256 65236d98d709)
  INCLUDED         DocMeth_Brief_v1.md  (sha256 60c5cf3f5d79)
  INCLUDED         DocMeth_Decisions_v7.md  (sha256 15daf15e27ef)
  INCLUDED         DocMeth_Design_v6.md  (sha256 8b5d6a24a5d7)
  INCLUDED         DocMeth_Working_v9.md  (sha256 952a2287d1d0)
  INCLUDED         DocumentationMethodology_SchemaAuthoring_Standard_v1.md  (sha256 37a837a65cb3)
  INCLUDED         DocumentationMethodology_SchemaDefinitions_Standard_v1.md  (sha256 8098d9714c57)
  INCLUDED         DocumentationMethodology_Standard_v1.md  (sha256 8301aa2a0395)

[Infrastructure]
  INCLUDED         _index.md  (sha256 7732b7fca4c2)
  INCLUDED         AIDE_Infrastructure_MCPDeliveryModel_v2.md  (sha256 709be4952c6b)
  INCLUDED         Infrastructure_CLI_Decisions_v1.md  (sha256 a9ceaa12461f)
  INCLUDED         Infrastructure_CLI_Design_v1.md  (sha256 acbe170e16bb)
  INCLUDED         Infrastructure_Working_v1.md  (sha256 80a5dc6e19e8)

[Infrastructure\binder-builder]
  INCLUDED         binder_builder_Documentation_settings.json  (sha256 b9b89306305b)
  INCLUDED         BinderBuilder_Design_v10.md  (sha256 518121d99d79)
  INCLUDED         README.md  (sha256 9c905047ab5a)

[Infrastructure\document-management]
  INCLUDED         _index.md  (sha256 e726f0298d82)
  INCLUDED         DocumentManagement_Brief_v3.md  (sha256 b83c1b37690f)
  INCLUDED         DocumentManagement_Decisions_v5.md  (sha256 295cba7a2055)
  INCLUDED         DocumentManagement_Design_v5.md  (sha256 a08d511b743f)

[Infrastructure\file-update-package]
  INCLUDED         file_update_package_settings.json  (sha256 15617061295c)
  INCLUDED         FileUpdatePackage_Design_v2.md  (sha256 76a4c37c468f)
  INCLUDED         README.md  (sha256 747bc371ff85)

[Infrastructure\version-cleanup]
  INCLUDED         README.md  (sha256 307a43363adb)
  INCLUDED         version_cleanup_settings.json  (sha256 c17e9142e485)
  INCLUDED         VersionCleanup_Design_v3.md  (sha256 c672be61d03a)

[Messaging]
  INCLUDED         _index.md  (sha256 24b02a283278)
  INCLUDED         Messaging_Brief_v1.md  (sha256 c1687d821833)
  INCLUDED         Messaging_Decisions_v4.md  (sha256 c6a0f75cba95)
  INCLUDED         Messaging_Design_v4.md  (sha256 48b767e284b0)
  INCLUDED         Messaging_Standard_v4.md  (sha256 39a0045e2403)
  INCLUDED         Messaging_Tool_v4.md  (sha256 c0a40ad3383d)

[Orchestration]
  INCLUDED         _index.md  (sha256 d4bf32394bbd)
  INCLUDED         AIDE_Orchestration_Decisions_v5.md  (sha256 98d336117a70)
  INCLUDED         AIDE_Orchestration_Design_v5.md  (sha256 5cb84235137a)
  INCLUDED         AIDE_Orchestration_UseCases_v2.md  (sha256 5d4ecab3a53d)

[Principles]
  INCLUDED         _index.md  (sha256 a2b316acd172)
  INCLUDED         Principles_Decisions_v5.md  (sha256 386c2fc6d73d)
  INCLUDED         Principles_Design_v5.md  (sha256 2fb814c2c175)
  INCLUDED         Principles_Standard_v2.md  (sha256 a2c5cf6f320d)

[Project Design]
  INCLUDED         _index.md  (sha256 7ba2f75cfec1)
  INCLUDED         ProjectDesign_Decisions_v3.md  (sha256 8e6fee73bdf9)
  INCLUDED         ProjectDesign_Design_v3.md  (sha256 2c4f60adb4f9)
  INCLUDED         ProjectDesign_Schema_Standard_v1.md  (sha256 23316ba5d013)
  INCLUDED         ProjectDesign_Standard_v5.md  (sha256 c035df4e8b17)

[Services]
  INCLUDED         _index.md  (sha256 2532e7cf22ae)
  INCLUDED         Services_Decisions_v1-draft1.md  (sha256 ce2d766b6d06)
  INCLUDED         Services_Design_v1-draft1.md  (sha256 0dbc6b21256a)

[Standards]
  INCLUDED         _index.md  (sha256 09379ef5eb4d)
  INCLUDED         Standards_Authoring_Standard_v8.md  (sha256 e52f99825c80)
  INCLUDED         Standards_Consumption_Standard_v3.md  (sha256 b801499930ac)
  INCLUDED         Standards_Decisions_v4.md  (sha256 38207b4e2082)
  INCLUDED         Standards_Design_v3.md  (sha256 07cbe0cd1fc0)
  INCLUDED         Standards_Working_v1.md  (sha256 ba94a61fa3ca)

[Tools]
  INCLUDED         _index.md  (sha256 90e0fa4aa6b7)
  INCLUDED         Tools_Authoring_Standard_v8.md  (sha256 d05452eddaa6)
  INCLUDED         Tools_Decisions_v7.md  (sha256 13ac6443f896)
  INCLUDED         Tools_Design_v6.md  (sha256 7554396473ca)

[Working Practices]
  INCLUDED         _index.md  (sha256 9f59ceebaaf4)
  INCLUDED         WorkingPractices_Standard_v2.md  (sha256 4819d41b184b)
  INCLUDED         WP_Brief_v2.md  (sha256 8033b884c2db)
  INCLUDED         WP_Capture_Working_v1.md  (sha256 c47c90767511)
  INCLUDED         WP_ContentDelivery_Working_v1.md  (sha256 388b8f4d4b72)
  INCLUDED         WP_Decisions_v4.md  (sha256 9957a8fb75f9)
  INCLUDED         WP_Design_v6.md  (sha256 da8923648608)
  INCLUDED         WP_WorkManagement_Working_v1.md  (sha256 122b3cd42cc8)

[Working Practices\Boards]
  INCLUDED         _index.md  (sha256 0ae0a05fb473)
  INCLUDED         WP_Boards_Decisions_v1.md  (sha256 33320d50ac48)
  INCLUDED         WP_Boards_Design_v1.md  (sha256 13384c9edecf)

[Working Practices\FileOps]
  INCLUDED         WP_FileOps_Working_v1.md  (sha256 6097d4250b37)

[_binder]
  DELETED          AIDE_Documentation_Binder_v124.md
  WRITTEN          AIDE_Documentation_Binder_v125.md  (111 files, 1196360 bytes)

[_rebuild]
  INCLUDED         AIDE_Component_PurposeLines_v2.md  (sha256 b1836489f28b)
  INCLUDED         AIDE_Rebuild_Guide_v1.md  (sha256 01ceb45e507b)
  INCLUDED         AIDE_Rebuild_Overview_v1.md  (sha256 5a65c44f5991)
  INCLUDED         AIDE_Rebuild_SettledDecisions_v1.md  (sha256 33593102e982)
  INCLUDED         Assurance_Brief_Sketch_v2.md  (sha256 1c61ea8c6846)
  INCLUDED         Build_Input_Working_v1.md  (sha256 1bb3513464e6)
  INCLUDED         deployment_plugin_working_v1.md  (sha256 87c99a1e5bf3)
  INCLUDED         ProjectDesign_Decisions_Pending_v1.md  (sha256 647aacf4c1ad)
  INCLUDED         ProjectDesign_Design_Pending_v1.md  (sha256 587bc4c6165f)
  INCLUDED         ProjectDesign_StandardInputs_Pending_v1.md  (sha256 710b74bb0958)
  INCLUDED         ProjectDesign_WorkRegister_Pending_v1.md  (sha256 638ebbfb6eef)
  INCLUDED         WP_Check1_Assessment_v1.md  (sha256 dba57b98ffda)
  INCLUDED         WP_CoreCarries_v2.md  (sha256 2f3ab75ce434)
  SKIPPED          AIDE_DesignApproach_WIP_v1.md: matches exclude_files pattern "*_WIP_*"
  SKIPPED          AIDE_Rebuild_WIP_v24.md: matches exclude_files pattern "*_WIP_*"

------------------------------------------------------------------------
Result: 111 included, 5 skipped, 1 written, 1 deleted
========================================================================

========================================================================
binder builder   2026-09-23 12:57:12   LIVE
binder:   AIDE_Documentation
root:     C:\Users\david\dev\repos\DigitalBusiness-AIDE\Documentation
settings: C:\Users\david\dev\repos\DigitalBusiness-AIDE\Documentation\_aide\utilities\binder-builder\binder_builder_AIDE_Documentation_settings.json
include:  ~/_rebuild
folders collected from: 22
change detection: AIDE_Documentation_Binder_v125.md: 2 changed (Core/Core_AIDEMap.md, Core/Core_Design_v6.md) - rebuilding
------------------------------------------------------------------------

[.]
  INCLUDED         _index.md  (sha256 173f40558b1b)
  INCLUDED         AIDE_Orchestration_Investigation_Findings.md  (sha256 33b558f610ab)
  INCLUDED         AIDE_Solution_Map.md  (sha256 f7260ab91b37)
  SKIPPED          AIDE_Board.html: matches exclude_files pattern "*_Board.html"
  SKIPPED          AIDE_Documentation_WIP_v27.md: matches exclude_files pattern "*_WIP_*"
  SKIPPED          AIDE_Orchestration_WIP_v1.md: matches exclude_files pattern "*_WIP_*"

[Assurance]
  INCLUDED         _index.md  (sha256 e931b42dcfcb)
  INCLUDED         AIDE_Assurance_Cases_Working_v1.md  (sha256 fa41200d451f)
  INCLUDED         Assurance_Decisions_v3.md  (sha256 da10aeeba9f4)
  INCLUDED         Assurance_Design_v3.md  (sha256 9590897a017b)
  INCLUDED         Assurance_Standard_v1.md  (sha256 16dcf04b00e1)

[Build]
  INCLUDED         _index.md  (sha256 9a75e5df84b4)
  INCLUDED         Build_Brief_v4.md  (sha256 d9717a0475c0)
  INCLUDED         Build_Decisions_v8.md  (sha256 f9a1ac65dfe3)
  INCLUDED         Build_Design_v8.md  (sha256 2987f32273f9)
  INCLUDED         Build_Overview_v6.md  (sha256 5fce6400bb23)

[Capabilities]
  INCLUDED         _index.md  (sha256 bd890d11e765)
  INCLUDED         Capabilities_Decisions_v1-draft1.md  (sha256 2091ff618cf1)
  INCLUDED         Capabilities_Design_v1-draft1.md  (sha256 5f1b9aaf5848)

[Core]
  INCLUDED         _index.md  (sha256 218f4527af49)
  INCLUDED         Core_AIDEMap.md  (sha256 d88d37be296a)
  INCLUDED         Core_AIDEPrinciples_Decisions_v1.md  (sha256 ca6507a444f0)
  INCLUDED         Core_AIDEPrinciples_Design_v1.md  (sha256 92c4e46ff807)
  INCLUDED         Core_Brief_v2.md  (sha256 23d1f1d1f622)
  INCLUDED         Core_Charter_v1.md  (sha256 394294a3a789)
  INCLUDED         Core_Decisions_v1.md  (sha256 2545fa050c39)
  INCLUDED         Core_Design_v6.md  (sha256 38a6c2ece528)
  INCLUDED         Core_Structure_Decisions_v2.md  (sha256 036083c7b766)
  INCLUDED         Core_Structure_Design_v2.md  (sha256 44b721ff071a)
  INCLUDED         Core_Structure_Standard_v1.md  (sha256 947cc4265841)
  INCLUDED         Core_Tags_Working_v1.md  (sha256 111c793579dd)

[Documentation Methodology]
  INCLUDED         _index.md  (sha256 65236d98d709)
  INCLUDED         DocMeth_Brief_v1.md  (sha256 60c5cf3f5d79)
  INCLUDED         DocMeth_Decisions_v7.md  (sha256 15daf15e27ef)
  INCLUDED         DocMeth_Design_v6.md  (sha256 8b5d6a24a5d7)
  INCLUDED         DocMeth_Working_v9.md  (sha256 952a2287d1d0)
  INCLUDED         DocumentationMethodology_SchemaAuthoring_Standard_v1.md  (sha256 37a837a65cb3)
  INCLUDED         DocumentationMethodology_SchemaDefinitions_Standard_v1.md  (sha256 8098d9714c57)
  INCLUDED         DocumentationMethodology_Standard_v1.md  (sha256 8301aa2a0395)

[Infrastructure]
  INCLUDED         _index.md  (sha256 7732b7fca4c2)
  INCLUDED         AIDE_Infrastructure_MCPDeliveryModel_v2.md  (sha256 709be4952c6b)
  INCLUDED         Infrastructure_CLI_Decisions_v1.md  (sha256 a9ceaa12461f)
  INCLUDED         Infrastructure_CLI_Design_v1.md  (sha256 acbe170e16bb)
  INCLUDED         Infrastructure_Working_v1.md  (sha256 80a5dc6e19e8)

[Infrastructure\binder-builder]
  INCLUDED         binder_builder_Documentation_settings.json  (sha256 b9b89306305b)
  INCLUDED         BinderBuilder_Design_v10.md  (sha256 518121d99d79)
  INCLUDED         README.md  (sha256 9c905047ab5a)

[Infrastructure\document-management]
  INCLUDED         _index.md  (sha256 e726f0298d82)
  INCLUDED         DocumentManagement_Brief_v3.md  (sha256 b83c1b37690f)
  INCLUDED         DocumentManagement_Decisions_v5.md  (sha256 295cba7a2055)
  INCLUDED         DocumentManagement_Design_v5.md  (sha256 a08d511b743f)

[Infrastructure\file-update-package]
  INCLUDED         file_update_package_settings.json  (sha256 15617061295c)
  INCLUDED         FileUpdatePackage_Design_v2.md  (sha256 76a4c37c468f)
  INCLUDED         README.md  (sha256 747bc371ff85)

[Infrastructure\version-cleanup]
  INCLUDED         README.md  (sha256 307a43363adb)
  INCLUDED         version_cleanup_settings.json  (sha256 c17e9142e485)
  INCLUDED         VersionCleanup_Design_v3.md  (sha256 c672be61d03a)

[Messaging]
  INCLUDED         _index.md  (sha256 24b02a283278)
  INCLUDED         Messaging_Brief_v1.md  (sha256 c1687d821833)
  INCLUDED         Messaging_Decisions_v4.md  (sha256 c6a0f75cba95)
  INCLUDED         Messaging_Design_v4.md  (sha256 48b767e284b0)
  INCLUDED         Messaging_Standard_v4.md  (sha256 39a0045e2403)
  INCLUDED         Messaging_Tool_v4.md  (sha256 c0a40ad3383d)

[Orchestration]
  INCLUDED         _index.md  (sha256 d4bf32394bbd)
  INCLUDED         AIDE_Orchestration_Decisions_v5.md  (sha256 98d336117a70)
  INCLUDED         AIDE_Orchestration_Design_v5.md  (sha256 5cb84235137a)
  INCLUDED         AIDE_Orchestration_UseCases_v2.md  (sha256 5d4ecab3a53d)

[Principles]
  INCLUDED         _index.md  (sha256 a2b316acd172)
  INCLUDED         Principles_Decisions_v5.md  (sha256 386c2fc6d73d)
  INCLUDED         Principles_Design_v5.md  (sha256 2fb814c2c175)
  INCLUDED         Principles_Standard_v2.md  (sha256 a2c5cf6f320d)

[Project Design]
  INCLUDED         _index.md  (sha256 7ba2f75cfec1)
  INCLUDED         ProjectDesign_Decisions_v3.md  (sha256 8e6fee73bdf9)
  INCLUDED         ProjectDesign_Design_v3.md  (sha256 2c4f60adb4f9)
  INCLUDED         ProjectDesign_Schema_Standard_v1.md  (sha256 23316ba5d013)
  INCLUDED         ProjectDesign_Standard_v5.md  (sha256 c035df4e8b17)

[Services]
  INCLUDED         _index.md  (sha256 2532e7cf22ae)
  INCLUDED         Services_Decisions_v1-draft1.md  (sha256 ce2d766b6d06)
  INCLUDED         Services_Design_v1-draft1.md  (sha256 0dbc6b21256a)

[Standards]
  INCLUDED         _index.md  (sha256 09379ef5eb4d)
  INCLUDED         Standards_Authoring_Standard_v8.md  (sha256 e52f99825c80)
  INCLUDED         Standards_Consumption_Standard_v3.md  (sha256 b801499930ac)
  INCLUDED         Standards_Decisions_v4.md  (sha256 38207b4e2082)
  INCLUDED         Standards_Design_v3.md  (sha256 07cbe0cd1fc0)
  INCLUDED         Standards_Working_v1.md  (sha256 ba94a61fa3ca)

[Tools]
  INCLUDED         _index.md  (sha256 90e0fa4aa6b7)
  INCLUDED         Tools_Authoring_Standard_v8.md  (sha256 d05452eddaa6)
  INCLUDED         Tools_Decisions_v7.md  (sha256 13ac6443f896)
  INCLUDED         Tools_Design_v6.md  (sha256 7554396473ca)

[Working Practices]
  INCLUDED         _index.md  (sha256 9f59ceebaaf4)
  INCLUDED         WorkingPractices_Standard_v2.md  (sha256 4819d41b184b)
  INCLUDED         WP_Brief_v2.md  (sha256 8033b884c2db)
  INCLUDED         WP_Capture_Working_v1.md  (sha256 c47c90767511)
  INCLUDED         WP_ContentDelivery_Working_v1.md  (sha256 388b8f4d4b72)
  INCLUDED         WP_Decisions_v4.md  (sha256 9957a8fb75f9)
  INCLUDED         WP_Design_v6.md  (sha256 da8923648608)
  INCLUDED         WP_WorkManagement_Working_v1.md  (sha256 122b3cd42cc8)

[Working Practices\Boards]
  INCLUDED         _index.md  (sha256 0ae0a05fb473)
  INCLUDED         WP_Boards_Decisions_v1.md  (sha256 33320d50ac48)
  INCLUDED         WP_Boards_Design_v1.md  (sha256 13384c9edecf)

[Working Practices\FileOps]
  INCLUDED         WP_FileOps_Working_v1.md  (sha256 6097d4250b37)

[_binder]
  DELETED          AIDE_Documentation_Binder_v125.md
  WRITTEN          AIDE_Documentation_Binder_v126.md  (111 files, 1197374 bytes)

[_rebuild]
  INCLUDED         AIDE_Component_PurposeLines_v2.md  (sha256 b1836489f28b)
  INCLUDED         AIDE_Rebuild_Guide_v1.md  (sha256 01ceb45e507b)
  INCLUDED         AIDE_Rebuild_Overview_v1.md  (sha256 5a65c44f5991)
  INCLUDED         AIDE_Rebuild_SettledDecisions_v1.md  (sha256 33593102e982)
  INCLUDED         Assurance_Brief_Sketch_v2.md  (sha256 1c61ea8c6846)
  INCLUDED         Build_Input_Working_v1.md  (sha256 1bb3513464e6)
  INCLUDED         deployment_plugin_working_v1.md  (sha256 87c99a1e5bf3)
  INCLUDED         ProjectDesign_Decisions_Pending_v1.md  (sha256 647aacf4c1ad)
  INCLUDED         ProjectDesign_Design_Pending_v1.md  (sha256 587bc4c6165f)
  INCLUDED         ProjectDesign_StandardInputs_Pending_v1.md  (sha256 710b74bb0958)
  INCLUDED         ProjectDesign_WorkRegister_Pending_v1.md  (sha256 638ebbfb6eef)
  INCLUDED         WP_Check1_Assessment_v1.md  (sha256 dba57b98ffda)
  INCLUDED         WP_CoreCarries_v2.md  (sha256 2f3ab75ce434)
  SKIPPED          AIDE_DesignApproach_WIP_v1.md: matches exclude_files pattern "*_WIP_*"
  SKIPPED          AIDE_Rebuild_WIP_v24.md: matches exclude_files pattern "*_WIP_*"

------------------------------------------------------------------------
Result: 111 included, 5 skipped, 1 written, 1 deleted
========================================================================

========================================================================
binder builder   2026-09-23 22:10:36   LIVE
binder:   AIDE_Documentation
root:     C:\Users\david\dev\repos\DigitalBusiness-AIDE\Documentation
settings: C:\Users\david\dev\repos\DigitalBusiness-AIDE\Documentation\_aide\utilities\binder-builder\binder_builder_AIDE_Documentation_settings.json
include:  ~/_rebuild
folders collected from: 22
change detection: AIDE_Documentation_Binder_v126.md: 4 added, 4 removed, 1 changed (Capabilities/Capabilities_Decisions_v1.md, Capabilities/Capabilities_Design_v1.md, Services/Services_Decisions_v1.md, and 6 more) - rebuilding
------------------------------------------------------------------------

[.]
  INCLUDED         _index.md  (sha256 173f40558b1b)
  INCLUDED         AIDE_Orchestration_Investigation_Findings.md  (sha256 33b558f610ab)
  INCLUDED         AIDE_Solution_Map.md  (sha256 f7260ab91b37)
  SKIPPED          AIDE_Board.html: matches exclude_files pattern "*_Board.html"
  SKIPPED          AIDE_Documentation_WIP_v29.md: matches exclude_files pattern "*_WIP_*"
  SKIPPED          AIDE_Orchestration_WIP_v1.md: matches exclude_files pattern "*_WIP_*"

[Assurance]
  INCLUDED         _index.md  (sha256 e931b42dcfcb)
  INCLUDED         AIDE_Assurance_Cases_Working_v1.md  (sha256 fa41200d451f)
  INCLUDED         Assurance_Decisions_v3.md  (sha256 da10aeeba9f4)
  INCLUDED         Assurance_Design_v3.md  (sha256 9590897a017b)
  INCLUDED         Assurance_Standard_v1.md  (sha256 16dcf04b00e1)

[Build]
  INCLUDED         _index.md  (sha256 9a75e5df84b4)
  INCLUDED         Build_Brief_v4.md  (sha256 d9717a0475c0)
  INCLUDED         Build_Decisions_v8.md  (sha256 f9a1ac65dfe3)
  INCLUDED         Build_Design_v8.md  (sha256 2987f32273f9)
  INCLUDED         Build_Overview_v6.md  (sha256 5fce6400bb23)

[Capabilities]
  INCLUDED         _index.md  (sha256 bd890d11e765)
  INCLUDED         Capabilities_Decisions_v1.md  (sha256 adc1abfe5e80)
  INCLUDED         Capabilities_Design_v1.md  (sha256 f193f9ea202d)

[Core]
  INCLUDED         _index.md  (sha256 218f4527af49)
  INCLUDED         Core_AIDEMap.md  (sha256 d88d37be296a)
  INCLUDED         Core_AIDEPrinciples_Decisions_v1.md  (sha256 ca6507a444f0)
  INCLUDED         Core_AIDEPrinciples_Design_v1.md  (sha256 92c4e46ff807)
  INCLUDED         Core_Brief_v2.md  (sha256 23d1f1d1f622)
  INCLUDED         Core_Charter_v1.md  (sha256 394294a3a789)
  INCLUDED         Core_Decisions_v1.md  (sha256 2545fa050c39)
  INCLUDED         Core_Design_v6.md  (sha256 38a6c2ece528)
  INCLUDED         Core_Structure_Decisions_v2.md  (sha256 036083c7b766)
  INCLUDED         Core_Structure_Design_v2.md  (sha256 44b721ff071a)
  INCLUDED         Core_Structure_Standard_v1.md  (sha256 947cc4265841)
  INCLUDED         Core_Tags_Working_v1.md  (sha256 111c793579dd)

[Documentation Methodology]
  INCLUDED         _index.md  (sha256 65236d98d709)
  INCLUDED         DocMeth_Brief_v1.md  (sha256 60c5cf3f5d79)
  INCLUDED         DocMeth_Decisions_v7.md  (sha256 15daf15e27ef)
  INCLUDED         DocMeth_Design_v6.md  (sha256 8b5d6a24a5d7)
  INCLUDED         DocMeth_Working_v9.md  (sha256 952a2287d1d0)
  INCLUDED         DocumentationMethodology_SchemaAuthoring_Standard_v1.md  (sha256 37a837a65cb3)
  INCLUDED         DocumentationMethodology_SchemaDefinitions_Standard_v1.md  (sha256 8098d9714c57)
  INCLUDED         DocumentationMethodology_Standard_v1.md  (sha256 8301aa2a0395)

[Infrastructure]
  INCLUDED         _index.md  (sha256 7732b7fca4c2)
  INCLUDED         AIDE_Infrastructure_MCPDeliveryModel_v2.md  (sha256 709be4952c6b)
  INCLUDED         Infrastructure_CLI_Decisions_v1.md  (sha256 a9ceaa12461f)
  INCLUDED         Infrastructure_CLI_Design_v1.md  (sha256 acbe170e16bb)
  INCLUDED         Infrastructure_Working_v1.md  (sha256 80a5dc6e19e8)

[Infrastructure\binder-builder]
  INCLUDED         binder_builder_Documentation_settings.json  (sha256 b9b89306305b)
  INCLUDED         BinderBuilder_Design_v10.md  (sha256 518121d99d79)
  INCLUDED         README.md  (sha256 9c905047ab5a)

[Infrastructure\document-management]
  INCLUDED         _index.md  (sha256 e726f0298d82)
  INCLUDED         DocumentManagement_Brief_v3.md  (sha256 b83c1b37690f)
  INCLUDED         DocumentManagement_Decisions_v5.md  (sha256 295cba7a2055)
  INCLUDED         DocumentManagement_Design_v5.md  (sha256 a08d511b743f)

[Infrastructure\file-update-package]
  INCLUDED         file_update_package_settings.json  (sha256 15617061295c)
  INCLUDED         FileUpdatePackage_Design_v2.md  (sha256 76a4c37c468f)
  INCLUDED         README.md  (sha256 747bc371ff85)

[Infrastructure\version-cleanup]
  INCLUDED         README.md  (sha256 307a43363adb)
  INCLUDED         version_cleanup_settings.json  (sha256 c17e9142e485)
  INCLUDED         VersionCleanup_Design_v3.md  (sha256 c672be61d03a)

[Messaging]
  INCLUDED         _index.md  (sha256 24b02a283278)
  INCLUDED         Messaging_Brief_v1.md  (sha256 c1687d821833)
  INCLUDED         Messaging_Decisions_v4.md  (sha256 c6a0f75cba95)
  INCLUDED         Messaging_Design_v4.md  (sha256 48b767e284b0)
  INCLUDED         Messaging_Standard_v4.md  (sha256 39a0045e2403)
  INCLUDED         Messaging_Tool_v4.md  (sha256 c0a40ad3383d)

[Orchestration]
  INCLUDED         _index.md  (sha256 d4bf32394bbd)
  INCLUDED         AIDE_Orchestration_Decisions_v5.md  (sha256 98d336117a70)
  INCLUDED         AIDE_Orchestration_Design_v5.md  (sha256 5cb84235137a)
  INCLUDED         AIDE_Orchestration_UseCases_v2.md  (sha256 5d4ecab3a53d)

[Principles]
  INCLUDED         _index.md  (sha256 a2b316acd172)
  INCLUDED         Principles_Decisions_v5.md  (sha256 386c2fc6d73d)
  INCLUDED         Principles_Design_v5.md  (sha256 2fb814c2c175)
  INCLUDED         Principles_Standard_v2.md  (sha256 a2c5cf6f320d)

[Project Design]
  INCLUDED         _index.md  (sha256 7ba2f75cfec1)
  INCLUDED         ProjectDesign_Decisions_v3.md  (sha256 8e6fee73bdf9)
  INCLUDED         ProjectDesign_Design_v3.md  (sha256 2c4f60adb4f9)
  INCLUDED         ProjectDesign_Schema_Standard_v1.md  (sha256 23316ba5d013)
  INCLUDED         ProjectDesign_Standard_v5.md  (sha256 c035df4e8b17)

[Services]
  INCLUDED         _index.md  (sha256 25403038fb3d)
  INCLUDED         Services_Decisions_v1.md  (sha256 4add787c397b)
  INCLUDED         Services_Design_v1.md  (sha256 62669864591e)

[Standards]
  INCLUDED         _index.md  (sha256 09379ef5eb4d)
  INCLUDED         Standards_Authoring_Standard_v8.md  (sha256 e52f99825c80)
  INCLUDED         Standards_Consumption_Standard_v3.md  (sha256 b801499930ac)
  INCLUDED         Standards_Decisions_v4.md  (sha256 38207b4e2082)
  INCLUDED         Standards_Design_v3.md  (sha256 07cbe0cd1fc0)
  INCLUDED         Standards_Working_v1.md  (sha256 ba94a61fa3ca)

[Tools]
  INCLUDED         _index.md  (sha256 90e0fa4aa6b7)
  INCLUDED         Tools_Authoring_Standard_v8.md  (sha256 d05452eddaa6)
  INCLUDED         Tools_Decisions_v7.md  (sha256 13ac6443f896)
  INCLUDED         Tools_Design_v6.md  (sha256 7554396473ca)

[Working Practices]
  INCLUDED         _index.md  (sha256 9f59ceebaaf4)
  INCLUDED         WorkingPractices_Standard_v2.md  (sha256 4819d41b184b)
  INCLUDED         WP_Brief_v2.md  (sha256 8033b884c2db)
  INCLUDED         WP_Capture_Working_v1.md  (sha256 c47c90767511)
  INCLUDED         WP_ContentDelivery_Working_v1.md  (sha256 388b8f4d4b72)
  INCLUDED         WP_Decisions_v4.md  (sha256 9957a8fb75f9)
  INCLUDED         WP_Design_v6.md  (sha256 da8923648608)
  INCLUDED         WP_WorkManagement_Working_v1.md  (sha256 122b3cd42cc8)

[Working Practices\Boards]
  INCLUDED         _index.md  (sha256 0ae0a05fb473)
  INCLUDED         WP_Boards_Decisions_v1.md  (sha256 33320d50ac48)
  INCLUDED         WP_Boards_Design_v1.md  (sha256 13384c9edecf)

[Working Practices\FileOps]
  INCLUDED         WP_FileOps_Working_v1.md  (sha256 6097d4250b37)

[_binder]
  DELETED          AIDE_Documentation_Binder_v126.md
  WRITTEN          AIDE_Documentation_Binder_v127.md  (111 files, 1200364 bytes)

[_rebuild]
  INCLUDED         AIDE_Component_PurposeLines_v2.md  (sha256 b1836489f28b)
  INCLUDED         AIDE_Rebuild_Guide_v1.md  (sha256 01ceb45e507b)
  INCLUDED         AIDE_Rebuild_Overview_v1.md  (sha256 5a65c44f5991)
  INCLUDED         AIDE_Rebuild_SettledDecisions_v1.md  (sha256 33593102e982)
  INCLUDED         Assurance_Brief_Sketch_v2.md  (sha256 1c61ea8c6846)
  INCLUDED         Build_Input_Working_v1.md  (sha256 1bb3513464e6)
  INCLUDED         deployment_plugin_working_v1.md  (sha256 87c99a1e5bf3)
  INCLUDED         ProjectDesign_Decisions_Pending_v1.md  (sha256 647aacf4c1ad)
  INCLUDED         ProjectDesign_Design_Pending_v1.md  (sha256 587bc4c6165f)
  INCLUDED         ProjectDesign_StandardInputs_Pending_v1.md  (sha256 710b74bb0958)
  INCLUDED         ProjectDesign_WorkRegister_Pending_v1.md  (sha256 638ebbfb6eef)
  INCLUDED         WP_Check1_Assessment_v1.md  (sha256 dba57b98ffda)
  INCLUDED         WP_CoreCarries_v2.md  (sha256 2f3ab75ce434)
  SKIPPED          AIDE_DesignApproach_WIP_v1.md: matches exclude_files pattern "*_WIP_*"
  SKIPPED          AIDE_Rebuild_WIP_v24.md: matches exclude_files pattern "*_WIP_*"

------------------------------------------------------------------------
Result: 111 included, 5 skipped, 1 written, 1 deleted
========================================================================

========================================================================
binder builder   2026-09-23 22:19:36   LIVE
binder:   AIDE_Documentation
root:     C:\Users\david\dev\repos\DigitalBusiness-AIDE\Documentation
settings: C:\Users\david\dev\repos\DigitalBusiness-AIDE\Documentation\_aide\utilities\binder-builder\binder_builder_AIDE_Documentation_settings.json
include:  ~/_rebuild
folders collected from: 22
change detection: AIDE_Documentation_Binder_v127.md: 1 added (Capabilities/Capabilities_Development_Standard_v1.md) - rebuilding
------------------------------------------------------------------------

[.]
  INCLUDED         _index.md  (sha256 173f40558b1b)
  INCLUDED         AIDE_Orchestration_Investigation_Findings.md  (sha256 33b558f610ab)
  INCLUDED         AIDE_Solution_Map.md  (sha256 f7260ab91b37)
  SKIPPED          AIDE_Board.html: matches exclude_files pattern "*_Board.html"
  SKIPPED          AIDE_Documentation_WIP_v29.md: matches exclude_files pattern "*_WIP_*"
  SKIPPED          AIDE_Orchestration_WIP_v1.md: matches exclude_files pattern "*_WIP_*"

[Assurance]
  INCLUDED         _index.md  (sha256 e931b42dcfcb)
  INCLUDED         AIDE_Assurance_Cases_Working_v1.md  (sha256 fa41200d451f)
  INCLUDED         Assurance_Decisions_v3.md  (sha256 da10aeeba9f4)
  INCLUDED         Assurance_Design_v3.md  (sha256 9590897a017b)
  INCLUDED         Assurance_Standard_v1.md  (sha256 16dcf04b00e1)

[Build]
  INCLUDED         _index.md  (sha256 9a75e5df84b4)
  INCLUDED         Build_Brief_v4.md  (sha256 d9717a0475c0)
  INCLUDED         Build_Decisions_v8.md  (sha256 f9a1ac65dfe3)
  INCLUDED         Build_Design_v8.md  (sha256 2987f32273f9)
  INCLUDED         Build_Overview_v6.md  (sha256 5fce6400bb23)

[Capabilities]
  INCLUDED         _index.md  (sha256 bd890d11e765)
  INCLUDED         Capabilities_Decisions_v1.md  (sha256 adc1abfe5e80)
  INCLUDED         Capabilities_Design_v1.md  (sha256 f193f9ea202d)
  INCLUDED         Capabilities_Development_Standard_v1.md  (sha256 06d2e93465de)

[Core]
  INCLUDED         _index.md  (sha256 218f4527af49)
  INCLUDED         Core_AIDEMap.md  (sha256 d88d37be296a)
  INCLUDED         Core_AIDEPrinciples_Decisions_v1.md  (sha256 ca6507a444f0)
  INCLUDED         Core_AIDEPrinciples_Design_v1.md  (sha256 92c4e46ff807)
  INCLUDED         Core_Brief_v2.md  (sha256 23d1f1d1f622)
  INCLUDED         Core_Charter_v1.md  (sha256 394294a3a789)
  INCLUDED         Core_Decisions_v1.md  (sha256 2545fa050c39)
  INCLUDED         Core_Design_v6.md  (sha256 38a6c2ece528)
  INCLUDED         Core_Structure_Decisions_v2.md  (sha256 036083c7b766)
  INCLUDED         Core_Structure_Design_v2.md  (sha256 44b721ff071a)
  INCLUDED         Core_Structure_Standard_v1.md  (sha256 947cc4265841)
  INCLUDED         Core_Tags_Working_v1.md  (sha256 111c793579dd)

[Documentation Methodology]
  INCLUDED         _index.md  (sha256 65236d98d709)
  INCLUDED         DocMeth_Brief_v1.md  (sha256 60c5cf3f5d79)
  INCLUDED         DocMeth_Decisions_v7.md  (sha256 15daf15e27ef)
  INCLUDED         DocMeth_Design_v6.md  (sha256 8b5d6a24a5d7)
  INCLUDED         DocMeth_Working_v9.md  (sha256 952a2287d1d0)
  INCLUDED         DocumentationMethodology_SchemaAuthoring_Standard_v1.md  (sha256 37a837a65cb3)
  INCLUDED         DocumentationMethodology_SchemaDefinitions_Standard_v1.md  (sha256 8098d9714c57)
  INCLUDED         DocumentationMethodology_Standard_v1.md  (sha256 8301aa2a0395)

[Infrastructure]
  INCLUDED         _index.md  (sha256 7732b7fca4c2)
  INCLUDED         AIDE_Infrastructure_MCPDeliveryModel_v2.md  (sha256 709be4952c6b)
  INCLUDED         Infrastructure_CLI_Decisions_v1.md  (sha256 a9ceaa12461f)
  INCLUDED         Infrastructure_CLI_Design_v1.md  (sha256 acbe170e16bb)
  INCLUDED         Infrastructure_Working_v1.md  (sha256 80a5dc6e19e8)

[Infrastructure\binder-builder]
  INCLUDED         binder_builder_Documentation_settings.json  (sha256 b9b89306305b)
  INCLUDED         BinderBuilder_Design_v10.md  (sha256 518121d99d79)
  INCLUDED         README.md  (sha256 9c905047ab5a)

[Infrastructure\document-management]
  INCLUDED         _index.md  (sha256 e726f0298d82)
  INCLUDED         DocumentManagement_Brief_v3.md  (sha256 b83c1b37690f)
  INCLUDED         DocumentManagement_Decisions_v5.md  (sha256 295cba7a2055)
  INCLUDED         DocumentManagement_Design_v5.md  (sha256 a08d511b743f)

[Infrastructure\file-update-package]
  INCLUDED         file_update_package_settings.json  (sha256 15617061295c)
  INCLUDED         FileUpdatePackage_Design_v2.md  (sha256 76a4c37c468f)
  INCLUDED         README.md  (sha256 747bc371ff85)

[Infrastructure\version-cleanup]
  INCLUDED         README.md  (sha256 307a43363adb)
  INCLUDED         version_cleanup_settings.json  (sha256 c17e9142e485)
  INCLUDED         VersionCleanup_Design_v3.md  (sha256 c672be61d03a)

[Messaging]
  INCLUDED         _index.md  (sha256 24b02a283278)
  INCLUDED         Messaging_Brief_v1.md  (sha256 c1687d821833)
  INCLUDED         Messaging_Decisions_v4.md  (sha256 c6a0f75cba95)
  INCLUDED         Messaging_Design_v4.md  (sha256 48b767e284b0)
  INCLUDED         Messaging_Standard_v4.md  (sha256 39a0045e2403)
  INCLUDED         Messaging_Tool_v4.md  (sha256 c0a40ad3383d)

[Orchestration]
  INCLUDED         _index.md  (sha256 d4bf32394bbd)
  INCLUDED         AIDE_Orchestration_Decisions_v5.md  (sha256 98d336117a70)
  INCLUDED         AIDE_Orchestration_Design_v5.md  (sha256 5cb84235137a)
  INCLUDED         AIDE_Orchestration_UseCases_v2.md  (sha256 5d4ecab3a53d)

[Principles]
  INCLUDED         _index.md  (sha256 a2b316acd172)
  INCLUDED         Principles_Decisions_v5.md  (sha256 386c2fc6d73d)
  INCLUDED         Principles_Design_v5.md  (sha256 2fb814c2c175)
  INCLUDED         Principles_Standard_v2.md  (sha256 a2c5cf6f320d)

[Project Design]
  INCLUDED         _index.md  (sha256 7ba2f75cfec1)
  INCLUDED         ProjectDesign_Decisions_v3.md  (sha256 8e6fee73bdf9)
  INCLUDED         ProjectDesign_Design_v3.md  (sha256 2c4f60adb4f9)
  INCLUDED         ProjectDesign_Schema_Standard_v1.md  (sha256 23316ba5d013)
  INCLUDED         ProjectDesign_Standard_v5.md  (sha256 c035df4e8b17)

[Services]
  INCLUDED         _index.md  (sha256 25403038fb3d)
  INCLUDED         Services_Decisions_v1.md  (sha256 4add787c397b)
  INCLUDED         Services_Design_v1.md  (sha256 62669864591e)

[Standards]
  INCLUDED         _index.md  (sha256 09379ef5eb4d)
  INCLUDED         Standards_Authoring_Standard_v8.md  (sha256 e52f99825c80)
  INCLUDED         Standards_Consumption_Standard_v3.md  (sha256 b801499930ac)
  INCLUDED         Standards_Decisions_v4.md  (sha256 38207b4e2082)
  INCLUDED         Standards_Design_v3.md  (sha256 07cbe0cd1fc0)
  INCLUDED         Standards_Working_v1.md  (sha256 ba94a61fa3ca)

[Tools]
  INCLUDED         _index.md  (sha256 90e0fa4aa6b7)
  INCLUDED         Tools_Authoring_Standard_v8.md  (sha256 d05452eddaa6)
  INCLUDED         Tools_Decisions_v7.md  (sha256 13ac6443f896)
  INCLUDED         Tools_Design_v6.md  (sha256 7554396473ca)

[Working Practices]
  INCLUDED         _index.md  (sha256 9f59ceebaaf4)
  INCLUDED         WorkingPractices_Standard_v2.md  (sha256 4819d41b184b)
  INCLUDED         WP_Brief_v2.md  (sha256 8033b884c2db)
  INCLUDED         WP_Capture_Working_v1.md  (sha256 c47c90767511)
  INCLUDED         WP_ContentDelivery_Working_v1.md  (sha256 388b8f4d4b72)
  INCLUDED         WP_Decisions_v4.md  (sha256 9957a8fb75f9)
  INCLUDED         WP_Design_v6.md  (sha256 da8923648608)
  INCLUDED         WP_WorkManagement_Working_v1.md  (sha256 122b3cd42cc8)

[Working Practices\Boards]
  INCLUDED         _index.md  (sha256 0ae0a05fb473)
  INCLUDED         WP_Boards_Decisions_v1.md  (sha256 33320d50ac48)
  INCLUDED         WP_Boards_Design_v1.md  (sha256 13384c9edecf)

[Working Practices\FileOps]
  INCLUDED         WP_FileOps_Working_v1.md  (sha256 6097d4250b37)

[_binder]
  DELETED          AIDE_Documentation_Binder_v127.md
  WRITTEN          AIDE_Documentation_Binder_v128.md  (112 files, 1207108 bytes)

[_rebuild]
  INCLUDED         AIDE_Component_PurposeLines_v2.md  (sha256 b1836489f28b)
  INCLUDED         AIDE_Rebuild_Guide_v1.md  (sha256 01ceb45e507b)
  INCLUDED         AIDE_Rebuild_Overview_v1.md  (sha256 5a65c44f5991)
  INCLUDED         AIDE_Rebuild_SettledDecisions_v1.md  (sha256 33593102e982)
  INCLUDED         Assurance_Brief_Sketch_v2.md  (sha256 1c61ea8c6846)
  INCLUDED         Build_Input_Working_v1.md  (sha256 1bb3513464e6)
  INCLUDED         deployment_plugin_working_v1.md  (sha256 87c99a1e5bf3)
  INCLUDED         ProjectDesign_Decisions_Pending_v1.md  (sha256 647aacf4c1ad)
  INCLUDED         ProjectDesign_Design_Pending_v1.md  (sha256 587bc4c6165f)
  INCLUDED         ProjectDesign_StandardInputs_Pending_v1.md  (sha256 710b74bb0958)
  INCLUDED         ProjectDesign_WorkRegister_Pending_v1.md  (sha256 638ebbfb6eef)
  INCLUDED         WP_Check1_Assessment_v1.md  (sha256 dba57b98ffda)
  INCLUDED         WP_CoreCarries_v2.md  (sha256 2f3ab75ce434)
  SKIPPED          AIDE_DesignApproach_WIP_v1.md: matches exclude_files pattern "*_WIP_*"
  SKIPPED          AIDE_Rebuild_WIP_v24.md: matches exclude_files pattern "*_WIP_*"

------------------------------------------------------------------------
Result: 112 included, 5 skipped, 1 written, 1 deleted
========================================================================

========================================================================
binder builder   2026-09-23 22:27:41   LIVE
binder:   AIDE_Documentation
root:     C:\Users\david\dev\repos\DigitalBusiness-AIDE\Documentation
settings: C:\Users\david\dev\repos\DigitalBusiness-AIDE\Documentation\_aide\utilities\binder-builder\binder_builder_AIDE_Documentation_settings.json
include:  ~/_rebuild
folders collected from: 22
change detection: AIDE_Documentation_Binder_v128.md: 2 added (Standards/Standards_Development_Standard_v1.md, Tools/Tools_Development_Standard_v1.md) - rebuilding
------------------------------------------------------------------------

[.]
  INCLUDED         _index.md  (sha256 173f40558b1b)
  INCLUDED         AIDE_Orchestration_Investigation_Findings.md  (sha256 33b558f610ab)
  INCLUDED         AIDE_Solution_Map.md  (sha256 f7260ab91b37)
  SKIPPED          AIDE_Board.html: matches exclude_files pattern "*_Board.html"
  SKIPPED          AIDE_Documentation_WIP_v29.md: matches exclude_files pattern "*_WIP_*"
  SKIPPED          AIDE_Orchestration_WIP_v1.md: matches exclude_files pattern "*_WIP_*"

[Assurance]
  INCLUDED         _index.md  (sha256 e931b42dcfcb)
  INCLUDED         AIDE_Assurance_Cases_Working_v1.md  (sha256 fa41200d451f)
  INCLUDED         Assurance_Decisions_v3.md  (sha256 da10aeeba9f4)
  INCLUDED         Assurance_Design_v3.md  (sha256 9590897a017b)
  INCLUDED         Assurance_Standard_v1.md  (sha256 16dcf04b00e1)

[Build]
  INCLUDED         _index.md  (sha256 9a75e5df84b4)
  INCLUDED         Build_Brief_v4.md  (sha256 d9717a0475c0)
  INCLUDED         Build_Decisions_v8.md  (sha256 f9a1ac65dfe3)
  INCLUDED         Build_Design_v8.md  (sha256 2987f32273f9)
  INCLUDED         Build_Overview_v6.md  (sha256 5fce6400bb23)

[Capabilities]
  INCLUDED         _index.md  (sha256 bd890d11e765)
  INCLUDED         Capabilities_Decisions_v1.md  (sha256 adc1abfe5e80)
  INCLUDED         Capabilities_Design_v1.md  (sha256 f193f9ea202d)
  INCLUDED         Capabilities_Development_Standard_v1.md  (sha256 06d2e93465de)

[Core]
  INCLUDED         _index.md  (sha256 218f4527af49)
  INCLUDED         Core_AIDEMap.md  (sha256 d88d37be296a)
  INCLUDED         Core_AIDEPrinciples_Decisions_v1.md  (sha256 ca6507a444f0)
  INCLUDED         Core_AIDEPrinciples_Design_v1.md  (sha256 92c4e46ff807)
  INCLUDED         Core_Brief_v2.md  (sha256 23d1f1d1f622)
  INCLUDED         Core_Charter_v1.md  (sha256 394294a3a789)
  INCLUDED         Core_Decisions_v1.md  (sha256 2545fa050c39)
  INCLUDED         Core_Design_v6.md  (sha256 38a6c2ece528)
  INCLUDED         Core_Structure_Decisions_v2.md  (sha256 036083c7b766)
  INCLUDED         Core_Structure_Design_v2.md  (sha256 44b721ff071a)
  INCLUDED         Core_Structure_Standard_v1.md  (sha256 947cc4265841)
  INCLUDED         Core_Tags_Working_v1.md  (sha256 111c793579dd)

[Documentation Methodology]
  INCLUDED         _index.md  (sha256 65236d98d709)
  INCLUDED         DocMeth_Brief_v1.md  (sha256 60c5cf3f5d79)
  INCLUDED         DocMeth_Decisions_v7.md  (sha256 15daf15e27ef)
  INCLUDED         DocMeth_Design_v6.md  (sha256 8b5d6a24a5d7)
  INCLUDED         DocMeth_Working_v9.md  (sha256 952a2287d1d0)
  INCLUDED         DocumentationMethodology_SchemaAuthoring_Standard_v1.md  (sha256 37a837a65cb3)
  INCLUDED         DocumentationMethodology_SchemaDefinitions_Standard_v1.md  (sha256 8098d9714c57)
  INCLUDED         DocumentationMethodology_Standard_v1.md  (sha256 8301aa2a0395)

[Infrastructure]
  INCLUDED         _index.md  (sha256 7732b7fca4c2)
  INCLUDED         AIDE_Infrastructure_MCPDeliveryModel_v2.md  (sha256 709be4952c6b)
  INCLUDED         Infrastructure_CLI_Decisions_v1.md  (sha256 a9ceaa12461f)
  INCLUDED         Infrastructure_CLI_Design_v1.md  (sha256 acbe170e16bb)
  INCLUDED         Infrastructure_Working_v1.md  (sha256 80a5dc6e19e8)

[Infrastructure\binder-builder]
  INCLUDED         binder_builder_Documentation_settings.json  (sha256 b9b89306305b)
  INCLUDED         BinderBuilder_Design_v10.md  (sha256 518121d99d79)
  INCLUDED         README.md  (sha256 9c905047ab5a)

[Infrastructure\document-management]
  INCLUDED         _index.md  (sha256 e726f0298d82)
  INCLUDED         DocumentManagement_Brief_v3.md  (sha256 b83c1b37690f)
  INCLUDED         DocumentManagement_Decisions_v5.md  (sha256 295cba7a2055)
  INCLUDED         DocumentManagement_Design_v5.md  (sha256 a08d511b743f)

[Infrastructure\file-update-package]
  INCLUDED         file_update_package_settings.json  (sha256 15617061295c)
  INCLUDED         FileUpdatePackage_Design_v2.md  (sha256 76a4c37c468f)
  INCLUDED         README.md  (sha256 747bc371ff85)

[Infrastructure\version-cleanup]
  INCLUDED         README.md  (sha256 307a43363adb)
  INCLUDED         version_cleanup_settings.json  (sha256 c17e9142e485)
  INCLUDED         VersionCleanup_Design_v3.md  (sha256 c672be61d03a)

[Messaging]
  INCLUDED         _index.md  (sha256 24b02a283278)
  INCLUDED         Messaging_Brief_v1.md  (sha256 c1687d821833)
  INCLUDED         Messaging_Decisions_v4.md  (sha256 c6a0f75cba95)
  INCLUDED         Messaging_Design_v4.md  (sha256 48b767e284b0)
  INCLUDED         Messaging_Standard_v4.md  (sha256 39a0045e2403)
  INCLUDED         Messaging_Tool_v4.md  (sha256 c0a40ad3383d)

[Orchestration]
  INCLUDED         _index.md  (sha256 d4bf32394bbd)
  INCLUDED         AIDE_Orchestration_Decisions_v5.md  (sha256 98d336117a70)
  INCLUDED         AIDE_Orchestration_Design_v5.md  (sha256 5cb84235137a)
  INCLUDED         AIDE_Orchestration_UseCases_v2.md  (sha256 5d4ecab3a53d)

[Principles]
  INCLUDED         _index.md  (sha256 a2b316acd172)
  INCLUDED         Principles_Decisions_v5.md  (sha256 386c2fc6d73d)
  INCLUDED         Principles_Design_v5.md  (sha256 2fb814c2c175)
  INCLUDED         Principles_Standard_v2.md  (sha256 a2c5cf6f320d)

[Project Design]
  INCLUDED         _index.md  (sha256 7ba2f75cfec1)
  INCLUDED         ProjectDesign_Decisions_v3.md  (sha256 8e6fee73bdf9)
  INCLUDED         ProjectDesign_Design_v3.md  (sha256 2c4f60adb4f9)
  INCLUDED         ProjectDesign_Schema_Standard_v1.md  (sha256 23316ba5d013)
  INCLUDED         ProjectDesign_Standard_v5.md  (sha256 c035df4e8b17)

[Services]
  INCLUDED         _index.md  (sha256 25403038fb3d)
  INCLUDED         Services_Decisions_v1.md  (sha256 4add787c397b)
  INCLUDED         Services_Design_v1.md  (sha256 62669864591e)

[Standards]
  INCLUDED         _index.md  (sha256 09379ef5eb4d)
  INCLUDED         Standards_Authoring_Standard_v8.md  (sha256 e52f99825c80)
  INCLUDED         Standards_Consumption_Standard_v3.md  (sha256 b801499930ac)
  INCLUDED         Standards_Decisions_v4.md  (sha256 38207b4e2082)
  INCLUDED         Standards_Design_v3.md  (sha256 07cbe0cd1fc0)
  INCLUDED         Standards_Development_Standard_v1.md  (sha256 8495394828f1)
  INCLUDED         Standards_Working_v1.md  (sha256 ba94a61fa3ca)

[Tools]
  INCLUDED         _index.md  (sha256 90e0fa4aa6b7)
  INCLUDED         Tools_Authoring_Standard_v8.md  (sha256 d05452eddaa6)
  INCLUDED         Tools_Decisions_v7.md  (sha256 13ac6443f896)
  INCLUDED         Tools_Design_v6.md  (sha256 7554396473ca)
  INCLUDED         Tools_Development_Standard_v1.md  (sha256 f3953a406150)

[Working Practices]
  INCLUDED         _index.md  (sha256 9f59ceebaaf4)
  INCLUDED         WorkingPractices_Standard_v2.md  (sha256 4819d41b184b)
  INCLUDED         WP_Brief_v2.md  (sha256 8033b884c2db)
  INCLUDED         WP_Capture_Working_v1.md  (sha256 c47c90767511)
  INCLUDED         WP_ContentDelivery_Working_v1.md  (sha256 388b8f4d4b72)
  INCLUDED         WP_Decisions_v4.md  (sha256 9957a8fb75f9)
  INCLUDED         WP_Design_v6.md  (sha256 da8923648608)
  INCLUDED         WP_WorkManagement_Working_v1.md  (sha256 122b3cd42cc8)

[Working Practices\Boards]
  INCLUDED         _index.md  (sha256 0ae0a05fb473)
  INCLUDED         WP_Boards_Decisions_v1.md  (sha256 33320d50ac48)
  INCLUDED         WP_Boards_Design_v1.md  (sha256 13384c9edecf)

[Working Practices\FileOps]
  INCLUDED         WP_FileOps_Working_v1.md  (sha256 6097d4250b37)

[_binder]
  DELETED          AIDE_Documentation_Binder_v128.md
  WRITTEN          AIDE_Documentation_Binder_v129.md  (114 files, 1230504 bytes)

[_rebuild]
  INCLUDED         AIDE_Component_PurposeLines_v2.md  (sha256 b1836489f28b)
  INCLUDED         AIDE_Rebuild_Guide_v1.md  (sha256 01ceb45e507b)
  INCLUDED         AIDE_Rebuild_Overview_v1.md  (sha256 5a65c44f5991)
  INCLUDED         AIDE_Rebuild_SettledDecisions_v1.md  (sha256 33593102e982)
  INCLUDED         Assurance_Brief_Sketch_v2.md  (sha256 1c61ea8c6846)
  INCLUDED         Build_Input_Working_v1.md  (sha256 1bb3513464e6)
  INCLUDED         deployment_plugin_working_v1.md  (sha256 87c99a1e5bf3)
  INCLUDED         ProjectDesign_Decisions_Pending_v1.md  (sha256 647aacf4c1ad)
  INCLUDED         ProjectDesign_Design_Pending_v1.md  (sha256 587bc4c6165f)
  INCLUDED         ProjectDesign_StandardInputs_Pending_v1.md  (sha256 710b74bb0958)
  INCLUDED         ProjectDesign_WorkRegister_Pending_v1.md  (sha256 638ebbfb6eef)
  INCLUDED         WP_Check1_Assessment_v1.md  (sha256 dba57b98ffda)
  INCLUDED         WP_CoreCarries_v2.md  (sha256 2f3ab75ce434)
  SKIPPED          AIDE_DesignApproach_WIP_v1.md: matches exclude_files pattern "*_WIP_*"
  SKIPPED          AIDE_Rebuild_WIP_v24.md: matches exclude_files pattern "*_WIP_*"

------------------------------------------------------------------------
Result: 114 included, 5 skipped, 1 written, 1 deleted
========================================================================

========================================================================
binder builder   2026-09-23 22:32:48   LIVE
binder:   AIDE_Documentation
root:     C:\Users\david\dev\repos\DigitalBusiness-AIDE\Documentation
settings: C:\Users\david\dev\repos\DigitalBusiness-AIDE\Documentation\_aide\utilities\binder-builder\binder_builder_AIDE_Documentation_settings.json
include:  ~/_rebuild
folders collected from: 22
change detection: AIDE_Documentation_Binder_v129.md: 1 added, 3 removed (Standards/Standards_Consumption_Standard_v4.md, Standards/Standards_Authoring_Standard_v8.md, Standards/Standards_Consumption_Standard_v3.md, and 1 more) - rebuilding
------------------------------------------------------------------------

[.]
  INCLUDED         _index.md  (sha256 173f40558b1b)
  INCLUDED         AIDE_Orchestration_Investigation_Findings.md  (sha256 33b558f610ab)
  INCLUDED         AIDE_Solution_Map.md  (sha256 f7260ab91b37)
  SKIPPED          AIDE_Board.html: matches exclude_files pattern "*_Board.html"
  SKIPPED          AIDE_Documentation_WIP_v29.md: matches exclude_files pattern "*_WIP_*"
  SKIPPED          AIDE_Orchestration_WIP_v1.md: matches exclude_files pattern "*_WIP_*"

[Assurance]
  INCLUDED         _index.md  (sha256 e931b42dcfcb)
  INCLUDED         AIDE_Assurance_Cases_Working_v1.md  (sha256 fa41200d451f)
  INCLUDED         Assurance_Decisions_v3.md  (sha256 da10aeeba9f4)
  INCLUDED         Assurance_Design_v3.md  (sha256 9590897a017b)
  INCLUDED         Assurance_Standard_v1.md  (sha256 16dcf04b00e1)

[Build]
  INCLUDED         _index.md  (sha256 9a75e5df84b4)
  INCLUDED         Build_Brief_v4.md  (sha256 d9717a0475c0)
  INCLUDED         Build_Decisions_v8.md  (sha256 f9a1ac65dfe3)
  INCLUDED         Build_Design_v8.md  (sha256 2987f32273f9)
  INCLUDED         Build_Overview_v6.md  (sha256 5fce6400bb23)

[Capabilities]
  INCLUDED         _index.md  (sha256 bd890d11e765)
  INCLUDED         Capabilities_Decisions_v1.md  (sha256 adc1abfe5e80)
  INCLUDED         Capabilities_Design_v1.md  (sha256 f193f9ea202d)
  INCLUDED         Capabilities_Development_Standard_v1.md  (sha256 06d2e93465de)

[Core]
  INCLUDED         _index.md  (sha256 218f4527af49)
  INCLUDED         Core_AIDEMap.md  (sha256 d88d37be296a)
  INCLUDED         Core_AIDEPrinciples_Decisions_v1.md  (sha256 ca6507a444f0)
  INCLUDED         Core_AIDEPrinciples_Design_v1.md  (sha256 92c4e46ff807)
  INCLUDED         Core_Brief_v2.md  (sha256 23d1f1d1f622)
  INCLUDED         Core_Charter_v1.md  (sha256 394294a3a789)
  INCLUDED         Core_Decisions_v1.md  (sha256 2545fa050c39)
  INCLUDED         Core_Design_v6.md  (sha256 38a6c2ece528)
  INCLUDED         Core_Structure_Decisions_v2.md  (sha256 036083c7b766)
  INCLUDED         Core_Structure_Design_v2.md  (sha256 44b721ff071a)
  INCLUDED         Core_Structure_Standard_v1.md  (sha256 947cc4265841)
  INCLUDED         Core_Tags_Working_v1.md  (sha256 111c793579dd)

[Documentation Methodology]
  INCLUDED         _index.md  (sha256 65236d98d709)
  INCLUDED         DocMeth_Brief_v1.md  (sha256 60c5cf3f5d79)
  INCLUDED         DocMeth_Decisions_v7.md  (sha256 15daf15e27ef)
  INCLUDED         DocMeth_Design_v6.md  (sha256 8b5d6a24a5d7)
  INCLUDED         DocMeth_Working_v9.md  (sha256 952a2287d1d0)
  INCLUDED         DocumentationMethodology_SchemaAuthoring_Standard_v1.md  (sha256 37a837a65cb3)
  INCLUDED         DocumentationMethodology_SchemaDefinitions_Standard_v1.md  (sha256 8098d9714c57)
  INCLUDED         DocumentationMethodology_Standard_v1.md  (sha256 8301aa2a0395)

[Infrastructure]
  INCLUDED         _index.md  (sha256 7732b7fca4c2)
  INCLUDED         AIDE_Infrastructure_MCPDeliveryModel_v2.md  (sha256 709be4952c6b)
  INCLUDED         Infrastructure_CLI_Decisions_v1.md  (sha256 a9ceaa12461f)
  INCLUDED         Infrastructure_CLI_Design_v1.md  (sha256 acbe170e16bb)
  INCLUDED         Infrastructure_Working_v1.md  (sha256 80a5dc6e19e8)

[Infrastructure\binder-builder]
  INCLUDED         binder_builder_Documentation_settings.json  (sha256 b9b89306305b)
  INCLUDED         BinderBuilder_Design_v10.md  (sha256 518121d99d79)
  INCLUDED         README.md  (sha256 9c905047ab5a)

[Infrastructure\document-management]
  INCLUDED         _index.md  (sha256 e726f0298d82)
  INCLUDED         DocumentManagement_Brief_v3.md  (sha256 b83c1b37690f)
  INCLUDED         DocumentManagement_Decisions_v5.md  (sha256 295cba7a2055)
  INCLUDED         DocumentManagement_Design_v5.md  (sha256 a08d511b743f)

[Infrastructure\file-update-package]
  INCLUDED         file_update_package_settings.json  (sha256 15617061295c)
  INCLUDED         FileUpdatePackage_Design_v2.md  (sha256 76a4c37c468f)
  INCLUDED         README.md  (sha256 747bc371ff85)

[Infrastructure\version-cleanup]
  INCLUDED         README.md  (sha256 307a43363adb)
  INCLUDED         version_cleanup_settings.json  (sha256 c17e9142e485)
  INCLUDED         VersionCleanup_Design_v3.md  (sha256 c672be61d03a)

[Messaging]
  INCLUDED         _index.md  (sha256 24b02a283278)
  INCLUDED         Messaging_Brief_v1.md  (sha256 c1687d821833)
  INCLUDED         Messaging_Decisions_v4.md  (sha256 c6a0f75cba95)
  INCLUDED         Messaging_Design_v4.md  (sha256 48b767e284b0)
  INCLUDED         Messaging_Standard_v4.md  (sha256 39a0045e2403)
  INCLUDED         Messaging_Tool_v4.md  (sha256 c0a40ad3383d)

[Orchestration]
  INCLUDED         _index.md  (sha256 d4bf32394bbd)
  INCLUDED         AIDE_Orchestration_Decisions_v5.md  (sha256 98d336117a70)
  INCLUDED         AIDE_Orchestration_Design_v5.md  (sha256 5cb84235137a)
  INCLUDED         AIDE_Orchestration_UseCases_v2.md  (sha256 5d4ecab3a53d)

[Principles]
  INCLUDED         _index.md  (sha256 a2b316acd172)
  INCLUDED         Principles_Decisions_v5.md  (sha256 386c2fc6d73d)
  INCLUDED         Principles_Design_v5.md  (sha256 2fb814c2c175)
  INCLUDED         Principles_Standard_v2.md  (sha256 a2c5cf6f320d)

[Project Design]
  INCLUDED         _index.md  (sha256 7ba2f75cfec1)
  INCLUDED         ProjectDesign_Decisions_v3.md  (sha256 8e6fee73bdf9)
  INCLUDED         ProjectDesign_Design_v3.md  (sha256 2c4f60adb4f9)
  INCLUDED         ProjectDesign_Schema_Standard_v1.md  (sha256 23316ba5d013)
  INCLUDED         ProjectDesign_Standard_v5.md  (sha256 c035df4e8b17)

[Services]
  INCLUDED         _index.md  (sha256 25403038fb3d)
  INCLUDED         Services_Decisions_v1.md  (sha256 4add787c397b)
  INCLUDED         Services_Design_v1.md  (sha256 62669864591e)

[Standards]
  INCLUDED         _index.md  (sha256 09379ef5eb4d)
  INCLUDED         Standards_Consumption_Standard_v4.md  (sha256 ca90869a700a)
  INCLUDED         Standards_Decisions_v4.md  (sha256 38207b4e2082)
  INCLUDED         Standards_Design_v3.md  (sha256 07cbe0cd1fc0)
  INCLUDED         Standards_Development_Standard_v1.md  (sha256 8495394828f1)
  INCLUDED         Standards_Working_v1.md  (sha256 ba94a61fa3ca)

[Tools]
  INCLUDED         _index.md  (sha256 90e0fa4aa6b7)
  INCLUDED         Tools_Decisions_v7.md  (sha256 13ac6443f896)
  INCLUDED         Tools_Design_v6.md  (sha256 7554396473ca)
  INCLUDED         Tools_Development_Standard_v1.md  (sha256 f3953a406150)

[Working Practices]
  INCLUDED         _index.md  (sha256 9f59ceebaaf4)
  INCLUDED         WorkingPractices_Standard_v2.md  (sha256 4819d41b184b)
  INCLUDED         WP_Brief_v2.md  (sha256 8033b884c2db)
  INCLUDED         WP_Capture_Working_v1.md  (sha256 c47c90767511)
  INCLUDED         WP_ContentDelivery_Working_v1.md  (sha256 388b8f4d4b72)
  INCLUDED         WP_Decisions_v4.md  (sha256 9957a8fb75f9)
  INCLUDED         WP_Design_v6.md  (sha256 da8923648608)
  INCLUDED         WP_WorkManagement_Working_v1.md  (sha256 122b3cd42cc8)

[Working Practices\Boards]
  INCLUDED         _index.md  (sha256 0ae0a05fb473)
  INCLUDED         WP_Boards_Decisions_v1.md  (sha256 33320d50ac48)
  INCLUDED         WP_Boards_Design_v1.md  (sha256 13384c9edecf)

[Working Practices\FileOps]
  INCLUDED         WP_FileOps_Working_v1.md  (sha256 6097d4250b37)

[_binder]
  DELETED          AIDE_Documentation_Binder_v129.md
  WRITTEN          AIDE_Documentation_Binder_v130.md  (112 files, 1208997 bytes)

[_rebuild]
  INCLUDED         AIDE_Component_PurposeLines_v2.md  (sha256 b1836489f28b)
  INCLUDED         AIDE_Rebuild_Guide_v1.md  (sha256 01ceb45e507b)
  INCLUDED         AIDE_Rebuild_Overview_v1.md  (sha256 5a65c44f5991)
  INCLUDED         AIDE_Rebuild_SettledDecisions_v1.md  (sha256 33593102e982)
  INCLUDED         Assurance_Brief_Sketch_v2.md  (sha256 1c61ea8c6846)
  INCLUDED         Build_Input_Working_v1.md  (sha256 1bb3513464e6)
  INCLUDED         deployment_plugin_working_v1.md  (sha256 87c99a1e5bf3)
  INCLUDED         ProjectDesign_Decisions_Pending_v1.md  (sha256 647aacf4c1ad)
  INCLUDED         ProjectDesign_Design_Pending_v1.md  (sha256 587bc4c6165f)
  INCLUDED         ProjectDesign_StandardInputs_Pending_v1.md  (sha256 710b74bb0958)
  INCLUDED         ProjectDesign_WorkRegister_Pending_v1.md  (sha256 638ebbfb6eef)
  INCLUDED         WP_Check1_Assessment_v1.md  (sha256 dba57b98ffda)
  INCLUDED         WP_CoreCarries_v2.md  (sha256 2f3ab75ce434)
  SKIPPED          AIDE_DesignApproach_WIP_v1.md: matches exclude_files pattern "*_WIP_*"
  SKIPPED          AIDE_Rebuild_WIP_v24.md: matches exclude_files pattern "*_WIP_*"

------------------------------------------------------------------------
Result: 112 included, 5 skipped, 1 written, 1 deleted
========================================================================

========================================================================
binder builder   2026-09-23 22:36:33   LIVE
binder:   AIDE_Documentation
root:     C:\Users\david\dev\repos\DigitalBusiness-AIDE\Documentation
settings: C:\Users\david\dev\repos\DigitalBusiness-AIDE\Documentation\_aide\utilities\binder-builder\binder_builder_AIDE_Documentation_settings.json
include:  ~/_rebuild
folders collected from: 22
change detection: AIDE_Documentation_Binder_v130.md: 1 added (Services/Services_Development_Standard_v1.md) - rebuilding
------------------------------------------------------------------------

[.]
  INCLUDED         _index.md  (sha256 173f40558b1b)
  INCLUDED         AIDE_Orchestration_Investigation_Findings.md  (sha256 33b558f610ab)
  INCLUDED         AIDE_Solution_Map.md  (sha256 f7260ab91b37)
  SKIPPED          AIDE_Board.html: matches exclude_files pattern "*_Board.html"
  SKIPPED          AIDE_Documentation_WIP_v29.md: matches exclude_files pattern "*_WIP_*"
  SKIPPED          AIDE_Orchestration_WIP_v1.md: matches exclude_files pattern "*_WIP_*"

[Assurance]
  INCLUDED         _index.md  (sha256 e931b42dcfcb)
  INCLUDED         AIDE_Assurance_Cases_Working_v1.md  (sha256 fa41200d451f)
  INCLUDED         Assurance_Decisions_v3.md  (sha256 da10aeeba9f4)
  INCLUDED         Assurance_Design_v3.md  (sha256 9590897a017b)
  INCLUDED         Assurance_Standard_v1.md  (sha256 16dcf04b00e1)

[Build]
  INCLUDED         _index.md  (sha256 9a75e5df84b4)
  INCLUDED         Build_Brief_v4.md  (sha256 d9717a0475c0)
  INCLUDED         Build_Decisions_v8.md  (sha256 f9a1ac65dfe3)
  INCLUDED         Build_Design_v8.md  (sha256 2987f32273f9)
  INCLUDED         Build_Overview_v6.md  (sha256 5fce6400bb23)

[Capabilities]
  INCLUDED         _index.md  (sha256 bd890d11e765)
  INCLUDED         Capabilities_Decisions_v1.md  (sha256 adc1abfe5e80)
  INCLUDED         Capabilities_Design_v1.md  (sha256 f193f9ea202d)
  INCLUDED         Capabilities_Development_Standard_v1.md  (sha256 06d2e93465de)

[Core]
  INCLUDED         _index.md  (sha256 218f4527af49)
  INCLUDED         Core_AIDEMap.md  (sha256 d88d37be296a)
  INCLUDED         Core_AIDEPrinciples_Decisions_v1.md  (sha256 ca6507a444f0)
  INCLUDED         Core_AIDEPrinciples_Design_v1.md  (sha256 92c4e46ff807)
  INCLUDED         Core_Brief_v2.md  (sha256 23d1f1d1f622)
  INCLUDED         Core_Charter_v1.md  (sha256 394294a3a789)
  INCLUDED         Core_Decisions_v1.md  (sha256 2545fa050c39)
  INCLUDED         Core_Design_v6.md  (sha256 38a6c2ece528)
  INCLUDED         Core_Structure_Decisions_v2.md  (sha256 036083c7b766)
  INCLUDED         Core_Structure_Design_v2.md  (sha256 44b721ff071a)
  INCLUDED         Core_Structure_Standard_v1.md  (sha256 947cc4265841)
  INCLUDED         Core_Tags_Working_v1.md  (sha256 111c793579dd)

[Documentation Methodology]
  INCLUDED         _index.md  (sha256 65236d98d709)
  INCLUDED         DocMeth_Brief_v1.md  (sha256 60c5cf3f5d79)
  INCLUDED         DocMeth_Decisions_v7.md  (sha256 15daf15e27ef)
  INCLUDED         DocMeth_Design_v6.md  (sha256 8b5d6a24a5d7)
  INCLUDED         DocMeth_Working_v9.md  (sha256 952a2287d1d0)
  INCLUDED         DocumentationMethodology_SchemaAuthoring_Standard_v1.md  (sha256 37a837a65cb3)
  INCLUDED         DocumentationMethodology_SchemaDefinitions_Standard_v1.md  (sha256 8098d9714c57)
  INCLUDED         DocumentationMethodology_Standard_v1.md  (sha256 8301aa2a0395)

[Infrastructure]
  INCLUDED         _index.md  (sha256 7732b7fca4c2)
  INCLUDED         AIDE_Infrastructure_MCPDeliveryModel_v2.md  (sha256 709be4952c6b)
  INCLUDED         Infrastructure_CLI_Decisions_v1.md  (sha256 a9ceaa12461f)
  INCLUDED         Infrastructure_CLI_Design_v1.md  (sha256 acbe170e16bb)
  INCLUDED         Infrastructure_Working_v1.md  (sha256 80a5dc6e19e8)

[Infrastructure\binder-builder]
  INCLUDED         binder_builder_Documentation_settings.json  (sha256 b9b89306305b)
  INCLUDED         BinderBuilder_Design_v10.md  (sha256 518121d99d79)
  INCLUDED         README.md  (sha256 9c905047ab5a)

[Infrastructure\document-management]
  INCLUDED         _index.md  (sha256 e726f0298d82)
  INCLUDED         DocumentManagement_Brief_v3.md  (sha256 b83c1b37690f)
  INCLUDED         DocumentManagement_Decisions_v5.md  (sha256 295cba7a2055)
  INCLUDED         DocumentManagement_Design_v5.md  (sha256 a08d511b743f)

[Infrastructure\file-update-package]
  INCLUDED         file_update_package_settings.json  (sha256 15617061295c)
  INCLUDED         FileUpdatePackage_Design_v2.md  (sha256 76a4c37c468f)
  INCLUDED         README.md  (sha256 747bc371ff85)

[Infrastructure\version-cleanup]
  INCLUDED         README.md  (sha256 307a43363adb)
  INCLUDED         version_cleanup_settings.json  (sha256 c17e9142e485)
  INCLUDED         VersionCleanup_Design_v3.md  (sha256 c672be61d03a)

[Messaging]
  INCLUDED         _index.md  (sha256 24b02a283278)
  INCLUDED         Messaging_Brief_v1.md  (sha256 c1687d821833)
  INCLUDED         Messaging_Decisions_v4.md  (sha256 c6a0f75cba95)
  INCLUDED         Messaging_Design_v4.md  (sha256 48b767e284b0)
  INCLUDED         Messaging_Standard_v4.md  (sha256 39a0045e2403)
  INCLUDED         Messaging_Tool_v4.md  (sha256 c0a40ad3383d)

[Orchestration]
  INCLUDED         _index.md  (sha256 d4bf32394bbd)
  INCLUDED         AIDE_Orchestration_Decisions_v5.md  (sha256 98d336117a70)
  INCLUDED         AIDE_Orchestration_Design_v5.md  (sha256 5cb84235137a)
  INCLUDED         AIDE_Orchestration_UseCases_v2.md  (sha256 5d4ecab3a53d)

[Principles]
  INCLUDED         _index.md  (sha256 a2b316acd172)
  INCLUDED         Principles_Decisions_v5.md  (sha256 386c2fc6d73d)
  INCLUDED         Principles_Design_v5.md  (sha256 2fb814c2c175)
  INCLUDED         Principles_Standard_v2.md  (sha256 a2c5cf6f320d)

[Project Design]
  INCLUDED         _index.md  (sha256 7ba2f75cfec1)
  INCLUDED         ProjectDesign_Decisions_v3.md  (sha256 8e6fee73bdf9)
  INCLUDED         ProjectDesign_Design_v3.md  (sha256 2c4f60adb4f9)
  INCLUDED         ProjectDesign_Schema_Standard_v1.md  (sha256 23316ba5d013)
  INCLUDED         ProjectDesign_Standard_v5.md  (sha256 c035df4e8b17)

[Services]
  INCLUDED         _index.md  (sha256 25403038fb3d)
  INCLUDED         Services_Decisions_v1.md  (sha256 4add787c397b)
  INCLUDED         Services_Design_v1.md  (sha256 62669864591e)
  INCLUDED         Services_Development_Standard_v1.md  (sha256 bc91c1fa321e)

[Standards]
  INCLUDED         _index.md  (sha256 09379ef5eb4d)
  INCLUDED         Standards_Consumption_Standard_v4.md  (sha256 ca90869a700a)
  INCLUDED         Standards_Decisions_v4.md  (sha256 38207b4e2082)
  INCLUDED         Standards_Design_v3.md  (sha256 07cbe0cd1fc0)
  INCLUDED         Standards_Development_Standard_v1.md  (sha256 8495394828f1)
  INCLUDED         Standards_Working_v1.md  (sha256 ba94a61fa3ca)

[Tools]
  INCLUDED         _index.md  (sha256 90e0fa4aa6b7)
  INCLUDED         Tools_Decisions_v7.md  (sha256 13ac6443f896)
  INCLUDED         Tools_Design_v6.md  (sha256 7554396473ca)
  INCLUDED         Tools_Development_Standard_v1.md  (sha256 f3953a406150)

[Working Practices]
  INCLUDED         _index.md  (sha256 9f59ceebaaf4)
  INCLUDED         WorkingPractices_Standard_v2.md  (sha256 4819d41b184b)
  INCLUDED         WP_Brief_v2.md  (sha256 8033b884c2db)
  INCLUDED         WP_Capture_Working_v1.md  (sha256 c47c90767511)
  INCLUDED         WP_ContentDelivery_Working_v1.md  (sha256 388b8f4d4b72)
  INCLUDED         WP_Decisions_v4.md  (sha256 9957a8fb75f9)
  INCLUDED         WP_Design_v6.md  (sha256 da8923648608)
  INCLUDED         WP_WorkManagement_Working_v1.md  (sha256 122b3cd42cc8)

[Working Practices\Boards]
  INCLUDED         _index.md  (sha256 0ae0a05fb473)
  INCLUDED         WP_Boards_Decisions_v1.md  (sha256 33320d50ac48)
  INCLUDED         WP_Boards_Design_v1.md  (sha256 13384c9edecf)

[Working Practices\FileOps]
  INCLUDED         WP_FileOps_Working_v1.md  (sha256 6097d4250b37)

[_binder]
  DELETED          AIDE_Documentation_Binder_v130.md
  WRITTEN          AIDE_Documentation_Binder_v131.md  (113 files, 1217974 bytes)

[_rebuild]
  INCLUDED         AIDE_Component_PurposeLines_v2.md  (sha256 b1836489f28b)
  INCLUDED         AIDE_Rebuild_Guide_v1.md  (sha256 01ceb45e507b)
  INCLUDED         AIDE_Rebuild_Overview_v1.md  (sha256 5a65c44f5991)
  INCLUDED         AIDE_Rebuild_SettledDecisions_v1.md  (sha256 33593102e982)
  INCLUDED         Assurance_Brief_Sketch_v2.md  (sha256 1c61ea8c6846)
  INCLUDED         Build_Input_Working_v1.md  (sha256 1bb3513464e6)
  INCLUDED         deployment_plugin_working_v1.md  (sha256 87c99a1e5bf3)
  INCLUDED         ProjectDesign_Decisions_Pending_v1.md  (sha256 647aacf4c1ad)
  INCLUDED         ProjectDesign_Design_Pending_v1.md  (sha256 587bc4c6165f)
  INCLUDED         ProjectDesign_StandardInputs_Pending_v1.md  (sha256 710b74bb0958)
  INCLUDED         ProjectDesign_WorkRegister_Pending_v1.md  (sha256 638ebbfb6eef)
  INCLUDED         WP_Check1_Assessment_v1.md  (sha256 dba57b98ffda)
  INCLUDED         WP_CoreCarries_v2.md  (sha256 2f3ab75ce434)
  SKIPPED          AIDE_DesignApproach_WIP_v1.md: matches exclude_files pattern "*_WIP_*"
  SKIPPED          AIDE_Rebuild_WIP_v24.md: matches exclude_files pattern "*_WIP_*"

------------------------------------------------------------------------
Result: 113 included, 5 skipped, 1 written, 1 deleted
========================================================================

========================================================================
binder builder   2026-09-23 22:51:29   LIVE
binder:   AIDE_Documentation
root:     C:\Users\david\dev\repos\DigitalBusiness-AIDE\Documentation
settings: C:\Users\david\dev\repos\DigitalBusiness-AIDE\Documentation\_aide\utilities\binder-builder\binder_builder_AIDE_Documentation_settings.json
include:  ~/_rebuild
folders collected from: 23
change detection: AIDE_Documentation_Binder_v131.md: 4 added (Utilities/Utilities_Brief_v1.md, Utilities/Utilities_Design_v1.md, Utilities/Utilities_Development_Standard_v1.md, and 1 more) - rebuilding
------------------------------------------------------------------------

[.]
  INCLUDED         _index.md  (sha256 173f40558b1b)
  INCLUDED         AIDE_Orchestration_Investigation_Findings.md  (sha256 33b558f610ab)
  INCLUDED         AIDE_Solution_Map.md  (sha256 f7260ab91b37)
  SKIPPED          AIDE_Board.html: matches exclude_files pattern "*_Board.html"
  SKIPPED          AIDE_Documentation_WIP_v29.md: matches exclude_files pattern "*_WIP_*"
  SKIPPED          AIDE_Orchestration_WIP_v1.md: matches exclude_files pattern "*_WIP_*"

[Assurance]
  INCLUDED         _index.md  (sha256 e931b42dcfcb)
  INCLUDED         AIDE_Assurance_Cases_Working_v1.md  (sha256 fa41200d451f)
  INCLUDED         Assurance_Decisions_v3.md  (sha256 da10aeeba9f4)
  INCLUDED         Assurance_Design_v3.md  (sha256 9590897a017b)
  INCLUDED         Assurance_Standard_v1.md  (sha256 16dcf04b00e1)

[Build]
  INCLUDED         _index.md  (sha256 9a75e5df84b4)
  INCLUDED         Build_Brief_v4.md  (sha256 d9717a0475c0)
  INCLUDED         Build_Decisions_v8.md  (sha256 f9a1ac65dfe3)
  INCLUDED         Build_Design_v8.md  (sha256 2987f32273f9)
  INCLUDED         Build_Overview_v6.md  (sha256 5fce6400bb23)

[Capabilities]
  INCLUDED         _index.md  (sha256 bd890d11e765)
  INCLUDED         Capabilities_Decisions_v1.md  (sha256 adc1abfe5e80)
  INCLUDED         Capabilities_Design_v1.md  (sha256 f193f9ea202d)
  INCLUDED         Capabilities_Development_Standard_v1.md  (sha256 06d2e93465de)

[Core]
  INCLUDED         _index.md  (sha256 218f4527af49)
  INCLUDED         Core_AIDEMap.md  (sha256 d88d37be296a)
  INCLUDED         Core_AIDEPrinciples_Decisions_v1.md  (sha256 ca6507a444f0)
  INCLUDED         Core_AIDEPrinciples_Design_v1.md  (sha256 92c4e46ff807)
  INCLUDED         Core_Brief_v2.md  (sha256 23d1f1d1f622)
  INCLUDED         Core_Charter_v1.md  (sha256 394294a3a789)
  INCLUDED         Core_Decisions_v1.md  (sha256 2545fa050c39)
  INCLUDED         Core_Design_v6.md  (sha256 38a6c2ece528)
  INCLUDED         Core_Structure_Decisions_v2.md  (sha256 036083c7b766)
  INCLUDED         Core_Structure_Design_v2.md  (sha256 44b721ff071a)
  INCLUDED         Core_Structure_Standard_v1.md  (sha256 947cc4265841)
  INCLUDED         Core_Tags_Working_v1.md  (sha256 111c793579dd)

[Documentation Methodology]
  INCLUDED         _index.md  (sha256 65236d98d709)
  INCLUDED         DocMeth_Brief_v1.md  (sha256 60c5cf3f5d79)
  INCLUDED         DocMeth_Decisions_v7.md  (sha256 15daf15e27ef)
  INCLUDED         DocMeth_Design_v6.md  (sha256 8b5d6a24a5d7)
  INCLUDED         DocMeth_Working_v9.md  (sha256 952a2287d1d0)
  INCLUDED         DocumentationMethodology_SchemaAuthoring_Standard_v1.md  (sha256 37a837a65cb3)
  INCLUDED         DocumentationMethodology_SchemaDefinitions_Standard_v1.md  (sha256 8098d9714c57)
  INCLUDED         DocumentationMethodology_Standard_v1.md  (sha256 8301aa2a0395)

[Infrastructure]
  INCLUDED         _index.md  (sha256 7732b7fca4c2)
  INCLUDED         AIDE_Infrastructure_MCPDeliveryModel_v2.md  (sha256 709be4952c6b)
  INCLUDED         Infrastructure_CLI_Decisions_v1.md  (sha256 a9ceaa12461f)
  INCLUDED         Infrastructure_CLI_Design_v1.md  (sha256 acbe170e16bb)
  INCLUDED         Infrastructure_Working_v1.md  (sha256 80a5dc6e19e8)

[Infrastructure\binder-builder]
  INCLUDED         binder_builder_Documentation_settings.json  (sha256 b9b89306305b)
  INCLUDED         BinderBuilder_Design_v10.md  (sha256 518121d99d79)
  INCLUDED         README.md  (sha256 9c905047ab5a)

[Infrastructure\document-management]
  INCLUDED         _index.md  (sha256 e726f0298d82)
  INCLUDED         DocumentManagement_Brief_v3.md  (sha256 b83c1b37690f)
  INCLUDED         DocumentManagement_Decisions_v5.md  (sha256 295cba7a2055)
  INCLUDED         DocumentManagement_Design_v5.md  (sha256 a08d511b743f)

[Infrastructure\file-update-package]
  INCLUDED         file_update_package_settings.json  (sha256 15617061295c)
  INCLUDED         FileUpdatePackage_Design_v2.md  (sha256 76a4c37c468f)
  INCLUDED         README.md  (sha256 747bc371ff85)

[Infrastructure\version-cleanup]
  INCLUDED         README.md  (sha256 307a43363adb)
  INCLUDED         version_cleanup_settings.json  (sha256 c17e9142e485)
  INCLUDED         VersionCleanup_Design_v3.md  (sha256 c672be61d03a)

[Messaging]
  INCLUDED         _index.md  (sha256 24b02a283278)
  INCLUDED         Messaging_Brief_v1.md  (sha256 c1687d821833)
  INCLUDED         Messaging_Decisions_v4.md  (sha256 c6a0f75cba95)
  INCLUDED         Messaging_Design_v4.md  (sha256 48b767e284b0)
  INCLUDED         Messaging_Standard_v4.md  (sha256 39a0045e2403)
  INCLUDED         Messaging_Tool_v4.md  (sha256 c0a40ad3383d)

[Orchestration]
  INCLUDED         _index.md  (sha256 d4bf32394bbd)
  INCLUDED         AIDE_Orchestration_Decisions_v5.md  (sha256 98d336117a70)
  INCLUDED         AIDE_Orchestration_Design_v5.md  (sha256 5cb84235137a)
  INCLUDED         AIDE_Orchestration_UseCases_v2.md  (sha256 5d4ecab3a53d)

[Principles]
  INCLUDED         _index.md  (sha256 a2b316acd172)
  INCLUDED         Principles_Decisions_v5.md  (sha256 386c2fc6d73d)
  INCLUDED         Principles_Design_v5.md  (sha256 2fb814c2c175)
  INCLUDED         Principles_Standard_v2.md  (sha256 a2c5cf6f320d)

[Project Design]
  INCLUDED         _index.md  (sha256 7ba2f75cfec1)
  INCLUDED         ProjectDesign_Decisions_v3.md  (sha256 8e6fee73bdf9)
  INCLUDED         ProjectDesign_Design_v3.md  (sha256 2c4f60adb4f9)
  INCLUDED         ProjectDesign_Schema_Standard_v1.md  (sha256 23316ba5d013)
  INCLUDED         ProjectDesign_Standard_v5.md  (sha256 c035df4e8b17)

[Services]
  INCLUDED         _index.md  (sha256 25403038fb3d)
  INCLUDED         Services_Decisions_v1.md  (sha256 4add787c397b)
  INCLUDED         Services_Design_v1.md  (sha256 62669864591e)
  INCLUDED         Services_Development_Standard_v1.md  (sha256 bc91c1fa321e)

[Standards]
  INCLUDED         _index.md  (sha256 09379ef5eb4d)
  INCLUDED         Standards_Consumption_Standard_v4.md  (sha256 ca90869a700a)
  INCLUDED         Standards_Decisions_v4.md  (sha256 38207b4e2082)
  INCLUDED         Standards_Design_v3.md  (sha256 07cbe0cd1fc0)
  INCLUDED         Standards_Development_Standard_v1.md  (sha256 8495394828f1)
  INCLUDED         Standards_Working_v1.md  (sha256 ba94a61fa3ca)

[Tools]
  INCLUDED         _index.md  (sha256 90e0fa4aa6b7)
  INCLUDED         Tools_Decisions_v7.md  (sha256 13ac6443f896)
  INCLUDED         Tools_Design_v6.md  (sha256 7554396473ca)
  INCLUDED         Tools_Development_Standard_v1.md  (sha256 f3953a406150)

[Utilities]
  INCLUDED         _index.md  (sha256 cf88a5022544)
  INCLUDED         Utilities_Brief_v1.md  (sha256 e5eb37c9d2e8)
  INCLUDED         Utilities_Design_v1.md  (sha256 ef836fc45f08)
  INCLUDED         Utilities_Development_Standard_v1.md  (sha256 8cc6218e6ce9)

[Working Practices]
  INCLUDED         _index.md  (sha256 9f59ceebaaf4)
  INCLUDED         WorkingPractices_Standard_v2.md  (sha256 4819d41b184b)
  INCLUDED         WP_Brief_v2.md  (sha256 8033b884c2db)
  INCLUDED         WP_Capture_Working_v1.md  (sha256 c47c90767511)
  INCLUDED         WP_ContentDelivery_Working_v1.md  (sha256 388b8f4d4b72)
  INCLUDED         WP_Decisions_v4.md  (sha256 9957a8fb75f9)
  INCLUDED         WP_Design_v6.md  (sha256 da8923648608)
  INCLUDED         WP_WorkManagement_Working_v1.md  (sha256 122b3cd42cc8)

[Working Practices\Boards]
  INCLUDED         _index.md  (sha256 0ae0a05fb473)
  INCLUDED         WP_Boards_Decisions_v1.md  (sha256 33320d50ac48)
  INCLUDED         WP_Boards_Design_v1.md  (sha256 13384c9edecf)

[Working Practices\FileOps]
  INCLUDED         WP_FileOps_Working_v1.md  (sha256 6097d4250b37)

[_binder]
  DELETED          AIDE_Documentation_Binder_v131.md
  WRITTEN          AIDE_Documentation_Binder_v132.md  (117 files, 1230790 bytes)

[_rebuild]
  INCLUDED         AIDE_Component_PurposeLines_v2.md  (sha256 b1836489f28b)
  INCLUDED         AIDE_Rebuild_Guide_v1.md  (sha256 01ceb45e507b)
  INCLUDED         AIDE_Rebuild_Overview_v1.md  (sha256 5a65c44f5991)
  INCLUDED         AIDE_Rebuild_SettledDecisions_v1.md  (sha256 33593102e982)
  INCLUDED         Assurance_Brief_Sketch_v2.md  (sha256 1c61ea8c6846)
  INCLUDED         Build_Input_Working_v1.md  (sha256 1bb3513464e6)
  INCLUDED         deployment_plugin_working_v1.md  (sha256 87c99a1e5bf3)
  INCLUDED         ProjectDesign_Decisions_Pending_v1.md  (sha256 647aacf4c1ad)
  INCLUDED         ProjectDesign_Design_Pending_v1.md  (sha256 587bc4c6165f)
  INCLUDED         ProjectDesign_StandardInputs_Pending_v1.md  (sha256 710b74bb0958)
  INCLUDED         ProjectDesign_WorkRegister_Pending_v1.md  (sha256 638ebbfb6eef)
  INCLUDED         WP_Check1_Assessment_v1.md  (sha256 dba57b98ffda)
  INCLUDED         WP_CoreCarries_v2.md  (sha256 2f3ab75ce434)
  SKIPPED          AIDE_DesignApproach_WIP_v1.md: matches exclude_files pattern "*_WIP_*"
  SKIPPED          AIDE_Rebuild_WIP_v24.md: matches exclude_files pattern "*_WIP_*"

------------------------------------------------------------------------
Result: 117 included, 5 skipped, 1 written, 1 deleted
========================================================================

========================================================================
binder builder   2026-09-23 23:01:28   LIVE
binder:   AIDE_Documentation
root:     C:\Users\david\dev\repos\DigitalBusiness-AIDE\Documentation
settings: C:\Users\david\dev\repos\DigitalBusiness-AIDE\Documentation\_aide\utilities\binder-builder\binder_builder_AIDE_Documentation_settings.json
include:  ~/_rebuild
folders collected from: 23
change detection: AIDE_Documentation_Binder_v132.md: 2 changed (Services/Services_Design_v1.md, Services/Services_Development_Standard_v1.md) - rebuilding
------------------------------------------------------------------------

[.]
  INCLUDED         _index.md  (sha256 173f40558b1b)
  INCLUDED         AIDE_Orchestration_Investigation_Findings.md  (sha256 33b558f610ab)
  INCLUDED         AIDE_Solution_Map.md  (sha256 f7260ab91b37)
  SKIPPED          AIDE_Board.html: matches exclude_files pattern "*_Board.html"
  SKIPPED          AIDE_Documentation_WIP_v29.md: matches exclude_files pattern "*_WIP_*"
  SKIPPED          AIDE_Orchestration_WIP_v1.md: matches exclude_files pattern "*_WIP_*"

[Assurance]
  INCLUDED         _index.md  (sha256 e931b42dcfcb)
  INCLUDED         AIDE_Assurance_Cases_Working_v1.md  (sha256 fa41200d451f)
  INCLUDED         Assurance_Decisions_v3.md  (sha256 da10aeeba9f4)
  INCLUDED         Assurance_Design_v3.md  (sha256 9590897a017b)
  INCLUDED         Assurance_Standard_v1.md  (sha256 16dcf04b00e1)

[Build]
  INCLUDED         _index.md  (sha256 9a75e5df84b4)
  INCLUDED         Build_Brief_v4.md  (sha256 d9717a0475c0)
  INCLUDED         Build_Decisions_v8.md  (sha256 f9a1ac65dfe3)
  INCLUDED         Build_Design_v8.md  (sha256 2987f32273f9)
  INCLUDED         Build_Overview_v6.md  (sha256 5fce6400bb23)

[Capabilities]
  INCLUDED         _index.md  (sha256 bd890d11e765)
  INCLUDED         Capabilities_Decisions_v1.md  (sha256 adc1abfe5e80)
  INCLUDED         Capabilities_Design_v1.md  (sha256 f193f9ea202d)
  INCLUDED         Capabilities_Development_Standard_v1.md  (sha256 06d2e93465de)

[Core]
  INCLUDED         _index.md  (sha256 218f4527af49)
  INCLUDED         Core_AIDEMap.md  (sha256 d88d37be296a)
  INCLUDED         Core_AIDEPrinciples_Decisions_v1.md  (sha256 ca6507a444f0)
  INCLUDED         Core_AIDEPrinciples_Design_v1.md  (sha256 92c4e46ff807)
  INCLUDED         Core_Brief_v2.md  (sha256 23d1f1d1f622)
  INCLUDED         Core_Charter_v1.md  (sha256 394294a3a789)
  INCLUDED         Core_Decisions_v1.md  (sha256 2545fa050c39)
  INCLUDED         Core_Design_v6.md  (sha256 38a6c2ece528)
  INCLUDED         Core_Structure_Decisions_v2.md  (sha256 036083c7b766)
  INCLUDED         Core_Structure_Design_v2.md  (sha256 44b721ff071a)
  INCLUDED         Core_Structure_Standard_v1.md  (sha256 947cc4265841)
  INCLUDED         Core_Tags_Working_v1.md  (sha256 111c793579dd)

[Documentation Methodology]
  INCLUDED         _index.md  (sha256 65236d98d709)
  INCLUDED         DocMeth_Brief_v1.md  (sha256 60c5cf3f5d79)
  INCLUDED         DocMeth_Decisions_v7.md  (sha256 15daf15e27ef)
  INCLUDED         DocMeth_Design_v6.md  (sha256 8b5d6a24a5d7)
  INCLUDED         DocMeth_Working_v9.md  (sha256 952a2287d1d0)
  INCLUDED         DocumentationMethodology_SchemaAuthoring_Standard_v1.md  (sha256 37a837a65cb3)
  INCLUDED         DocumentationMethodology_SchemaDefinitions_Standard_v1.md  (sha256 8098d9714c57)
  INCLUDED         DocumentationMethodology_Standard_v1.md  (sha256 8301aa2a0395)

[Infrastructure]
  INCLUDED         _index.md  (sha256 7732b7fca4c2)
  INCLUDED         AIDE_Infrastructure_MCPDeliveryModel_v2.md  (sha256 709be4952c6b)
  INCLUDED         Infrastructure_CLI_Decisions_v1.md  (sha256 a9ceaa12461f)
  INCLUDED         Infrastructure_CLI_Design_v1.md  (sha256 acbe170e16bb)
  INCLUDED         Infrastructure_Working_v1.md  (sha256 80a5dc6e19e8)

[Infrastructure\binder-builder]
  INCLUDED         binder_builder_Documentation_settings.json  (sha256 b9b89306305b)
  INCLUDED         BinderBuilder_Design_v10.md  (sha256 518121d99d79)
  INCLUDED         README.md  (sha256 9c905047ab5a)

[Infrastructure\document-management]
  INCLUDED         _index.md  (sha256 e726f0298d82)
  INCLUDED         DocumentManagement_Brief_v3.md  (sha256 b83c1b37690f)
  INCLUDED         DocumentManagement_Decisions_v5.md  (sha256 295cba7a2055)
  INCLUDED         DocumentManagement_Design_v5.md  (sha256 a08d511b743f)

[Infrastructure\file-update-package]
  INCLUDED         file_update_package_settings.json  (sha256 15617061295c)
  INCLUDED         FileUpdatePackage_Design_v2.md  (sha256 76a4c37c468f)
  INCLUDED         README.md  (sha256 747bc371ff85)

[Infrastructure\version-cleanup]
  INCLUDED         README.md  (sha256 307a43363adb)
  INCLUDED         version_cleanup_settings.json  (sha256 c17e9142e485)
  INCLUDED         VersionCleanup_Design_v3.md  (sha256 c672be61d03a)

[Messaging]
  INCLUDED         _index.md  (sha256 24b02a283278)
  INCLUDED         Messaging_Brief_v1.md  (sha256 c1687d821833)
  INCLUDED         Messaging_Decisions_v4.md  (sha256 c6a0f75cba95)
  INCLUDED         Messaging_Design_v4.md  (sha256 48b767e284b0)
  INCLUDED         Messaging_Standard_v4.md  (sha256 39a0045e2403)
  INCLUDED         Messaging_Tool_v4.md  (sha256 c0a40ad3383d)

[Orchestration]
  INCLUDED         _index.md  (sha256 d4bf32394bbd)
  INCLUDED         AIDE_Orchestration_Decisions_v5.md  (sha256 98d336117a70)
  INCLUDED         AIDE_Orchestration_Design_v5.md  (sha256 5cb84235137a)
  INCLUDED         AIDE_Orchestration_UseCases_v2.md  (sha256 5d4ecab3a53d)

[Principles]
  INCLUDED         _index.md  (sha256 a2b316acd172)
  INCLUDED         Principles_Decisions_v5.md  (sha256 386c2fc6d73d)
  INCLUDED         Principles_Design_v5.md  (sha256 2fb814c2c175)
  INCLUDED         Principles_Standard_v2.md  (sha256 a2c5cf6f320d)

[Project Design]
  INCLUDED         _index.md  (sha256 7ba2f75cfec1)
  INCLUDED         ProjectDesign_Decisions_v3.md  (sha256 8e6fee73bdf9)
  INCLUDED         ProjectDesign_Design_v3.md  (sha256 2c4f60adb4f9)
  INCLUDED         ProjectDesign_Schema_Standard_v1.md  (sha256 23316ba5d013)
  INCLUDED         ProjectDesign_Standard_v5.md  (sha256 c035df4e8b17)

[Services]
  INCLUDED         _index.md  (sha256 25403038fb3d)
  INCLUDED         Services_Decisions_v1.md  (sha256 4add787c397b)
  INCLUDED         Services_Design_v1.md  (sha256 099f9169e7e5)
  INCLUDED         Services_Development_Standard_v1.md  (sha256 35ef4111a46c)

[Standards]
  INCLUDED         _index.md  (sha256 09379ef5eb4d)
  INCLUDED         Standards_Consumption_Standard_v4.md  (sha256 ca90869a700a)
  INCLUDED         Standards_Decisions_v4.md  (sha256 38207b4e2082)
  INCLUDED         Standards_Design_v3.md  (sha256 07cbe0cd1fc0)
  INCLUDED         Standards_Development_Standard_v1.md  (sha256 8495394828f1)
  INCLUDED         Standards_Working_v1.md  (sha256 ba94a61fa3ca)

[Tools]
  INCLUDED         _index.md  (sha256 90e0fa4aa6b7)
  INCLUDED         Tools_Decisions_v7.md  (sha256 13ac6443f896)
  INCLUDED         Tools_Design_v6.md  (sha256 7554396473ca)
  INCLUDED         Tools_Development_Standard_v1.md  (sha256 f3953a406150)

[Utilities]
  INCLUDED         _index.md  (sha256 cf88a5022544)
  INCLUDED         Utilities_Brief_v1.md  (sha256 e5eb37c9d2e8)
  INCLUDED         Utilities_Design_v1.md  (sha256 ef836fc45f08)
  INCLUDED         Utilities_Development_Standard_v1.md  (sha256 8cc6218e6ce9)

[Working Practices]
  INCLUDED         _index.md  (sha256 9f59ceebaaf4)
  INCLUDED         WorkingPractices_Standard_v2.md  (sha256 4819d41b184b)
  INCLUDED         WP_Brief_v2.md  (sha256 8033b884c2db)
  INCLUDED         WP_Capture_Working_v1.md  (sha256 c47c90767511)
  INCLUDED         WP_ContentDelivery_Working_v1.md  (sha256 388b8f4d4b72)
  INCLUDED         WP_Decisions_v4.md  (sha256 9957a8fb75f9)
  INCLUDED         WP_Design_v6.md  (sha256 da8923648608)
  INCLUDED         WP_WorkManagement_Working_v1.md  (sha256 122b3cd42cc8)

[Working Practices\Boards]
  INCLUDED         _index.md  (sha256 0ae0a05fb473)
  INCLUDED         WP_Boards_Decisions_v1.md  (sha256 33320d50ac48)
  INCLUDED         WP_Boards_Design_v1.md  (sha256 13384c9edecf)

[Working Practices\FileOps]
  INCLUDED         WP_FileOps_Working_v1.md  (sha256 6097d4250b37)

[_binder]
  DELETED          AIDE_Documentation_Binder_v132.md
  WRITTEN          AIDE_Documentation_Binder_v133.md  (117 files, 1226577 bytes)

[_rebuild]
  INCLUDED         AIDE_Component_PurposeLines_v2.md  (sha256 b1836489f28b)
  INCLUDED         AIDE_Rebuild_Guide_v1.md  (sha256 01ceb45e507b)
  INCLUDED         AIDE_Rebuild_Overview_v1.md  (sha256 5a65c44f5991)
  INCLUDED         AIDE_Rebuild_SettledDecisions_v1.md  (sha256 33593102e982)
  INCLUDED         Assurance_Brief_Sketch_v2.md  (sha256 1c61ea8c6846)
  INCLUDED         Build_Input_Working_v1.md  (sha256 1bb3513464e6)
  INCLUDED         deployment_plugin_working_v1.md  (sha256 87c99a1e5bf3)
  INCLUDED         ProjectDesign_Decisions_Pending_v1.md  (sha256 647aacf4c1ad)
  INCLUDED         ProjectDesign_Design_Pending_v1.md  (sha256 587bc4c6165f)
  INCLUDED         ProjectDesign_StandardInputs_Pending_v1.md  (sha256 710b74bb0958)
  INCLUDED         ProjectDesign_WorkRegister_Pending_v1.md  (sha256 638ebbfb6eef)
  INCLUDED         WP_Check1_Assessment_v1.md  (sha256 dba57b98ffda)
  INCLUDED         WP_CoreCarries_v2.md  (sha256 2f3ab75ce434)
  SKIPPED          AIDE_DesignApproach_WIP_v1.md: matches exclude_files pattern "*_WIP_*"
  SKIPPED          AIDE_Rebuild_WIP_v24.md: matches exclude_files pattern "*_WIP_*"

------------------------------------------------------------------------
Result: 117 included, 5 skipped, 1 written, 1 deleted
========================================================================

========================================================================
binder builder   2026-09-23 23:06:33   LIVE
binder:   AIDE_Documentation
root:     C:\Users\david\dev\repos\DigitalBusiness-AIDE\Documentation
settings: C:\Users\david\dev\repos\DigitalBusiness-AIDE\Documentation\_aide\utilities\binder-builder\binder_builder_AIDE_Documentation_settings.json
include:  ~/_rebuild
folders collected from: 23
change detection: AIDE_Documentation_Binder_v133.md: 1 changed (Standards/Standards_Development_Standard_v1.md) - rebuilding
------------------------------------------------------------------------

[.]
  INCLUDED         _index.md  (sha256 173f40558b1b)
  INCLUDED         AIDE_Orchestration_Investigation_Findings.md  (sha256 33b558f610ab)
  INCLUDED         AIDE_Solution_Map.md  (sha256 f7260ab91b37)
  SKIPPED          AIDE_Board.html: matches exclude_files pattern "*_Board.html"
  SKIPPED          AIDE_Documentation_WIP_v29.md: matches exclude_files pattern "*_WIP_*"
  SKIPPED          AIDE_Orchestration_WIP_v1.md: matches exclude_files pattern "*_WIP_*"

[Assurance]
  INCLUDED         _index.md  (sha256 e931b42dcfcb)
  INCLUDED         AIDE_Assurance_Cases_Working_v1.md  (sha256 fa41200d451f)
  INCLUDED         Assurance_Decisions_v3.md  (sha256 da10aeeba9f4)
  INCLUDED         Assurance_Design_v3.md  (sha256 9590897a017b)
  INCLUDED         Assurance_Standard_v1.md  (sha256 16dcf04b00e1)

[Build]
  INCLUDED         _index.md  (sha256 9a75e5df84b4)
  INCLUDED         Build_Brief_v4.md  (sha256 d9717a0475c0)
  INCLUDED         Build_Decisions_v8.md  (sha256 f9a1ac65dfe3)
  INCLUDED         Build_Design_v8.md  (sha256 2987f32273f9)
  INCLUDED         Build_Overview_v6.md  (sha256 5fce6400bb23)

[Capabilities]
  INCLUDED         _index.md  (sha256 bd890d11e765)
  INCLUDED         Capabilities_Decisions_v1.md  (sha256 adc1abfe5e80)
  INCLUDED         Capabilities_Design_v1.md  (sha256 f193f9ea202d)
  INCLUDED         Capabilities_Development_Standard_v1.md  (sha256 06d2e93465de)

[Core]
  INCLUDED         _index.md  (sha256 218f4527af49)
  INCLUDED         Core_AIDEMap.md  (sha256 d88d37be296a)
  INCLUDED         Core_AIDEPrinciples_Decisions_v1.md  (sha256 ca6507a444f0)
  INCLUDED         Core_AIDEPrinciples_Design_v1.md  (sha256 92c4e46ff807)
  INCLUDED         Core_Brief_v2.md  (sha256 23d1f1d1f622)
  INCLUDED         Core_Charter_v1.md  (sha256 394294a3a789)
  INCLUDED         Core_Decisions_v1.md  (sha256 2545fa050c39)
  INCLUDED         Core_Design_v6.md  (sha256 38a6c2ece528)
  INCLUDED         Core_Structure_Decisions_v2.md  (sha256 036083c7b766)
  INCLUDED         Core_Structure_Design_v2.md  (sha256 44b721ff071a)
  INCLUDED         Core_Structure_Standard_v1.md  (sha256 947cc4265841)
  INCLUDED         Core_Tags_Working_v1.md  (sha256 111c793579dd)

[Documentation Methodology]
  INCLUDED         _index.md  (sha256 65236d98d709)
  INCLUDED         DocMeth_Brief_v1.md  (sha256 60c5cf3f5d79)
  INCLUDED         DocMeth_Decisions_v7.md  (sha256 15daf15e27ef)
  INCLUDED         DocMeth_Design_v6.md  (sha256 8b5d6a24a5d7)
  INCLUDED         DocMeth_Working_v9.md  (sha256 952a2287d1d0)
  INCLUDED         DocumentationMethodology_SchemaAuthoring_Standard_v1.md  (sha256 37a837a65cb3)
  INCLUDED         DocumentationMethodology_SchemaDefinitions_Standard_v1.md  (sha256 8098d9714c57)
  INCLUDED         DocumentationMethodology_Standard_v1.md  (sha256 8301aa2a0395)

[Infrastructure]
  INCLUDED         _index.md  (sha256 7732b7fca4c2)
  INCLUDED         AIDE_Infrastructure_MCPDeliveryModel_v2.md  (sha256 709be4952c6b)
  INCLUDED         Infrastructure_CLI_Decisions_v1.md  (sha256 a9ceaa12461f)
  INCLUDED         Infrastructure_CLI_Design_v1.md  (sha256 acbe170e16bb)
  INCLUDED         Infrastructure_Working_v1.md  (sha256 80a5dc6e19e8)

[Infrastructure\binder-builder]
  INCLUDED         binder_builder_Documentation_settings.json  (sha256 b9b89306305b)
  INCLUDED         BinderBuilder_Design_v10.md  (sha256 518121d99d79)
  INCLUDED         README.md  (sha256 9c905047ab5a)

[Infrastructure\document-management]
  INCLUDED         _index.md  (sha256 e726f0298d82)
  INCLUDED         DocumentManagement_Brief_v3.md  (sha256 b83c1b37690f)
  INCLUDED         DocumentManagement_Decisions_v5.md  (sha256 295cba7a2055)
  INCLUDED         DocumentManagement_Design_v5.md  (sha256 a08d511b743f)

[Infrastructure\file-update-package]
  INCLUDED         file_update_package_settings.json  (sha256 15617061295c)
  INCLUDED         FileUpdatePackage_Design_v2.md  (sha256 76a4c37c468f)
  INCLUDED         README.md  (sha256 747bc371ff85)

[Infrastructure\version-cleanup]
  INCLUDED         README.md  (sha256 307a43363adb)
  INCLUDED         version_cleanup_settings.json  (sha256 c17e9142e485)
  INCLUDED         VersionCleanup_Design_v3.md  (sha256 c672be61d03a)

[Messaging]
  INCLUDED         _index.md  (sha256 24b02a283278)
  INCLUDED         Messaging_Brief_v1.md  (sha256 c1687d821833)
  INCLUDED         Messaging_Decisions_v4.md  (sha256 c6a0f75cba95)
  INCLUDED         Messaging_Design_v4.md  (sha256 48b767e284b0)
  INCLUDED         Messaging_Standard_v4.md  (sha256 39a0045e2403)
  INCLUDED         Messaging_Tool_v4.md  (sha256 c0a40ad3383d)

[Orchestration]
  INCLUDED         _index.md  (sha256 d4bf32394bbd)
  INCLUDED         AIDE_Orchestration_Decisions_v5.md  (sha256 98d336117a70)
  INCLUDED         AIDE_Orchestration_Design_v5.md  (sha256 5cb84235137a)
  INCLUDED         AIDE_Orchestration_UseCases_v2.md  (sha256 5d4ecab3a53d)

[Principles]
  INCLUDED         _index.md  (sha256 a2b316acd172)
  INCLUDED         Principles_Decisions_v5.md  (sha256 386c2fc6d73d)
  INCLUDED         Principles_Design_v5.md  (sha256 2fb814c2c175)
  INCLUDED         Principles_Standard_v2.md  (sha256 a2c5cf6f320d)

[Project Design]
  INCLUDED         _index.md  (sha256 7ba2f75cfec1)
  INCLUDED         ProjectDesign_Decisions_v3.md  (sha256 8e6fee73bdf9)
  INCLUDED         ProjectDesign_Design_v3.md  (sha256 2c4f60adb4f9)
  INCLUDED         ProjectDesign_Schema_Standard_v1.md  (sha256 23316ba5d013)
  INCLUDED         ProjectDesign_Standard_v5.md  (sha256 c035df4e8b17)

[Services]
  INCLUDED         _index.md  (sha256 25403038fb3d)
  INCLUDED         Services_Decisions_v1.md  (sha256 4add787c397b)
  INCLUDED         Services_Design_v1.md  (sha256 099f9169e7e5)
  INCLUDED         Services_Development_Standard_v1.md  (sha256 35ef4111a46c)

[Standards]
  INCLUDED         _index.md  (sha256 09379ef5eb4d)
  INCLUDED         Standards_Consumption_Standard_v4.md  (sha256 ca90869a700a)
  INCLUDED         Standards_Decisions_v4.md  (sha256 38207b4e2082)
  INCLUDED         Standards_Design_v3.md  (sha256 07cbe0cd1fc0)
  INCLUDED         Standards_Development_Standard_v1.md  (sha256 e52793873b26)
  INCLUDED         Standards_Working_v1.md  (sha256 ba94a61fa3ca)

[Tools]
  INCLUDED         _index.md  (sha256 90e0fa4aa6b7)
  INCLUDED         Tools_Decisions_v7.md  (sha256 13ac6443f896)
  INCLUDED         Tools_Design_v6.md  (sha256 7554396473ca)
  INCLUDED         Tools_Development_Standard_v1.md  (sha256 f3953a406150)

[Utilities]
  INCLUDED         _index.md  (sha256 cf88a5022544)
  INCLUDED         Utilities_Brief_v1.md  (sha256 e5eb37c9d2e8)
  INCLUDED         Utilities_Design_v1.md  (sha256 ef836fc45f08)
  INCLUDED         Utilities_Development_Standard_v1.md  (sha256 8cc6218e6ce9)

[Working Practices]
  INCLUDED         _index.md  (sha256 9f59ceebaaf4)
  INCLUDED         WorkingPractices_Standard_v2.md  (sha256 4819d41b184b)
  INCLUDED         WP_Brief_v2.md  (sha256 8033b884c2db)
  INCLUDED         WP_Capture_Working_v1.md  (sha256 c47c90767511)
  INCLUDED         WP_ContentDelivery_Working_v1.md  (sha256 388b8f4d4b72)
  INCLUDED         WP_Decisions_v4.md  (sha256 9957a8fb75f9)
  INCLUDED         WP_Design_v6.md  (sha256 da8923648608)
  INCLUDED         WP_WorkManagement_Working_v1.md  (sha256 122b3cd42cc8)

[Working Practices\Boards]
  INCLUDED         _index.md  (sha256 0ae0a05fb473)
  INCLUDED         WP_Boards_Decisions_v1.md  (sha256 33320d50ac48)
  INCLUDED         WP_Boards_Design_v1.md  (sha256 13384c9edecf)

[Working Practices\FileOps]
  INCLUDED         WP_FileOps_Working_v1.md  (sha256 6097d4250b37)

[_binder]
  DELETED          AIDE_Documentation_Binder_v133.md
  WRITTEN          AIDE_Documentation_Binder_v134.md  (117 files, 1229259 bytes)

[_rebuild]
  INCLUDED         AIDE_Component_PurposeLines_v2.md  (sha256 b1836489f28b)
  INCLUDED         AIDE_Rebuild_Guide_v1.md  (sha256 01ceb45e507b)
  INCLUDED         AIDE_Rebuild_Overview_v1.md  (sha256 5a65c44f5991)
  INCLUDED         AIDE_Rebuild_SettledDecisions_v1.md  (sha256 33593102e982)
  INCLUDED         Assurance_Brief_Sketch_v2.md  (sha256 1c61ea8c6846)
  INCLUDED         Build_Input_Working_v1.md  (sha256 1bb3513464e6)
  INCLUDED         deployment_plugin_working_v1.md  (sha256 87c99a1e5bf3)
  INCLUDED         ProjectDesign_Decisions_Pending_v1.md  (sha256 647aacf4c1ad)
  INCLUDED         ProjectDesign_Design_Pending_v1.md  (sha256 587bc4c6165f)
  INCLUDED         ProjectDesign_StandardInputs_Pending_v1.md  (sha256 710b74bb0958)
  INCLUDED         ProjectDesign_WorkRegister_Pending_v1.md  (sha256 638ebbfb6eef)
  INCLUDED         WP_Check1_Assessment_v1.md  (sha256 dba57b98ffda)
  INCLUDED         WP_CoreCarries_v2.md  (sha256 2f3ab75ce434)
  SKIPPED          AIDE_DesignApproach_WIP_v1.md: matches exclude_files pattern "*_WIP_*"
  SKIPPED          AIDE_Rebuild_WIP_v24.md: matches exclude_files pattern "*_WIP_*"

------------------------------------------------------------------------
Result: 117 included, 5 skipped, 1 written, 1 deleted
========================================================================

========================================================================
binder builder   2026-09-23 23:10:05   LIVE
binder:   AIDE_Documentation
root:     C:\Users\david\dev\repos\DigitalBusiness-AIDE\Documentation
settings: C:\Users\david\dev\repos\DigitalBusiness-AIDE\Documentation\_aide\utilities\binder-builder\binder_builder_AIDE_Documentation_settings.json
include:  ~/_rebuild
folders collected from: 23
change detection: AIDE_Documentation_Binder_v134.md: 2 changed (Standards/Standards_Development_Standard_v1.md, Tools/Tools_Development_Standard_v1.md) - rebuilding
------------------------------------------------------------------------

[.]
  INCLUDED         _index.md  (sha256 173f40558b1b)
  INCLUDED         AIDE_Orchestration_Investigation_Findings.md  (sha256 33b558f610ab)
  INCLUDED         AIDE_Solution_Map.md  (sha256 f7260ab91b37)
  SKIPPED          AIDE_Board.html: matches exclude_files pattern "*_Board.html"
  SKIPPED          AIDE_Documentation_WIP_v29.md: matches exclude_files pattern "*_WIP_*"
  SKIPPED          AIDE_Orchestration_WIP_v1.md: matches exclude_files pattern "*_WIP_*"

[Assurance]
  INCLUDED         _index.md  (sha256 e931b42dcfcb)
  INCLUDED         AIDE_Assurance_Cases_Working_v1.md  (sha256 fa41200d451f)
  INCLUDED         Assurance_Decisions_v3.md  (sha256 da10aeeba9f4)
  INCLUDED         Assurance_Design_v3.md  (sha256 9590897a017b)
  INCLUDED         Assurance_Standard_v1.md  (sha256 16dcf04b00e1)

[Build]
  INCLUDED         _index.md  (sha256 9a75e5df84b4)
  INCLUDED         Build_Brief_v4.md  (sha256 d9717a0475c0)
  INCLUDED         Build_Decisions_v8.md  (sha256 f9a1ac65dfe3)
  INCLUDED         Build_Design_v8.md  (sha256 2987f32273f9)
  INCLUDED         Build_Overview_v6.md  (sha256 5fce6400bb23)

[Capabilities]
  INCLUDED         _index.md  (sha256 bd890d11e765)
  INCLUDED         Capabilities_Decisions_v1.md  (sha256 adc1abfe5e80)
  INCLUDED         Capabilities_Design_v1.md  (sha256 f193f9ea202d)
  INCLUDED         Capabilities_Development_Standard_v1.md  (sha256 06d2e93465de)

[Core]
  INCLUDED         _index.md  (sha256 218f4527af49)
  INCLUDED         Core_AIDEMap.md  (sha256 d88d37be296a)
  INCLUDED         Core_AIDEPrinciples_Decisions_v1.md  (sha256 ca6507a444f0)
  INCLUDED         Core_AIDEPrinciples_Design_v1.md  (sha256 92c4e46ff807)
  INCLUDED         Core_Brief_v2.md  (sha256 23d1f1d1f622)
  INCLUDED         Core_Charter_v1.md  (sha256 394294a3a789)
  INCLUDED         Core_Decisions_v1.md  (sha256 2545fa050c39)
  INCLUDED         Core_Design_v6.md  (sha256 38a6c2ece528)
  INCLUDED         Core_Structure_Decisions_v2.md  (sha256 036083c7b766)
  INCLUDED         Core_Structure_Design_v2.md  (sha256 44b721ff071a)
  INCLUDED         Core_Structure_Standard_v1.md  (sha256 947cc4265841)
  INCLUDED         Core_Tags_Working_v1.md  (sha256 111c793579dd)

[Documentation Methodology]
  INCLUDED         _index.md  (sha256 65236d98d709)
  INCLUDED         DocMeth_Brief_v1.md  (sha256 60c5cf3f5d79)
  INCLUDED         DocMeth_Decisions_v7.md  (sha256 15daf15e27ef)
  INCLUDED         DocMeth_Design_v6.md  (sha256 8b5d6a24a5d7)
  INCLUDED         DocMeth_Working_v9.md  (sha256 952a2287d1d0)
  INCLUDED         DocumentationMethodology_SchemaAuthoring_Standard_v1.md  (sha256 37a837a65cb3)
  INCLUDED         DocumentationMethodology_SchemaDefinitions_Standard_v1.md  (sha256 8098d9714c57)
  INCLUDED         DocumentationMethodology_Standard_v1.md  (sha256 8301aa2a0395)

[Infrastructure]
  INCLUDED         _index.md  (sha256 7732b7fca4c2)
  INCLUDED         AIDE_Infrastructure_MCPDeliveryModel_v2.md  (sha256 709be4952c6b)
  INCLUDED         Infrastructure_CLI_Decisions_v1.md  (sha256 a9ceaa12461f)
  INCLUDED         Infrastructure_CLI_Design_v1.md  (sha256 acbe170e16bb)
  INCLUDED         Infrastructure_Working_v1.md  (sha256 80a5dc6e19e8)

[Infrastructure\binder-builder]
  INCLUDED         binder_builder_Documentation_settings.json  (sha256 b9b89306305b)
  INCLUDED         BinderBuilder_Design_v10.md  (sha256 518121d99d79)
  INCLUDED         README.md  (sha256 9c905047ab5a)

[Infrastructure\document-management]
  INCLUDED         _index.md  (sha256 e726f0298d82)
  INCLUDED         DocumentManagement_Brief_v3.md  (sha256 b83c1b37690f)
  INCLUDED         DocumentManagement_Decisions_v5.md  (sha256 295cba7a2055)
  INCLUDED         DocumentManagement_Design_v5.md  (sha256 a08d511b743f)

[Infrastructure\file-update-package]
  INCLUDED         file_update_package_settings.json  (sha256 15617061295c)
  INCLUDED         FileUpdatePackage_Design_v2.md  (sha256 76a4c37c468f)
  INCLUDED         README.md  (sha256 747bc371ff85)

[Infrastructure\version-cleanup]
  INCLUDED         README.md  (sha256 307a43363adb)
  INCLUDED         version_cleanup_settings.json  (sha256 c17e9142e485)
  INCLUDED         VersionCleanup_Design_v3.md  (sha256 c672be61d03a)

[Messaging]
  INCLUDED         _index.md  (sha256 24b02a283278)
  INCLUDED         Messaging_Brief_v1.md  (sha256 c1687d821833)
  INCLUDED         Messaging_Decisions_v4.md  (sha256 c6a0f75cba95)
  INCLUDED         Messaging_Design_v4.md  (sha256 48b767e284b0)
  INCLUDED         Messaging_Standard_v4.md  (sha256 39a0045e2403)
  INCLUDED         Messaging_Tool_v4.md  (sha256 c0a40ad3383d)

[Orchestration]
  INCLUDED         _index.md  (sha256 d4bf32394bbd)
  INCLUDED         AIDE_Orchestration_Decisions_v5.md  (sha256 98d336117a70)
  INCLUDED         AIDE_Orchestration_Design_v5.md  (sha256 5cb84235137a)
  INCLUDED         AIDE_Orchestration_UseCases_v2.md  (sha256 5d4ecab3a53d)

[Principles]
  INCLUDED         _index.md  (sha256 a2b316acd172)
  INCLUDED         Principles_Decisions_v5.md  (sha256 386c2fc6d73d)
  INCLUDED         Principles_Design_v5.md  (sha256 2fb814c2c175)
  INCLUDED         Principles_Standard_v2.md  (sha256 a2c5cf6f320d)

[Project Design]
  INCLUDED         _index.md  (sha256 7ba2f75cfec1)
  INCLUDED         ProjectDesign_Decisions_v3.md  (sha256 8e6fee73bdf9)
  INCLUDED         ProjectDesign_Design_v3.md  (sha256 2c4f60adb4f9)
  INCLUDED         ProjectDesign_Schema_Standard_v1.md  (sha256 23316ba5d013)
  INCLUDED         ProjectDesign_Standard_v5.md  (sha256 c035df4e8b17)

[Services]
  INCLUDED         _index.md  (sha256 25403038fb3d)
  INCLUDED         Services_Decisions_v1.md  (sha256 4add787c397b)
  INCLUDED         Services_Design_v1.md  (sha256 099f9169e7e5)
  INCLUDED         Services_Development_Standard_v1.md  (sha256 35ef4111a46c)

[Standards]
  INCLUDED         _index.md  (sha256 09379ef5eb4d)
  INCLUDED         Standards_Consumption_Standard_v4.md  (sha256 ca90869a700a)
  INCLUDED         Standards_Decisions_v4.md  (sha256 38207b4e2082)
  INCLUDED         Standards_Design_v3.md  (sha256 07cbe0cd1fc0)
  INCLUDED         Standards_Development_Standard_v1.md  (sha256 9ba785d2a243)
  INCLUDED         Standards_Working_v1.md  (sha256 ba94a61fa3ca)

[Tools]
  INCLUDED         _index.md  (sha256 90e0fa4aa6b7)
  INCLUDED         Tools_Decisions_v7.md  (sha256 13ac6443f896)
  INCLUDED         Tools_Design_v6.md  (sha256 7554396473ca)
  INCLUDED         Tools_Development_Standard_v1.md  (sha256 f7237092236d)

[Utilities]
  INCLUDED         _index.md  (sha256 cf88a5022544)
  INCLUDED         Utilities_Brief_v1.md  (sha256 e5eb37c9d2e8)
  INCLUDED         Utilities_Design_v1.md  (sha256 ef836fc45f08)
  INCLUDED         Utilities_Development_Standard_v1.md  (sha256 8cc6218e6ce9)

[Working Practices]
  INCLUDED         _index.md  (sha256 9f59ceebaaf4)
  INCLUDED         WorkingPractices_Standard_v2.md  (sha256 4819d41b184b)
  INCLUDED         WP_Brief_v2.md  (sha256 8033b884c2db)
  INCLUDED         WP_Capture_Working_v1.md  (sha256 c47c90767511)
  INCLUDED         WP_ContentDelivery_Working_v1.md  (sha256 388b8f4d4b72)
  INCLUDED         WP_Decisions_v4.md  (sha256 9957a8fb75f9)
  INCLUDED         WP_Design_v6.md  (sha256 da8923648608)
  INCLUDED         WP_WorkManagement_Working_v1.md  (sha256 122b3cd42cc8)

[Working Practices\Boards]
  INCLUDED         _index.md  (sha256 0ae0a05fb473)
  INCLUDED         WP_Boards_Decisions_v1.md  (sha256 33320d50ac48)
  INCLUDED         WP_Boards_Design_v1.md  (sha256 13384c9edecf)

[Working Practices\FileOps]
  INCLUDED         WP_FileOps_Working_v1.md  (sha256 6097d4250b37)

[_binder]
  DELETED          AIDE_Documentation_Binder_v134.md
  WRITTEN          AIDE_Documentation_Binder_v135.md  (117 files, 1230652 bytes)

[_rebuild]
  INCLUDED         AIDE_Component_PurposeLines_v2.md  (sha256 b1836489f28b)
  INCLUDED         AIDE_Rebuild_Guide_v1.md  (sha256 01ceb45e507b)
  INCLUDED         AIDE_Rebuild_Overview_v1.md  (sha256 5a65c44f5991)
  INCLUDED         AIDE_Rebuild_SettledDecisions_v1.md  (sha256 33593102e982)
  INCLUDED         Assurance_Brief_Sketch_v2.md  (sha256 1c61ea8c6846)
  INCLUDED         Build_Input_Working_v1.md  (sha256 1bb3513464e6)
  INCLUDED         deployment_plugin_working_v1.md  (sha256 87c99a1e5bf3)
  INCLUDED         ProjectDesign_Decisions_Pending_v1.md  (sha256 647aacf4c1ad)
  INCLUDED         ProjectDesign_Design_Pending_v1.md  (sha256 587bc4c6165f)
  INCLUDED         ProjectDesign_StandardInputs_Pending_v1.md  (sha256 710b74bb0958)
  INCLUDED         ProjectDesign_WorkRegister_Pending_v1.md  (sha256 638ebbfb6eef)
  INCLUDED         WP_Check1_Assessment_v1.md  (sha256 dba57b98ffda)
  INCLUDED         WP_CoreCarries_v2.md  (sha256 2f3ab75ce434)
  SKIPPED          AIDE_DesignApproach_WIP_v1.md: matches exclude_files pattern "*_WIP_*"
  SKIPPED          AIDE_Rebuild_WIP_v24.md: matches exclude_files pattern "*_WIP_*"

------------------------------------------------------------------------
Result: 117 included, 5 skipped, 1 written, 1 deleted
========================================================================

========================================================================
binder builder   2026-09-23 23:13:33   LIVE
binder:   AIDE_Documentation
root:     C:\Users\david\dev\repos\DigitalBusiness-AIDE\Documentation
settings: C:\Users\david\dev\repos\DigitalBusiness-AIDE\Documentation\_aide\utilities\binder-builder\binder_builder_AIDE_Documentation_settings.json
include:  ~/_rebuild
folders collected from: 23
change detection: AIDE_Documentation_Binder_v135.md: 2 added, 2 removed (Standards/Standards_Design_v4.md, Tools/Tools_Design_v7.md, Standards/Standards_Design_v3.md, and 1 more) - rebuilding
------------------------------------------------------------------------

[.]
  INCLUDED         _index.md  (sha256 173f40558b1b)
  INCLUDED         AIDE_Orchestration_Investigation_Findings.md  (sha256 33b558f610ab)
  INCLUDED         AIDE_Solution_Map.md  (sha256 f7260ab91b37)
  SKIPPED          AIDE_Board.html: matches exclude_files pattern "*_Board.html"
  SKIPPED          AIDE_Documentation_WIP_v29.md: matches exclude_files pattern "*_WIP_*"
  SKIPPED          AIDE_Orchestration_WIP_v1.md: matches exclude_files pattern "*_WIP_*"

[Assurance]
  INCLUDED         _index.md  (sha256 e931b42dcfcb)
  INCLUDED         AIDE_Assurance_Cases_Working_v1.md  (sha256 fa41200d451f)
  INCLUDED         Assurance_Decisions_v3.md  (sha256 da10aeeba9f4)
  INCLUDED         Assurance_Design_v3.md  (sha256 9590897a017b)
  INCLUDED         Assurance_Standard_v1.md  (sha256 16dcf04b00e1)

[Build]
  INCLUDED         _index.md  (sha256 9a75e5df84b4)
  INCLUDED         Build_Brief_v4.md  (sha256 d9717a0475c0)
  INCLUDED         Build_Decisions_v8.md  (sha256 f9a1ac65dfe3)
  INCLUDED         Build_Design_v8.md  (sha256 2987f32273f9)
  INCLUDED         Build_Overview_v6.md  (sha256 5fce6400bb23)

[Capabilities]
  INCLUDED         _index.md  (sha256 bd890d11e765)
  INCLUDED         Capabilities_Decisions_v1.md  (sha256 adc1abfe5e80)
  INCLUDED         Capabilities_Design_v1.md  (sha256 f193f9ea202d)
  INCLUDED         Capabilities_Development_Standard_v1.md  (sha256 06d2e93465de)

[Core]
  INCLUDED         _index.md  (sha256 218f4527af49)
  INCLUDED         Core_AIDEMap.md  (sha256 d88d37be296a)
  INCLUDED         Core_AIDEPrinciples_Decisions_v1.md  (sha256 ca6507a444f0)
  INCLUDED         Core_AIDEPrinciples_Design_v1.md  (sha256 92c4e46ff807)
  INCLUDED         Core_Brief_v2.md  (sha256 23d1f1d1f622)
  INCLUDED         Core_Charter_v1.md  (sha256 394294a3a789)
  INCLUDED         Core_Decisions_v1.md  (sha256 2545fa050c39)
  INCLUDED         Core_Design_v6.md  (sha256 38a6c2ece528)
  INCLUDED         Core_Structure_Decisions_v2.md  (sha256 036083c7b766)
  INCLUDED         Core_Structure_Design_v2.md  (sha256 44b721ff071a)
  INCLUDED         Core_Structure_Standard_v1.md  (sha256 947cc4265841)
  INCLUDED         Core_Tags_Working_v1.md  (sha256 111c793579dd)

[Documentation Methodology]
  INCLUDED         _index.md  (sha256 65236d98d709)
  INCLUDED         DocMeth_Brief_v1.md  (sha256 60c5cf3f5d79)
  INCLUDED         DocMeth_Decisions_v7.md  (sha256 15daf15e27ef)
  INCLUDED         DocMeth_Design_v6.md  (sha256 8b5d6a24a5d7)
  INCLUDED         DocMeth_Working_v9.md  (sha256 952a2287d1d0)
  INCLUDED         DocumentationMethodology_SchemaAuthoring_Standard_v1.md  (sha256 37a837a65cb3)
  INCLUDED         DocumentationMethodology_SchemaDefinitions_Standard_v1.md  (sha256 8098d9714c57)
  INCLUDED         DocumentationMethodology_Standard_v1.md  (sha256 8301aa2a0395)

[Infrastructure]
  INCLUDED         _index.md  (sha256 7732b7fca4c2)
  INCLUDED         AIDE_Infrastructure_MCPDeliveryModel_v2.md  (sha256 709be4952c6b)
  INCLUDED         Infrastructure_CLI_Decisions_v1.md  (sha256 a9ceaa12461f)
  INCLUDED         Infrastructure_CLI_Design_v1.md  (sha256 acbe170e16bb)
  INCLUDED         Infrastructure_Working_v1.md  (sha256 80a5dc6e19e8)

[Infrastructure\binder-builder]
  INCLUDED         binder_builder_Documentation_settings.json  (sha256 b9b89306305b)
  INCLUDED         BinderBuilder_Design_v10.md  (sha256 518121d99d79)
  INCLUDED         README.md  (sha256 9c905047ab5a)

[Infrastructure\document-management]
  INCLUDED         _index.md  (sha256 e726f0298d82)
  INCLUDED         DocumentManagement_Brief_v3.md  (sha256 b83c1b37690f)
  INCLUDED         DocumentManagement_Decisions_v5.md  (sha256 295cba7a2055)
  INCLUDED         DocumentManagement_Design_v5.md  (sha256 a08d511b743f)

[Infrastructure\file-update-package]
  INCLUDED         file_update_package_settings.json  (sha256 15617061295c)
  INCLUDED         FileUpdatePackage_Design_v2.md  (sha256 76a4c37c468f)
  INCLUDED         README.md  (sha256 747bc371ff85)

[Infrastructure\version-cleanup]
  INCLUDED         README.md  (sha256 307a43363adb)
  INCLUDED         version_cleanup_settings.json  (sha256 c17e9142e485)
  INCLUDED         VersionCleanup_Design_v3.md  (sha256 c672be61d03a)

[Messaging]
  INCLUDED         _index.md  (sha256 24b02a283278)
  INCLUDED         Messaging_Brief_v1.md  (sha256 c1687d821833)
  INCLUDED         Messaging_Decisions_v4.md  (sha256 c6a0f75cba95)
  INCLUDED         Messaging_Design_v4.md  (sha256 48b767e284b0)
  INCLUDED         Messaging_Standard_v4.md  (sha256 39a0045e2403)
  INCLUDED         Messaging_Tool_v4.md  (sha256 c0a40ad3383d)

[Orchestration]
  INCLUDED         _index.md  (sha256 d4bf32394bbd)
  INCLUDED         AIDE_Orchestration_Decisions_v5.md  (sha256 98d336117a70)
  INCLUDED         AIDE_Orchestration_Design_v5.md  (sha256 5cb84235137a)
  INCLUDED         AIDE_Orchestration_UseCases_v2.md  (sha256 5d4ecab3a53d)

[Principles]
  INCLUDED         _index.md  (sha256 a2b316acd172)
  INCLUDED         Principles_Decisions_v5.md  (sha256 386c2fc6d73d)
  INCLUDED         Principles_Design_v5.md  (sha256 2fb814c2c175)
  INCLUDED         Principles_Standard_v2.md  (sha256 a2c5cf6f320d)

[Project Design]
  INCLUDED         _index.md  (sha256 7ba2f75cfec1)
  INCLUDED         ProjectDesign_Decisions_v3.md  (sha256 8e6fee73bdf9)
  INCLUDED         ProjectDesign_Design_v3.md  (sha256 2c4f60adb4f9)
  INCLUDED         ProjectDesign_Schema_Standard_v1.md  (sha256 23316ba5d013)
  INCLUDED         ProjectDesign_Standard_v5.md  (sha256 c035df4e8b17)

[Services]
  INCLUDED         _index.md  (sha256 25403038fb3d)
  INCLUDED         Services_Decisions_v1.md  (sha256 4add787c397b)
  INCLUDED         Services_Design_v1.md  (sha256 099f9169e7e5)
  INCLUDED         Services_Development_Standard_v1.md  (sha256 35ef4111a46c)

[Standards]
  INCLUDED         _index.md  (sha256 09379ef5eb4d)
  INCLUDED         Standards_Consumption_Standard_v4.md  (sha256 ca90869a700a)
  INCLUDED         Standards_Decisions_v4.md  (sha256 38207b4e2082)
  INCLUDED         Standards_Design_v4.md  (sha256 e241195998b3)
  INCLUDED         Standards_Development_Standard_v1.md  (sha256 9ba785d2a243)
  INCLUDED         Standards_Working_v1.md  (sha256 ba94a61fa3ca)

[Tools]
  INCLUDED         _index.md  (sha256 90e0fa4aa6b7)
  INCLUDED         Tools_Decisions_v7.md  (sha256 13ac6443f896)
  INCLUDED         Tools_Design_v7.md  (sha256 95e6c5cb4ac8)
  INCLUDED         Tools_Development_Standard_v1.md  (sha256 f7237092236d)

[Utilities]
  INCLUDED         _index.md  (sha256 cf88a5022544)
  INCLUDED         Utilities_Brief_v1.md  (sha256 e5eb37c9d2e8)
  INCLUDED         Utilities_Design_v1.md  (sha256 ef836fc45f08)
  INCLUDED         Utilities_Development_Standard_v1.md  (sha256 8cc6218e6ce9)

[Working Practices]
  INCLUDED         _index.md  (sha256 9f59ceebaaf4)
  INCLUDED         WorkingPractices_Standard_v2.md  (sha256 4819d41b184b)
  INCLUDED         WP_Brief_v2.md  (sha256 8033b884c2db)
  INCLUDED         WP_Capture_Working_v1.md  (sha256 c47c90767511)
  INCLUDED         WP_ContentDelivery_Working_v1.md  (sha256 388b8f4d4b72)
  INCLUDED         WP_Decisions_v4.md  (sha256 9957a8fb75f9)
  INCLUDED         WP_Design_v6.md  (sha256 da8923648608)
  INCLUDED         WP_WorkManagement_Working_v1.md  (sha256 122b3cd42cc8)

[Working Practices\Boards]
  INCLUDED         _index.md  (sha256 0ae0a05fb473)
  INCLUDED         WP_Boards_Decisions_v1.md  (sha256 33320d50ac48)
  INCLUDED         WP_Boards_Design_v1.md  (sha256 13384c9edecf)

[Working Practices\FileOps]
  INCLUDED         WP_FileOps_Working_v1.md  (sha256 6097d4250b37)

[_binder]
  DELETED          AIDE_Documentation_Binder_v135.md
  WRITTEN          AIDE_Documentation_Binder_v136.md  (117 files, 1233028 bytes)

[_rebuild]
  INCLUDED         AIDE_Component_PurposeLines_v2.md  (sha256 b1836489f28b)
  INCLUDED         AIDE_Rebuild_Guide_v1.md  (sha256 01ceb45e507b)
  INCLUDED         AIDE_Rebuild_Overview_v1.md  (sha256 5a65c44f5991)
  INCLUDED         AIDE_Rebuild_SettledDecisions_v1.md  (sha256 33593102e982)
  INCLUDED         Assurance_Brief_Sketch_v2.md  (sha256 1c61ea8c6846)
  INCLUDED         Build_Input_Working_v1.md  (sha256 1bb3513464e6)
  INCLUDED         deployment_plugin_working_v1.md  (sha256 87c99a1e5bf3)
  INCLUDED         ProjectDesign_Decisions_Pending_v1.md  (sha256 647aacf4c1ad)
  INCLUDED         ProjectDesign_Design_Pending_v1.md  (sha256 587bc4c6165f)
  INCLUDED         ProjectDesign_StandardInputs_Pending_v1.md  (sha256 710b74bb0958)
  INCLUDED         ProjectDesign_WorkRegister_Pending_v1.md  (sha256 638ebbfb6eef)
  INCLUDED         WP_Check1_Assessment_v1.md  (sha256 dba57b98ffda)
  INCLUDED         WP_CoreCarries_v2.md  (sha256 2f3ab75ce434)
  SKIPPED          AIDE_DesignApproach_WIP_v1.md: matches exclude_files pattern "*_WIP_*"
  SKIPPED          AIDE_Rebuild_WIP_v24.md: matches exclude_files pattern "*_WIP_*"

------------------------------------------------------------------------
Result: 117 included, 5 skipped, 1 written, 1 deleted
========================================================================

========================================================================
binder builder   2026-09-23 23:17:33   LIVE
binder:   AIDE_Documentation
root:     C:\Users\david\dev\repos\DigitalBusiness-AIDE\Documentation
settings: C:\Users\david\dev\repos\DigitalBusiness-AIDE\Documentation\_aide\utilities\binder-builder\binder_builder_AIDE_Documentation_settings.json
include:  ~/_rebuild
folders collected from: 23
change detection: AIDE_Documentation_Binder_v136.md: 2 changed (Standards/Standards_Design_v4.md, Standards/Standards_Development_Standard_v1.md) - rebuilding
------------------------------------------------------------------------

[.]
  INCLUDED         _index.md  (sha256 173f40558b1b)
  INCLUDED         AIDE_Orchestration_Investigation_Findings.md  (sha256 33b558f610ab)
  INCLUDED         AIDE_Solution_Map.md  (sha256 f7260ab91b37)
  SKIPPED          AIDE_Board.html: matches exclude_files pattern "*_Board.html"
  SKIPPED          AIDE_Documentation_WIP_v29.md: matches exclude_files pattern "*_WIP_*"
  SKIPPED          AIDE_Orchestration_WIP_v1.md: matches exclude_files pattern "*_WIP_*"

[Assurance]
  INCLUDED         _index.md  (sha256 e931b42dcfcb)
  INCLUDED         AIDE_Assurance_Cases_Working_v1.md  (sha256 fa41200d451f)
  INCLUDED         Assurance_Decisions_v3.md  (sha256 da10aeeba9f4)
  INCLUDED         Assurance_Design_v3.md  (sha256 9590897a017b)
  INCLUDED         Assurance_Standard_v1.md  (sha256 16dcf04b00e1)

[Build]
  INCLUDED         _index.md  (sha256 9a75e5df84b4)
  INCLUDED         Build_Brief_v4.md  (sha256 d9717a0475c0)
  INCLUDED         Build_Decisions_v8.md  (sha256 f9a1ac65dfe3)
  INCLUDED         Build_Design_v8.md  (sha256 2987f32273f9)
  INCLUDED         Build_Overview_v6.md  (sha256 5fce6400bb23)

[Capabilities]
  INCLUDED         _index.md  (sha256 bd890d11e765)
  INCLUDED         Capabilities_Decisions_v1.md  (sha256 adc1abfe5e80)
  INCLUDED         Capabilities_Design_v1.md  (sha256 f193f9ea202d)
  INCLUDED         Capabilities_Development_Standard_v1.md  (sha256 06d2e93465de)

[Core]
  INCLUDED         _index.md  (sha256 218f4527af49)
  INCLUDED         Core_AIDEMap.md  (sha256 d88d37be296a)
  INCLUDED         Core_AIDEPrinciples_Decisions_v1.md  (sha256 ca6507a444f0)
  INCLUDED         Core_AIDEPrinciples_Design_v1.md  (sha256 92c4e46ff807)
  INCLUDED         Core_Brief_v2.md  (sha256 23d1f1d1f622)
  INCLUDED         Core_Charter_v1.md  (sha256 394294a3a789)
  INCLUDED         Core_Decisions_v1.md  (sha256 2545fa050c39)
  INCLUDED         Core_Design_v6.md  (sha256 38a6c2ece528)
  INCLUDED         Core_Structure_Decisions_v2.md  (sha256 036083c7b766)
  INCLUDED         Core_Structure_Design_v2.md  (sha256 44b721ff071a)
  INCLUDED         Core_Structure_Standard_v1.md  (sha256 947cc4265841)
  INCLUDED         Core_Tags_Working_v1.md  (sha256 111c793579dd)

[Documentation Methodology]
  INCLUDED         _index.md  (sha256 65236d98d709)
  INCLUDED         DocMeth_Brief_v1.md  (sha256 60c5cf3f5d79)
  INCLUDED         DocMeth_Decisions_v7.md  (sha256 15daf15e27ef)
  INCLUDED         DocMeth_Design_v6.md  (sha256 8b5d6a24a5d7)
  INCLUDED         DocMeth_Working_v9.md  (sha256 952a2287d1d0)
  INCLUDED         DocumentationMethodology_SchemaAuthoring_Standard_v1.md  (sha256 37a837a65cb3)
  INCLUDED         DocumentationMethodology_SchemaDefinitions_Standard_v1.md  (sha256 8098d9714c57)
  INCLUDED         DocumentationMethodology_Standard_v1.md  (sha256 8301aa2a0395)

[Infrastructure]
  INCLUDED         _index.md  (sha256 7732b7fca4c2)
  INCLUDED         AIDE_Infrastructure_MCPDeliveryModel_v2.md  (sha256 709be4952c6b)
  INCLUDED         Infrastructure_CLI_Decisions_v1.md  (sha256 a9ceaa12461f)
  INCLUDED         Infrastructure_CLI_Design_v1.md  (sha256 acbe170e16bb)
  INCLUDED         Infrastructure_Working_v1.md  (sha256 80a5dc6e19e8)

[Infrastructure\binder-builder]
  INCLUDED         binder_builder_Documentation_settings.json  (sha256 b9b89306305b)
  INCLUDED         BinderBuilder_Design_v10.md  (sha256 518121d99d79)
  INCLUDED         README.md  (sha256 9c905047ab5a)

[Infrastructure\document-management]
  INCLUDED         _index.md  (sha256 e726f0298d82)
  INCLUDED         DocumentManagement_Brief_v3.md  (sha256 b83c1b37690f)
  INCLUDED         DocumentManagement_Decisions_v5.md  (sha256 295cba7a2055)
  INCLUDED         DocumentManagement_Design_v5.md  (sha256 a08d511b743f)

[Infrastructure\file-update-package]
  INCLUDED         file_update_package_settings.json  (sha256 15617061295c)
  INCLUDED         FileUpdatePackage_Design_v2.md  (sha256 76a4c37c468f)
  INCLUDED         README.md  (sha256 747bc371ff85)

[Infrastructure\version-cleanup]
  INCLUDED         README.md  (sha256 307a43363adb)
  INCLUDED         version_cleanup_settings.json  (sha256 c17e9142e485)
  INCLUDED         VersionCleanup_Design_v3.md  (sha256 c672be61d03a)

[Messaging]
  INCLUDED         _index.md  (sha256 24b02a283278)
  INCLUDED         Messaging_Brief_v1.md  (sha256 c1687d821833)
  INCLUDED         Messaging_Decisions_v4.md  (sha256 c6a0f75cba95)
  INCLUDED         Messaging_Design_v4.md  (sha256 48b767e284b0)
  INCLUDED         Messaging_Standard_v4.md  (sha256 39a0045e2403)
  INCLUDED         Messaging_Tool_v4.md  (sha256 c0a40ad3383d)

[Orchestration]
  INCLUDED         _index.md  (sha256 d4bf32394bbd)
  INCLUDED         AIDE_Orchestration_Decisions_v5.md  (sha256 98d336117a70)
  INCLUDED         AIDE_Orchestration_Design_v5.md  (sha256 5cb84235137a)
  INCLUDED         AIDE_Orchestration_UseCases_v2.md  (sha256 5d4ecab3a53d)

[Principles]
  INCLUDED         _index.md  (sha256 a2b316acd172)
  INCLUDED         Principles_Decisions_v5.md  (sha256 386c2fc6d73d)
  INCLUDED         Principles_Design_v5.md  (sha256 2fb814c2c175)
  INCLUDED         Principles_Standard_v2.md  (sha256 a2c5cf6f320d)

[Project Design]
  INCLUDED         _index.md  (sha256 7ba2f75cfec1)
  INCLUDED         ProjectDesign_Decisions_v3.md  (sha256 8e6fee73bdf9)
  INCLUDED         ProjectDesign_Design_v3.md  (sha256 2c4f60adb4f9)
  INCLUDED         ProjectDesign_Schema_Standard_v1.md  (sha256 23316ba5d013)
  INCLUDED         ProjectDesign_Standard_v5.md  (sha256 c035df4e8b17)

[Services]
  INCLUDED         _index.md  (sha256 25403038fb3d)
  INCLUDED         Services_Decisions_v1.md  (sha256 4add787c397b)
  INCLUDED         Services_Design_v1.md  (sha256 099f9169e7e5)
  INCLUDED         Services_Development_Standard_v1.md  (sha256 35ef4111a46c)

[Standards]
  INCLUDED         _index.md  (sha256 09379ef5eb4d)
  INCLUDED         Standards_Consumption_Standard_v4.md  (sha256 ca90869a700a)
  INCLUDED         Standards_Decisions_v4.md  (sha256 38207b4e2082)
  INCLUDED         Standards_Design_v4.md  (sha256 7ec34b26fda5)
  INCLUDED         Standards_Development_Standard_v1.md  (sha256 a6cb9307261b)
  INCLUDED         Standards_Working_v1.md  (sha256 ba94a61fa3ca)

[Tools]
  INCLUDED         _index.md  (sha256 90e0fa4aa6b7)
  INCLUDED         Tools_Decisions_v7.md  (sha256 13ac6443f896)
  INCLUDED         Tools_Design_v7.md  (sha256 95e6c5cb4ac8)
  INCLUDED         Tools_Development_Standard_v1.md  (sha256 f7237092236d)

[Utilities]
  INCLUDED         _index.md  (sha256 cf88a5022544)
  INCLUDED         Utilities_Brief_v1.md  (sha256 e5eb37c9d2e8)
  INCLUDED         Utilities_Design_v1.md  (sha256 ef836fc45f08)
  INCLUDED         Utilities_Development_Standard_v1.md  (sha256 8cc6218e6ce9)

[Working Practices]
  INCLUDED         _index.md  (sha256 9f59ceebaaf4)
  INCLUDED         WorkingPractices_Standard_v2.md  (sha256 4819d41b184b)
  INCLUDED         WP_Brief_v2.md  (sha256 8033b884c2db)
  INCLUDED         WP_Capture_Working_v1.md  (sha256 c47c90767511)
  INCLUDED         WP_ContentDelivery_Working_v1.md  (sha256 388b8f4d4b72)
  INCLUDED         WP_Decisions_v4.md  (sha256 9957a8fb75f9)
  INCLUDED         WP_Design_v6.md  (sha256 da8923648608)
  INCLUDED         WP_WorkManagement_Working_v1.md  (sha256 122b3cd42cc8)

[Working Practices\Boards]
  INCLUDED         _index.md  (sha256 0ae0a05fb473)
  INCLUDED         WP_Boards_Decisions_v1.md  (sha256 33320d50ac48)
  INCLUDED         WP_Boards_Design_v1.md  (sha256 13384c9edecf)

[Working Practices\FileOps]
  INCLUDED         WP_FileOps_Working_v1.md  (sha256 6097d4250b37)

[_binder]
  DELETED          AIDE_Documentation_Binder_v136.md
  WRITTEN          AIDE_Documentation_Binder_v137.md  (117 files, 1233874 bytes)

[_rebuild]
  INCLUDED         AIDE_Component_PurposeLines_v2.md  (sha256 b1836489f28b)
  INCLUDED         AIDE_Rebuild_Guide_v1.md  (sha256 01ceb45e507b)
  INCLUDED         AIDE_Rebuild_Overview_v1.md  (sha256 5a65c44f5991)
  INCLUDED         AIDE_Rebuild_SettledDecisions_v1.md  (sha256 33593102e982)
  INCLUDED         Assurance_Brief_Sketch_v2.md  (sha256 1c61ea8c6846)
  INCLUDED         Build_Input_Working_v1.md  (sha256 1bb3513464e6)
  INCLUDED         deployment_plugin_working_v1.md  (sha256 87c99a1e5bf3)
  INCLUDED         ProjectDesign_Decisions_Pending_v1.md  (sha256 647aacf4c1ad)
  INCLUDED         ProjectDesign_Design_Pending_v1.md  (sha256 587bc4c6165f)
  INCLUDED         ProjectDesign_StandardInputs_Pending_v1.md  (sha256 710b74bb0958)
  INCLUDED         ProjectDesign_WorkRegister_Pending_v1.md  (sha256 638ebbfb6eef)
  INCLUDED         WP_Check1_Assessment_v1.md  (sha256 dba57b98ffda)
  INCLUDED         WP_CoreCarries_v2.md  (sha256 2f3ab75ce434)
  SKIPPED          AIDE_DesignApproach_WIP_v1.md: matches exclude_files pattern "*_WIP_*"
  SKIPPED          AIDE_Rebuild_WIP_v24.md: matches exclude_files pattern "*_WIP_*"

------------------------------------------------------------------------
Result: 117 included, 5 skipped, 1 written, 1 deleted
========================================================================

========================================================================
binder builder   2026-09-23 23:28:09   LIVE
binder:   AIDE_Documentation
root:     C:\Users\david\dev\repos\DigitalBusiness-AIDE\Documentation
settings: C:\Users\david\dev\repos\DigitalBusiness-AIDE\Documentation\_aide\utilities\binder-builder\binder_builder_AIDE_Documentation_settings.json
include:  ~/_rebuild
folders collected from: 23
change detection: AIDE_Documentation_Binder_v137.md: 2 added, 2 removed, 3 changed (Standards/Standards_Decisions_v5.md, Tools/Tools_Decisions_v8.md, Standards/Standards_Decisions_v4.md, and 4 more) - rebuilding
------------------------------------------------------------------------

[.]
  INCLUDED         _index.md  (sha256 173f40558b1b)
  INCLUDED         AIDE_Orchestration_Investigation_Findings.md  (sha256 33b558f610ab)
  INCLUDED         AIDE_Solution_Map.md  (sha256 f7260ab91b37)
  SKIPPED          AIDE_Board.html: matches exclude_files pattern "*_Board.html"
  SKIPPED          AIDE_Documentation_WIP_v29.md: matches exclude_files pattern "*_WIP_*"
  SKIPPED          AIDE_Orchestration_WIP_v1.md: matches exclude_files pattern "*_WIP_*"

[Assurance]
  INCLUDED         _index.md  (sha256 e931b42dcfcb)
  INCLUDED         AIDE_Assurance_Cases_Working_v1.md  (sha256 fa41200d451f)
  INCLUDED         Assurance_Decisions_v3.md  (sha256 da10aeeba9f4)
  INCLUDED         Assurance_Design_v3.md  (sha256 9590897a017b)
  INCLUDED         Assurance_Standard_v1.md  (sha256 16dcf04b00e1)

[Build]
  INCLUDED         _index.md  (sha256 9a75e5df84b4)
  INCLUDED         Build_Brief_v4.md  (sha256 d9717a0475c0)
  INCLUDED         Build_Decisions_v8.md  (sha256 f9a1ac65dfe3)
  INCLUDED         Build_Design_v8.md  (sha256 2987f32273f9)
  INCLUDED         Build_Overview_v6.md  (sha256 5fce6400bb23)

[Capabilities]
  INCLUDED         _index.md  (sha256 bd890d11e765)
  INCLUDED         Capabilities_Decisions_v1.md  (sha256 adc1abfe5e80)
  INCLUDED         Capabilities_Design_v1.md  (sha256 f193f9ea202d)
  INCLUDED         Capabilities_Development_Standard_v1.md  (sha256 06d2e93465de)

[Core]
  INCLUDED         _index.md  (sha256 218f4527af49)
  INCLUDED         Core_AIDEMap.md  (sha256 d88d37be296a)
  INCLUDED         Core_AIDEPrinciples_Decisions_v1.md  (sha256 ca6507a444f0)
  INCLUDED         Core_AIDEPrinciples_Design_v1.md  (sha256 92c4e46ff807)
  INCLUDED         Core_Brief_v2.md  (sha256 23d1f1d1f622)
  INCLUDED         Core_Charter_v1.md  (sha256 394294a3a789)
  INCLUDED         Core_Decisions_v1.md  (sha256 2545fa050c39)
  INCLUDED         Core_Design_v6.md  (sha256 38a6c2ece528)
  INCLUDED         Core_Structure_Decisions_v2.md  (sha256 036083c7b766)
  INCLUDED         Core_Structure_Design_v2.md  (sha256 44b721ff071a)
  INCLUDED         Core_Structure_Standard_v1.md  (sha256 947cc4265841)
  INCLUDED         Core_Tags_Working_v1.md  (sha256 111c793579dd)

[Documentation Methodology]
  INCLUDED         _index.md  (sha256 65236d98d709)
  INCLUDED         DocMeth_Brief_v1.md  (sha256 60c5cf3f5d79)
  INCLUDED         DocMeth_Decisions_v7.md  (sha256 15daf15e27ef)
  INCLUDED         DocMeth_Design_v6.md  (sha256 8b5d6a24a5d7)
  INCLUDED         DocMeth_Working_v9.md  (sha256 952a2287d1d0)
  INCLUDED         DocumentationMethodology_SchemaAuthoring_Standard_v1.md  (sha256 37a837a65cb3)
  INCLUDED         DocumentationMethodology_SchemaDefinitions_Standard_v1.md  (sha256 8098d9714c57)
  INCLUDED         DocumentationMethodology_Standard_v1.md  (sha256 8301aa2a0395)

[Infrastructure]
  INCLUDED         _index.md  (sha256 7732b7fca4c2)
  INCLUDED         AIDE_Infrastructure_MCPDeliveryModel_v2.md  (sha256 709be4952c6b)
  INCLUDED         Infrastructure_CLI_Decisions_v1.md  (sha256 a9ceaa12461f)
  INCLUDED         Infrastructure_CLI_Design_v1.md  (sha256 acbe170e16bb)
  INCLUDED         Infrastructure_Working_v1.md  (sha256 80a5dc6e19e8)

[Infrastructure\binder-builder]
  INCLUDED         binder_builder_Documentation_settings.json  (sha256 b9b89306305b)
  INCLUDED         BinderBuilder_Design_v10.md  (sha256 518121d99d79)
  INCLUDED         README.md  (sha256 9c905047ab5a)

[Infrastructure\document-management]
  INCLUDED         _index.md  (sha256 e726f0298d82)
  INCLUDED         DocumentManagement_Brief_v3.md  (sha256 b83c1b37690f)
  INCLUDED         DocumentManagement_Decisions_v5.md  (sha256 295cba7a2055)
  INCLUDED         DocumentManagement_Design_v5.md  (sha256 a08d511b743f)

[Infrastructure\file-update-package]
  INCLUDED         file_update_package_settings.json  (sha256 15617061295c)
  INCLUDED         FileUpdatePackage_Design_v2.md  (sha256 76a4c37c468f)
  INCLUDED         README.md  (sha256 747bc371ff85)

[Infrastructure\version-cleanup]
  INCLUDED         README.md  (sha256 307a43363adb)
  INCLUDED         version_cleanup_settings.json  (sha256 c17e9142e485)
  INCLUDED         VersionCleanup_Design_v3.md  (sha256 c672be61d03a)

[Messaging]
  INCLUDED         _index.md  (sha256 24b02a283278)
  INCLUDED         Messaging_Brief_v1.md  (sha256 c1687d821833)
  INCLUDED         Messaging_Decisions_v4.md  (sha256 c6a0f75cba95)
  INCLUDED         Messaging_Design_v4.md  (sha256 48b767e284b0)
  INCLUDED         Messaging_Standard_v4.md  (sha256 39a0045e2403)
  INCLUDED         Messaging_Tool_v4.md  (sha256 c0a40ad3383d)

[Orchestration]
  INCLUDED         _index.md  (sha256 d4bf32394bbd)
  INCLUDED         AIDE_Orchestration_Decisions_v5.md  (sha256 98d336117a70)
  INCLUDED         AIDE_Orchestration_Design_v5.md  (sha256 5cb84235137a)
  INCLUDED         AIDE_Orchestration_UseCases_v2.md  (sha256 5d4ecab3a53d)

[Principles]
  INCLUDED         _index.md  (sha256 a2b316acd172)
  INCLUDED         Principles_Decisions_v5.md  (sha256 386c2fc6d73d)
  INCLUDED         Principles_Design_v5.md  (sha256 2fb814c2c175)
  INCLUDED         Principles_Standard_v2.md  (sha256 a2c5cf6f320d)

[Project Design]
  INCLUDED         _index.md  (sha256 7ba2f75cfec1)
  INCLUDED         ProjectDesign_Decisions_v3.md  (sha256 8e6fee73bdf9)
  INCLUDED         ProjectDesign_Design_v3.md  (sha256 2c4f60adb4f9)
  INCLUDED         ProjectDesign_Schema_Standard_v1.md  (sha256 23316ba5d013)
  INCLUDED         ProjectDesign_Standard_v5.md  (sha256 c035df4e8b17)

[Services]
  INCLUDED         _index.md  (sha256 25403038fb3d)
  INCLUDED         Services_Decisions_v1.md  (sha256 4add787c397b)
  INCLUDED         Services_Design_v1.md  (sha256 099f9169e7e5)
  INCLUDED         Services_Development_Standard_v1.md  (sha256 35ef4111a46c)

[Standards]
  INCLUDED         _index.md  (sha256 09379ef5eb4d)
  INCLUDED         Standards_Consumption_Standard_v4.md  (sha256 ca90869a700a)
  INCLUDED         Standards_Decisions_v5.md  (sha256 14ac0acaf7b5)
  INCLUDED         Standards_Design_v4.md  (sha256 211bcf923b5b)
  INCLUDED         Standards_Development_Standard_v1.md  (sha256 d9ccf56c0704)
  INCLUDED         Standards_Working_v1.md  (sha256 ba94a61fa3ca)

[Tools]
  INCLUDED         _index.md  (sha256 90e0fa4aa6b7)
  INCLUDED         Tools_Decisions_v8.md  (sha256 fcedf2018de4)
  INCLUDED         Tools_Design_v7.md  (sha256 8c8495119561)
  INCLUDED         Tools_Development_Standard_v1.md  (sha256 f7237092236d)

[Utilities]
  INCLUDED         _index.md  (sha256 cf88a5022544)
  INCLUDED         Utilities_Brief_v1.md  (sha256 e5eb37c9d2e8)
  INCLUDED         Utilities_Design_v1.md  (sha256 ef836fc45f08)
  INCLUDED         Utilities_Development_Standard_v1.md  (sha256 8cc6218e6ce9)

[Working Practices]
  INCLUDED         _index.md  (sha256 9f59ceebaaf4)
  INCLUDED         WorkingPractices_Standard_v2.md  (sha256 4819d41b184b)
  INCLUDED         WP_Brief_v2.md  (sha256 8033b884c2db)
  INCLUDED         WP_Capture_Working_v1.md  (sha256 c47c90767511)
  INCLUDED         WP_ContentDelivery_Working_v1.md  (sha256 388b8f4d4b72)
  INCLUDED         WP_Decisions_v4.md  (sha256 9957a8fb75f9)
  INCLUDED         WP_Design_v6.md  (sha256 da8923648608)
  INCLUDED         WP_WorkManagement_Working_v1.md  (sha256 122b3cd42cc8)

[Working Practices\Boards]
  INCLUDED         _index.md  (sha256 0ae0a05fb473)
  INCLUDED         WP_Boards_Decisions_v1.md  (sha256 33320d50ac48)
  INCLUDED         WP_Boards_Design_v1.md  (sha256 13384c9edecf)

[Working Practices\FileOps]
  INCLUDED         WP_FileOps_Working_v1.md  (sha256 6097d4250b37)

[_binder]
  DELETED          AIDE_Documentation_Binder_v137.md
  WRITTEN          AIDE_Documentation_Binder_v138.md  (117 files, 1236397 bytes)

[_rebuild]
  INCLUDED         AIDE_Component_PurposeLines_v2.md  (sha256 b1836489f28b)
  INCLUDED         AIDE_Rebuild_Guide_v1.md  (sha256 01ceb45e507b)
  INCLUDED         AIDE_Rebuild_Overview_v1.md  (sha256 5a65c44f5991)
  INCLUDED         AIDE_Rebuild_SettledDecisions_v1.md  (sha256 33593102e982)
  INCLUDED         Assurance_Brief_Sketch_v2.md  (sha256 1c61ea8c6846)
  INCLUDED         Build_Input_Working_v1.md  (sha256 1bb3513464e6)
  INCLUDED         deployment_plugin_working_v1.md  (sha256 87c99a1e5bf3)
  INCLUDED         ProjectDesign_Decisions_Pending_v1.md  (sha256 647aacf4c1ad)
  INCLUDED         ProjectDesign_Design_Pending_v1.md  (sha256 587bc4c6165f)
  INCLUDED         ProjectDesign_StandardInputs_Pending_v1.md  (sha256 710b74bb0958)
  INCLUDED         ProjectDesign_WorkRegister_Pending_v1.md  (sha256 638ebbfb6eef)
  INCLUDED         WP_Check1_Assessment_v1.md  (sha256 dba57b98ffda)
  INCLUDED         WP_CoreCarries_v2.md  (sha256 2f3ab75ce434)
  SKIPPED          AIDE_DesignApproach_WIP_v1.md: matches exclude_files pattern "*_WIP_*"
  SKIPPED          AIDE_Rebuild_WIP_v24.md: matches exclude_files pattern "*_WIP_*"

------------------------------------------------------------------------
Result: 117 included, 5 skipped, 1 written, 1 deleted
========================================================================

========================================================================
binder builder   2026-09-23 23:32:53   LIVE
binder:   AIDE_Documentation
root:     C:\Users\david\dev\repos\DigitalBusiness-AIDE\Documentation
settings: C:\Users\david\dev\repos\DigitalBusiness-AIDE\Documentation\_aide\utilities\binder-builder\binder_builder_AIDE_Documentation_settings.json
include:  ~/_rebuild
folders collected from: 23
change detection: AIDE_Documentation_Binder_v138.md: 6 changed (Standards/Standards_Decisions_v5.md, Standards/Standards_Design_v4.md, Standards/Standards_Development_Standard_v1.md, and 3 more) - rebuilding
------------------------------------------------------------------------

[.]
  INCLUDED         _index.md  (sha256 173f40558b1b)
  INCLUDED         AIDE_Orchestration_Investigation_Findings.md  (sha256 33b558f610ab)
  INCLUDED         AIDE_Solution_Map.md  (sha256 f7260ab91b37)
  SKIPPED          AIDE_Board.html: matches exclude_files pattern "*_Board.html"
  SKIPPED          AIDE_Documentation_WIP_v29.md: matches exclude_files pattern "*_WIP_*"
  SKIPPED          AIDE_Orchestration_WIP_v1.md: matches exclude_files pattern "*_WIP_*"

[Assurance]
  INCLUDED         _index.md  (sha256 e931b42dcfcb)
  INCLUDED         AIDE_Assurance_Cases_Working_v1.md  (sha256 fa41200d451f)
  INCLUDED         Assurance_Decisions_v3.md  (sha256 da10aeeba9f4)
  INCLUDED         Assurance_Design_v3.md  (sha256 9590897a017b)
  INCLUDED         Assurance_Standard_v1.md  (sha256 16dcf04b00e1)

[Build]
  INCLUDED         _index.md  (sha256 9a75e5df84b4)
  INCLUDED         Build_Brief_v4.md  (sha256 d9717a0475c0)
  INCLUDED         Build_Decisions_v8.md  (sha256 f9a1ac65dfe3)
  INCLUDED         Build_Design_v8.md  (sha256 2987f32273f9)
  INCLUDED         Build_Overview_v6.md  (sha256 5fce6400bb23)

[Capabilities]
  INCLUDED         _index.md  (sha256 bd890d11e765)
  INCLUDED         Capabilities_Decisions_v1.md  (sha256 adc1abfe5e80)
  INCLUDED         Capabilities_Design_v1.md  (sha256 f193f9ea202d)
  INCLUDED         Capabilities_Development_Standard_v1.md  (sha256 06d2e93465de)

[Core]
  INCLUDED         _index.md  (sha256 218f4527af49)
  INCLUDED         Core_AIDEMap.md  (sha256 d88d37be296a)
  INCLUDED         Core_AIDEPrinciples_Decisions_v1.md  (sha256 ca6507a444f0)
  INCLUDED         Core_AIDEPrinciples_Design_v1.md  (sha256 92c4e46ff807)
  INCLUDED         Core_Brief_v2.md  (sha256 23d1f1d1f622)
  INCLUDED         Core_Charter_v1.md  (sha256 394294a3a789)
  INCLUDED         Core_Decisions_v1.md  (sha256 2545fa050c39)
  INCLUDED         Core_Design_v6.md  (sha256 38a6c2ece528)
  INCLUDED         Core_Structure_Decisions_v2.md  (sha256 036083c7b766)
  INCLUDED         Core_Structure_Design_v2.md  (sha256 44b721ff071a)
  INCLUDED         Core_Structure_Standard_v1.md  (sha256 947cc4265841)
  INCLUDED         Core_Tags_Working_v1.md  (sha256 111c793579dd)

[Documentation Methodology]
  INCLUDED         _index.md  (sha256 65236d98d709)
  INCLUDED         DocMeth_Brief_v1.md  (sha256 60c5cf3f5d79)
  INCLUDED         DocMeth_Decisions_v7.md  (sha256 15daf15e27ef)
  INCLUDED         DocMeth_Design_v6.md  (sha256 8b5d6a24a5d7)
  INCLUDED         DocMeth_Working_v9.md  (sha256 952a2287d1d0)
  INCLUDED         DocumentationMethodology_SchemaAuthoring_Standard_v1.md  (sha256 37a837a65cb3)
  INCLUDED         DocumentationMethodology_SchemaDefinitions_Standard_v1.md  (sha256 8098d9714c57)
  INCLUDED         DocumentationMethodology_Standard_v1.md  (sha256 8301aa2a0395)

[Infrastructure]
  INCLUDED         _index.md  (sha256 7732b7fca4c2)
  INCLUDED         AIDE_Infrastructure_MCPDeliveryModel_v2.md  (sha256 709be4952c6b)
  INCLUDED         Infrastructure_CLI_Decisions_v1.md  (sha256 a9ceaa12461f)
  INCLUDED         Infrastructure_CLI_Design_v1.md  (sha256 acbe170e16bb)
  INCLUDED         Infrastructure_Working_v1.md  (sha256 80a5dc6e19e8)

[Infrastructure\binder-builder]
  INCLUDED         binder_builder_Documentation_settings.json  (sha256 b9b89306305b)
  INCLUDED         BinderBuilder_Design_v10.md  (sha256 518121d99d79)
  INCLUDED         README.md  (sha256 9c905047ab5a)

[Infrastructure\document-management]
  INCLUDED         _index.md  (sha256 e726f0298d82)
  INCLUDED         DocumentManagement_Brief_v3.md  (sha256 b83c1b37690f)
  INCLUDED         DocumentManagement_Decisions_v5.md  (sha256 295cba7a2055)
  INCLUDED         DocumentManagement_Design_v5.md  (sha256 a08d511b743f)

[Infrastructure\file-update-package]
  INCLUDED         file_update_package_settings.json  (sha256 15617061295c)
  INCLUDED         FileUpdatePackage_Design_v2.md  (sha256 76a4c37c468f)
  INCLUDED         README.md  (sha256 747bc371ff85)

[Infrastructure\version-cleanup]
  INCLUDED         README.md  (sha256 307a43363adb)
  INCLUDED         version_cleanup_settings.json  (sha256 c17e9142e485)
  INCLUDED         VersionCleanup_Design_v3.md  (sha256 c672be61d03a)

[Messaging]
  INCLUDED         _index.md  (sha256 24b02a283278)
  INCLUDED         Messaging_Brief_v1.md  (sha256 c1687d821833)
  INCLUDED         Messaging_Decisions_v4.md  (sha256 c6a0f75cba95)
  INCLUDED         Messaging_Design_v4.md  (sha256 48b767e284b0)
  INCLUDED         Messaging_Standard_v4.md  (sha256 39a0045e2403)
  INCLUDED         Messaging_Tool_v4.md  (sha256 c0a40ad3383d)

[Orchestration]
  INCLUDED         _index.md  (sha256 d4bf32394bbd)
  INCLUDED         AIDE_Orchestration_Decisions_v5.md  (sha256 98d336117a70)
  INCLUDED         AIDE_Orchestration_Design_v5.md  (sha256 5cb84235137a)
  INCLUDED         AIDE_Orchestration_UseCases_v2.md  (sha256 5d4ecab3a53d)

[Principles]
  INCLUDED         _index.md  (sha256 a2b316acd172)
  INCLUDED         Principles_Decisions_v5.md  (sha256 386c2fc6d73d)
  INCLUDED         Principles_Design_v5.md  (sha256 2fb814c2c175)
  INCLUDED         Principles_Standard_v2.md  (sha256 a2c5cf6f320d)

[Project Design]
  INCLUDED         _index.md  (sha256 7ba2f75cfec1)
  INCLUDED         ProjectDesign_Decisions_v3.md  (sha256 8e6fee73bdf9)
  INCLUDED         ProjectDesign_Design_v3.md  (sha256 2c4f60adb4f9)
  INCLUDED         ProjectDesign_Schema_Standard_v1.md  (sha256 23316ba5d013)
  INCLUDED         ProjectDesign_Standard_v5.md  (sha256 c035df4e8b17)

[Services]
  INCLUDED         _index.md  (sha256 25403038fb3d)
  INCLUDED         Services_Decisions_v1.md  (sha256 4add787c397b)
  INCLUDED         Services_Design_v1.md  (sha256 099f9169e7e5)
  INCLUDED         Services_Development_Standard_v1.md  (sha256 35ef4111a46c)

[Standards]
  INCLUDED         _index.md  (sha256 09379ef5eb4d)
  INCLUDED         Standards_Consumption_Standard_v4.md  (sha256 ca90869a700a)
  INCLUDED         Standards_Decisions_v5.md  (sha256 68051c7bb4e0)
  INCLUDED         Standards_Design_v4.md  (sha256 c3b26eb8e13d)
  INCLUDED         Standards_Development_Standard_v1.md  (sha256 fb221a00a231)
  INCLUDED         Standards_Working_v1.md  (sha256 ba94a61fa3ca)

[Tools]
  INCLUDED         _index.md  (sha256 90e0fa4aa6b7)
  INCLUDED         Tools_Decisions_v8.md  (sha256 844a6dee8fdf)
  INCLUDED         Tools_Design_v7.md  (sha256 ae69c6a5fb3d)
  INCLUDED         Tools_Development_Standard_v1.md  (sha256 93eef2cb73e5)

[Utilities]
  INCLUDED         _index.md  (sha256 cf88a5022544)
  INCLUDED         Utilities_Brief_v1.md  (sha256 e5eb37c9d2e8)
  INCLUDED         Utilities_Design_v1.md  (sha256 ef836fc45f08)
  INCLUDED         Utilities_Development_Standard_v1.md  (sha256 8cc6218e6ce9)

[Working Practices]
  INCLUDED         _index.md  (sha256 9f59ceebaaf4)
  INCLUDED         WorkingPractices_Standard_v2.md  (sha256 4819d41b184b)
  INCLUDED         WP_Brief_v2.md  (sha256 8033b884c2db)
  INCLUDED         WP_Capture_Working_v1.md  (sha256 c47c90767511)
  INCLUDED         WP_ContentDelivery_Working_v1.md  (sha256 388b8f4d4b72)
  INCLUDED         WP_Decisions_v4.md  (sha256 9957a8fb75f9)
  INCLUDED         WP_Design_v6.md  (sha256 da8923648608)
  INCLUDED         WP_WorkManagement_Working_v1.md  (sha256 122b3cd42cc8)

[Working Practices\Boards]
  INCLUDED         _index.md  (sha256 0ae0a05fb473)
  INCLUDED         WP_Boards_Decisions_v1.md  (sha256 33320d50ac48)
  INCLUDED         WP_Boards_Design_v1.md  (sha256 13384c9edecf)

[Working Practices\FileOps]
  INCLUDED         WP_FileOps_Working_v1.md  (sha256 6097d4250b37)

[_binder]
  DELETED          AIDE_Documentation_Binder_v138.md
  WRITTEN          AIDE_Documentation_Binder_v139.md  (117 files, 1249888 bytes)

[_rebuild]
  INCLUDED         AIDE_Component_PurposeLines_v2.md  (sha256 b1836489f28b)
  INCLUDED         AIDE_Rebuild_Guide_v1.md  (sha256 01ceb45e507b)
  INCLUDED         AIDE_Rebuild_Overview_v1.md  (sha256 5a65c44f5991)
  INCLUDED         AIDE_Rebuild_SettledDecisions_v1.md  (sha256 33593102e982)
  INCLUDED         Assurance_Brief_Sketch_v2.md  (sha256 1c61ea8c6846)
  INCLUDED         Build_Input_Working_v1.md  (sha256 1bb3513464e6)
  INCLUDED         deployment_plugin_working_v1.md  (sha256 87c99a1e5bf3)
  INCLUDED         ProjectDesign_Decisions_Pending_v1.md  (sha256 647aacf4c1ad)
  INCLUDED         ProjectDesign_Design_Pending_v1.md  (sha256 587bc4c6165f)
  INCLUDED         ProjectDesign_StandardInputs_Pending_v1.md  (sha256 710b74bb0958)
  INCLUDED         ProjectDesign_WorkRegister_Pending_v1.md  (sha256 638ebbfb6eef)
  INCLUDED         WP_Check1_Assessment_v1.md  (sha256 dba57b98ffda)
  INCLUDED         WP_CoreCarries_v2.md  (sha256 2f3ab75ce434)
  SKIPPED          AIDE_DesignApproach_WIP_v1.md: matches exclude_files pattern "*_WIP_*"
  SKIPPED          AIDE_Rebuild_WIP_v24.md: matches exclude_files pattern "*_WIP_*"

------------------------------------------------------------------------
Result: 117 included, 5 skipped, 1 written, 1 deleted
========================================================================

========================================================================
binder builder   2026-09-23 23:35:22   LIVE
binder:   AIDE_Documentation
root:     C:\Users\david\dev\repos\DigitalBusiness-AIDE\Documentation
settings: C:\Users\david\dev\repos\DigitalBusiness-AIDE\Documentation\_aide\utilities\binder-builder\binder_builder_AIDE_Documentation_settings.json
include:  ~/_rebuild
folders collected from: 23
change detection: AIDE_Documentation_Binder_v139.md: 3 changed (Standards/Standards_Design_v4.md, Standards/_index.md, Tools/_index.md) - rebuilding
------------------------------------------------------------------------

[.]
  INCLUDED         _index.md  (sha256 173f40558b1b)
  INCLUDED         AIDE_Orchestration_Investigation_Findings.md  (sha256 33b558f610ab)
  INCLUDED         AIDE_Solution_Map.md  (sha256 f7260ab91b37)
  SKIPPED          AIDE_Board.html: matches exclude_files pattern "*_Board.html"
  SKIPPED          AIDE_Documentation_WIP_v29.md: matches exclude_files pattern "*_WIP_*"
  SKIPPED          AIDE_Orchestration_WIP_v1.md: matches exclude_files pattern "*_WIP_*"

[Assurance]
  INCLUDED         _index.md  (sha256 e931b42dcfcb)
  INCLUDED         AIDE_Assurance_Cases_Working_v1.md  (sha256 fa41200d451f)
  INCLUDED         Assurance_Decisions_v3.md  (sha256 da10aeeba9f4)
  INCLUDED         Assurance_Design_v3.md  (sha256 9590897a017b)
  INCLUDED         Assurance_Standard_v1.md  (sha256 16dcf04b00e1)

[Build]
  INCLUDED         _index.md  (sha256 9a75e5df84b4)
  INCLUDED         Build_Brief_v4.md  (sha256 d9717a0475c0)
  INCLUDED         Build_Decisions_v8.md  (sha256 f9a1ac65dfe3)
  INCLUDED         Build_Design_v8.md  (sha256 2987f32273f9)
  INCLUDED         Build_Overview_v6.md  (sha256 5fce6400bb23)

[Capabilities]
  INCLUDED         _index.md  (sha256 bd890d11e765)
  INCLUDED         Capabilities_Decisions_v1.md  (sha256 adc1abfe5e80)
  INCLUDED         Capabilities_Design_v1.md  (sha256 f193f9ea202d)
  INCLUDED         Capabilities_Development_Standard_v1.md  (sha256 06d2e93465de)

[Core]
  INCLUDED         _index.md  (sha256 218f4527af49)
  INCLUDED         Core_AIDEMap.md  (sha256 d88d37be296a)
  INCLUDED         Core_AIDEPrinciples_Decisions_v1.md  (sha256 ca6507a444f0)
  INCLUDED         Core_AIDEPrinciples_Design_v1.md  (sha256 92c4e46ff807)
  INCLUDED         Core_Brief_v2.md  (sha256 23d1f1d1f622)
  INCLUDED         Core_Charter_v1.md  (sha256 394294a3a789)
  INCLUDED         Core_Decisions_v1.md  (sha256 2545fa050c39)
  INCLUDED         Core_Design_v6.md  (sha256 38a6c2ece528)
  INCLUDED         Core_Structure_Decisions_v2.md  (sha256 036083c7b766)
  INCLUDED         Core_Structure_Design_v2.md  (sha256 44b721ff071a)
  INCLUDED         Core_Structure_Standard_v1.md  (sha256 947cc4265841)
  INCLUDED         Core_Tags_Working_v1.md  (sha256 111c793579dd)

[Documentation Methodology]
  INCLUDED         _index.md  (sha256 65236d98d709)
  INCLUDED         DocMeth_Brief_v1.md  (sha256 60c5cf3f5d79)
  INCLUDED         DocMeth_Decisions_v7.md  (sha256 15daf15e27ef)
  INCLUDED         DocMeth_Design_v6.md  (sha256 8b5d6a24a5d7)
  INCLUDED         DocMeth_Working_v9.md  (sha256 952a2287d1d0)
  INCLUDED         DocumentationMethodology_SchemaAuthoring_Standard_v1.md  (sha256 37a837a65cb3)
  INCLUDED         DocumentationMethodology_SchemaDefinitions_Standard_v1.md  (sha256 8098d9714c57)
  INCLUDED         DocumentationMethodology_Standard_v1.md  (sha256 8301aa2a0395)

[Infrastructure]
  INCLUDED         _index.md  (sha256 7732b7fca4c2)
  INCLUDED         AIDE_Infrastructure_MCPDeliveryModel_v2.md  (sha256 709be4952c6b)
  INCLUDED         Infrastructure_CLI_Decisions_v1.md  (sha256 a9ceaa12461f)
  INCLUDED         Infrastructure_CLI_Design_v1.md  (sha256 acbe170e16bb)
  INCLUDED         Infrastructure_Working_v1.md  (sha256 80a5dc6e19e8)

[Infrastructure\binder-builder]
  INCLUDED         binder_builder_Documentation_settings.json  (sha256 b9b89306305b)
  INCLUDED         BinderBuilder_Design_v10.md  (sha256 518121d99d79)
  INCLUDED         README.md  (sha256 9c905047ab5a)

[Infrastructure\document-management]
  INCLUDED         _index.md  (sha256 e726f0298d82)
  INCLUDED         DocumentManagement_Brief_v3.md  (sha256 b83c1b37690f)
  INCLUDED         DocumentManagement_Decisions_v5.md  (sha256 295cba7a2055)
  INCLUDED         DocumentManagement_Design_v5.md  (sha256 a08d511b743f)

[Infrastructure\file-update-package]
  INCLUDED         file_update_package_settings.json  (sha256 15617061295c)
  INCLUDED         FileUpdatePackage_Design_v2.md  (sha256 76a4c37c468f)
  INCLUDED         README.md  (sha256 747bc371ff85)

[Infrastructure\version-cleanup]
  INCLUDED         README.md  (sha256 307a43363adb)
  INCLUDED         version_cleanup_settings.json  (sha256 c17e9142e485)
  INCLUDED         VersionCleanup_Design_v3.md  (sha256 c672be61d03a)

[Messaging]
  INCLUDED         _index.md  (sha256 24b02a283278)
  INCLUDED         Messaging_Brief_v1.md  (sha256 c1687d821833)
  INCLUDED         Messaging_Decisions_v4.md  (sha256 c6a0f75cba95)
  INCLUDED         Messaging_Design_v4.md  (sha256 48b767e284b0)
  INCLUDED         Messaging_Standard_v4.md  (sha256 39a0045e2403)
  INCLUDED         Messaging_Tool_v4.md  (sha256 c0a40ad3383d)

[Orchestration]
  INCLUDED         _index.md  (sha256 d4bf32394bbd)
  INCLUDED         AIDE_Orchestration_Decisions_v5.md  (sha256 98d336117a70)
  INCLUDED         AIDE_Orchestration_Design_v5.md  (sha256 5cb84235137a)
  INCLUDED         AIDE_Orchestration_UseCases_v2.md  (sha256 5d4ecab3a53d)

[Principles]
  INCLUDED         _index.md  (sha256 a2b316acd172)
  INCLUDED         Principles_Decisions_v5.md  (sha256 386c2fc6d73d)
  INCLUDED         Principles_Design_v5.md  (sha256 2fb814c2c175)
  INCLUDED         Principles_Standard_v2.md  (sha256 a2c5cf6f320d)

[Project Design]
  INCLUDED         _index.md  (sha256 7ba2f75cfec1)
  INCLUDED         ProjectDesign_Decisions_v3.md  (sha256 8e6fee73bdf9)
  INCLUDED         ProjectDesign_Design_v3.md  (sha256 2c4f60adb4f9)
  INCLUDED         ProjectDesign_Schema_Standard_v1.md  (sha256 23316ba5d013)
  INCLUDED         ProjectDesign_Standard_v5.md  (sha256 c035df4e8b17)

[Services]
  INCLUDED         _index.md  (sha256 25403038fb3d)
  INCLUDED         Services_Decisions_v1.md  (sha256 4add787c397b)
  INCLUDED         Services_Design_v1.md  (sha256 099f9169e7e5)
  INCLUDED         Services_Development_Standard_v1.md  (sha256 35ef4111a46c)

[Standards]
  INCLUDED         _index.md  (sha256 04a94d82fe00)
  INCLUDED         Standards_Consumption_Standard_v4.md  (sha256 ca90869a700a)
  INCLUDED         Standards_Decisions_v5.md  (sha256 68051c7bb4e0)
  INCLUDED         Standards_Design_v4.md  (sha256 667a8ff68010)
  INCLUDED         Standards_Development_Standard_v1.md  (sha256 fb221a00a231)
  INCLUDED         Standards_Working_v1.md  (sha256 ba94a61fa3ca)

[Tools]
  INCLUDED         _index.md  (sha256 81f4544dcee5)
  INCLUDED         Tools_Decisions_v8.md  (sha256 844a6dee8fdf)
  INCLUDED         Tools_Design_v7.md  (sha256 ae69c6a5fb3d)
  INCLUDED         Tools_Development_Standard_v1.md  (sha256 93eef2cb73e5)

[Utilities]
  INCLUDED         _index.md  (sha256 cf88a5022544)
  INCLUDED         Utilities_Brief_v1.md  (sha256 e5eb37c9d2e8)
  INCLUDED         Utilities_Design_v1.md  (sha256 ef836fc45f08)
  INCLUDED         Utilities_Development_Standard_v1.md  (sha256 8cc6218e6ce9)

[Working Practices]
  INCLUDED         _index.md  (sha256 9f59ceebaaf4)
  INCLUDED         WorkingPractices_Standard_v2.md  (sha256 4819d41b184b)
  INCLUDED         WP_Brief_v2.md  (sha256 8033b884c2db)
  INCLUDED         WP_Capture_Working_v1.md  (sha256 c47c90767511)
  INCLUDED         WP_ContentDelivery_Working_v1.md  (sha256 388b8f4d4b72)
  INCLUDED         WP_Decisions_v4.md  (sha256 9957a8fb75f9)
  INCLUDED         WP_Design_v6.md  (sha256 da8923648608)
  INCLUDED         WP_WorkManagement_Working_v1.md  (sha256 122b3cd42cc8)

[Working Practices\Boards]
  INCLUDED         _index.md  (sha256 0ae0a05fb473)
  INCLUDED         WP_Boards_Decisions_v1.md  (sha256 33320d50ac48)
  INCLUDED         WP_Boards_Design_v1.md  (sha256 13384c9edecf)

[Working Practices\FileOps]
  INCLUDED         WP_FileOps_Working_v1.md  (sha256 6097d4250b37)

[_binder]
  DELETED          AIDE_Documentation_Binder_v139.md
  WRITTEN          AIDE_Documentation_Binder_v140.md  (117 files, 1251828 bytes)

[_rebuild]
  INCLUDED         AIDE_Component_PurposeLines_v2.md  (sha256 b1836489f28b)
  INCLUDED         AIDE_Rebuild_Guide_v1.md  (sha256 01ceb45e507b)
  INCLUDED         AIDE_Rebuild_Overview_v1.md  (sha256 5a65c44f5991)
  INCLUDED         AIDE_Rebuild_SettledDecisions_v1.md  (sha256 33593102e982)
  INCLUDED         Assurance_Brief_Sketch_v2.md  (sha256 1c61ea8c6846)
  INCLUDED         Build_Input_Working_v1.md  (sha256 1bb3513464e6)
  INCLUDED         deployment_plugin_working_v1.md  (sha256 87c99a1e5bf3)
  INCLUDED         ProjectDesign_Decisions_Pending_v1.md  (sha256 647aacf4c1ad)
  INCLUDED         ProjectDesign_Design_Pending_v1.md  (sha256 587bc4c6165f)
  INCLUDED         ProjectDesign_StandardInputs_Pending_v1.md  (sha256 710b74bb0958)
  INCLUDED         ProjectDesign_WorkRegister_Pending_v1.md  (sha256 638ebbfb6eef)
  INCLUDED         WP_Check1_Assessment_v1.md  (sha256 dba57b98ffda)
  INCLUDED         WP_CoreCarries_v2.md  (sha256 2f3ab75ce434)
  SKIPPED          AIDE_DesignApproach_WIP_v1.md: matches exclude_files pattern "*_WIP_*"
  SKIPPED          AIDE_Rebuild_WIP_v24.md: matches exclude_files pattern "*_WIP_*"

------------------------------------------------------------------------
Result: 117 included, 5 skipped, 1 written, 1 deleted
========================================================================

========================================================================
binder builder   2026-09-23 23:40:28   LIVE
binder:   AIDE_Documentation
root:     C:\Users\david\dev\repos\DigitalBusiness-AIDE\Documentation
settings: C:\Users\david\dev\repos\DigitalBusiness-AIDE\Documentation\_aide\utilities\binder-builder\binder_builder_AIDE_Documentation_settings.json
include:  ~/_rebuild
folders collected from: 23
change detection: AIDE_Documentation_Binder_v140.md: 6 added, 5 removed, 4 changed (Capabilities/Capabilities_Decisions_v2.md, Capabilities/Capabilities_Design_v2.md, Services/Services_Decisions_v2.md, and 12 more) - rebuilding
------------------------------------------------------------------------

[.]
  INCLUDED         _index.md  (sha256 173f40558b1b)
  INCLUDED         AIDE_Orchestration_Investigation_Findings.md  (sha256 33b558f610ab)
  INCLUDED         AIDE_Solution_Map.md  (sha256 f7260ab91b37)
  SKIPPED          AIDE_Board.html: matches exclude_files pattern "*_Board.html"
  SKIPPED          AIDE_Documentation_WIP_v29.md: matches exclude_files pattern "*_WIP_*"
  SKIPPED          AIDE_Orchestration_WIP_v1.md: matches exclude_files pattern "*_WIP_*"

[Assurance]
  INCLUDED         _index.md  (sha256 e931b42dcfcb)
  INCLUDED         AIDE_Assurance_Cases_Working_v1.md  (sha256 fa41200d451f)
  INCLUDED         Assurance_Decisions_v3.md  (sha256 da10aeeba9f4)
  INCLUDED         Assurance_Design_v3.md  (sha256 9590897a017b)
  INCLUDED         Assurance_Standard_v1.md  (sha256 16dcf04b00e1)

[Build]
  INCLUDED         _index.md  (sha256 9a75e5df84b4)
  INCLUDED         Build_Brief_v4.md  (sha256 d9717a0475c0)
  INCLUDED         Build_Decisions_v8.md  (sha256 f9a1ac65dfe3)
  INCLUDED         Build_Design_v8.md  (sha256 2987f32273f9)
  INCLUDED         Build_Overview_v6.md  (sha256 5fce6400bb23)

[Capabilities]
  INCLUDED         _index.md  (sha256 bd890d11e765)
  INCLUDED         Capabilities_Decisions_v2.md  (sha256 14c968bcd986)
  INCLUDED         Capabilities_Design_v2.md  (sha256 5137e272dcf1)
  INCLUDED         Capabilities_Development_Standard_v1.md  (sha256 27376840692d)

[Core]
  INCLUDED         _index.md  (sha256 218f4527af49)
  INCLUDED         Core_AIDEMap.md  (sha256 d88d37be296a)
  INCLUDED         Core_AIDEPrinciples_Decisions_v1.md  (sha256 ca6507a444f0)
  INCLUDED         Core_AIDEPrinciples_Design_v1.md  (sha256 92c4e46ff807)
  INCLUDED         Core_Brief_v2.md  (sha256 23d1f1d1f622)
  INCLUDED         Core_Charter_v1.md  (sha256 394294a3a789)
  INCLUDED         Core_Decisions_v1.md  (sha256 2545fa050c39)
  INCLUDED         Core_Design_v6.md  (sha256 38a6c2ece528)
  INCLUDED         Core_Structure_Decisions_v2.md  (sha256 036083c7b766)
  INCLUDED         Core_Structure_Design_v2.md  (sha256 44b721ff071a)
  INCLUDED         Core_Structure_Standard_v1.md  (sha256 947cc4265841)
  INCLUDED         Core_Tags_Working_v1.md  (sha256 111c793579dd)

[Documentation Methodology]
  INCLUDED         _index.md  (sha256 65236d98d709)
  INCLUDED         DocMeth_Brief_v1.md  (sha256 60c5cf3f5d79)
  INCLUDED         DocMeth_Decisions_v7.md  (sha256 15daf15e27ef)
  INCLUDED         DocMeth_Design_v6.md  (sha256 8b5d6a24a5d7)
  INCLUDED         DocMeth_Working_v9.md  (sha256 952a2287d1d0)
  INCLUDED         DocumentationMethodology_SchemaAuthoring_Standard_v1.md  (sha256 37a837a65cb3)
  INCLUDED         DocumentationMethodology_SchemaDefinitions_Standard_v1.md  (sha256 8098d9714c57)
  INCLUDED         DocumentationMethodology_Standard_v1.md  (sha256 8301aa2a0395)

[Infrastructure]
  INCLUDED         _index.md  (sha256 7732b7fca4c2)
  INCLUDED         AIDE_Infrastructure_MCPDeliveryModel_v2.md  (sha256 709be4952c6b)
  INCLUDED         Infrastructure_CLI_Decisions_v1.md  (sha256 a9ceaa12461f)
  INCLUDED         Infrastructure_CLI_Design_v1.md  (sha256 acbe170e16bb)
  INCLUDED         Infrastructure_Working_v1.md  (sha256 80a5dc6e19e8)

[Infrastructure\binder-builder]
  INCLUDED         binder_builder_Documentation_settings.json  (sha256 b9b89306305b)
  INCLUDED         BinderBuilder_Design_v10.md  (sha256 518121d99d79)
  INCLUDED         README.md  (sha256 9c905047ab5a)

[Infrastructure\document-management]
  INCLUDED         _index.md  (sha256 e726f0298d82)
  INCLUDED         DocumentManagement_Brief_v3.md  (sha256 b83c1b37690f)
  INCLUDED         DocumentManagement_Decisions_v5.md  (sha256 295cba7a2055)
  INCLUDED         DocumentManagement_Design_v5.md  (sha256 a08d511b743f)

[Infrastructure\file-update-package]
  INCLUDED         file_update_package_settings.json  (sha256 15617061295c)
  INCLUDED         FileUpdatePackage_Design_v2.md  (sha256 76a4c37c468f)
  INCLUDED         README.md  (sha256 747bc371ff85)

[Infrastructure\version-cleanup]
  INCLUDED         README.md  (sha256 307a43363adb)
  INCLUDED         version_cleanup_settings.json  (sha256 c17e9142e485)
  INCLUDED         VersionCleanup_Design_v3.md  (sha256 c672be61d03a)

[Messaging]
  INCLUDED         _index.md  (sha256 24b02a283278)
  INCLUDED         Messaging_Brief_v1.md  (sha256 c1687d821833)
  INCLUDED         Messaging_Decisions_v4.md  (sha256 c6a0f75cba95)
  INCLUDED         Messaging_Design_v4.md  (sha256 48b767e284b0)
  INCLUDED         Messaging_Standard_v4.md  (sha256 39a0045e2403)
  INCLUDED         Messaging_Tool_v4.md  (sha256 c0a40ad3383d)

[Orchestration]
  INCLUDED         _index.md  (sha256 d4bf32394bbd)
  INCLUDED         AIDE_Orchestration_Decisions_v5.md  (sha256 98d336117a70)
  INCLUDED         AIDE_Orchestration_Design_v5.md  (sha256 5cb84235137a)
  INCLUDED         AIDE_Orchestration_UseCases_v2.md  (sha256 5d4ecab3a53d)

[Principles]
  INCLUDED         _index.md  (sha256 a2b316acd172)
  INCLUDED         Principles_Decisions_v5.md  (sha256 386c2fc6d73d)
  INCLUDED         Principles_Design_v5.md  (sha256 2fb814c2c175)
  INCLUDED         Principles_Standard_v2.md  (sha256 a2c5cf6f320d)

[Project Design]
  INCLUDED         _index.md  (sha256 7ba2f75cfec1)
  INCLUDED         ProjectDesign_Decisions_v3.md  (sha256 8e6fee73bdf9)
  INCLUDED         ProjectDesign_Design_v3.md  (sha256 2c4f60adb4f9)
  INCLUDED         ProjectDesign_Schema_Standard_v1.md  (sha256 23316ba5d013)
  INCLUDED         ProjectDesign_Standard_v5.md  (sha256 c035df4e8b17)

[Services]
  INCLUDED         _index.md  (sha256 25403038fb3d)
  INCLUDED         Services_Decisions_v2.md  (sha256 02bca03326d4)
  INCLUDED         Services_Design_v2.md  (sha256 49e4dbb8fcae)
  INCLUDED         Services_Development_Standard_v1.md  (sha256 d28d3bad001f)

[Standards]
  INCLUDED         _index.md  (sha256 04a94d82fe00)
  INCLUDED         Standards_Consumption_Standard_v4.md  (sha256 ca90869a700a)
  INCLUDED         Standards_Decisions_v5.md  (sha256 68051c7bb4e0)
  INCLUDED         Standards_Design_v4.md  (sha256 667a8ff68010)
  INCLUDED         Standards_Development_Standard_v1.md  (sha256 fb221a00a231)
  INCLUDED         Standards_Working_v1.md  (sha256 ba94a61fa3ca)

[Tools]
  INCLUDED         _index.md  (sha256 81f4544dcee5)
  INCLUDED         Tools_Decisions_v8.md  (sha256 844a6dee8fdf)
  INCLUDED         Tools_Design_v7.md  (sha256 ae69c6a5fb3d)
  INCLUDED         Tools_Development_Standard_v1.md  (sha256 93eef2cb73e5)

[Utilities]
  INCLUDED         _index.md  (sha256 cf88a5022544)
  INCLUDED         Utilities_Brief_v1.md  (sha256 400d07b676f2)
  INCLUDED         Utilities_Decisions_v1.md  (sha256 726d6d4a2b3e)
  INCLUDED         Utilities_Design_v2.md  (sha256 3f730c173c38)
  INCLUDED         Utilities_Development_Standard_v1.md  (sha256 a4baf5149886)

[Working Practices]
  INCLUDED         _index.md  (sha256 9f59ceebaaf4)
  INCLUDED         WorkingPractices_Standard_v2.md  (sha256 4819d41b184b)
  INCLUDED         WP_Brief_v2.md  (sha256 8033b884c2db)
  INCLUDED         WP_Capture_Working_v1.md  (sha256 c47c90767511)
  INCLUDED         WP_ContentDelivery_Working_v1.md  (sha256 388b8f4d4b72)
  INCLUDED         WP_Decisions_v4.md  (sha256 9957a8fb75f9)
  INCLUDED         WP_Design_v6.md  (sha256 da8923648608)
  INCLUDED         WP_WorkManagement_Working_v1.md  (sha256 122b3cd42cc8)

[Working Practices\Boards]
  INCLUDED         _index.md  (sha256 0ae0a05fb473)
  INCLUDED         WP_Boards_Decisions_v1.md  (sha256 33320d50ac48)
  INCLUDED         WP_Boards_Design_v1.md  (sha256 13384c9edecf)

[Working Practices\FileOps]
  INCLUDED         WP_FileOps_Working_v1.md  (sha256 6097d4250b37)

[_binder]
  DELETED          AIDE_Documentation_Binder_v140.md
  WRITTEN          AIDE_Documentation_Binder_v141.md  (118 files, 1274735 bytes)

[_rebuild]
  INCLUDED         AIDE_Component_PurposeLines_v2.md  (sha256 b1836489f28b)
  INCLUDED         AIDE_Rebuild_Guide_v1.md  (sha256 01ceb45e507b)
  INCLUDED         AIDE_Rebuild_Overview_v1.md  (sha256 5a65c44f5991)
  INCLUDED         AIDE_Rebuild_SettledDecisions_v1.md  (sha256 33593102e982)
  INCLUDED         Assurance_Brief_Sketch_v2.md  (sha256 1c61ea8c6846)
  INCLUDED         Build_Input_Working_v1.md  (sha256 1bb3513464e6)
  INCLUDED         deployment_plugin_working_v1.md  (sha256 87c99a1e5bf3)
  INCLUDED         ProjectDesign_Decisions_Pending_v1.md  (sha256 647aacf4c1ad)
  INCLUDED         ProjectDesign_Design_Pending_v1.md  (sha256 587bc4c6165f)
  INCLUDED         ProjectDesign_StandardInputs_Pending_v1.md  (sha256 710b74bb0958)
  INCLUDED         ProjectDesign_WorkRegister_Pending_v1.md  (sha256 638ebbfb6eef)
  INCLUDED         WP_Check1_Assessment_v1.md  (sha256 dba57b98ffda)
  INCLUDED         WP_CoreCarries_v2.md  (sha256 2f3ab75ce434)
  SKIPPED          AIDE_DesignApproach_WIP_v1.md: matches exclude_files pattern "*_WIP_*"
  SKIPPED          AIDE_Rebuild_WIP_v24.md: matches exclude_files pattern "*_WIP_*"

------------------------------------------------------------------------
Result: 118 included, 5 skipped, 1 written, 1 deleted
========================================================================

========================================================================
binder builder   2026-09-24 07:55:42   LIVE
binder:   AIDE_Documentation
root:     C:\Users\david\dev\repos\DigitalBusiness-AIDE\Documentation
settings: C:\Users\david\dev\repos\DigitalBusiness-AIDE\Documentation\_aide\utilities\binder-builder\binder_builder_AIDE_Documentation_settings.json
include:  ~/_rebuild
folders collected from: 23
change detection: AIDE_Documentation_Binder_v141.md: 16 added, 16 removed, 1 changed (Capabilities/Capabilities_Decisions_v3.md, Capabilities/Capabilities_Design_v3.md, Capabilities/Capabilities_Development_Standard_v2.md, and 30 more) - rebuilding
------------------------------------------------------------------------

[.]
  INCLUDED         _index.md  (sha256 173f40558b1b)
  INCLUDED         AIDE_Orchestration_Investigation_Findings.md  (sha256 33b558f610ab)
  INCLUDED         AIDE_Solution_Map.md  (sha256 f7260ab91b37)
  SKIPPED          AIDE_Board.html: matches exclude_files pattern "*_Board.html"
  SKIPPED          AIDE_Documentation_WIP_v30.md: matches exclude_files pattern "*_WIP_*"
  SKIPPED          AIDE_Orchestration_WIP_v1.md: matches exclude_files pattern "*_WIP_*"

[Assurance]
  INCLUDED         _index.md  (sha256 e931b42dcfcb)
  INCLUDED         AIDE_Assurance_Cases_Working_v1.md  (sha256 fa41200d451f)
  INCLUDED         Assurance_Decisions_v3.md  (sha256 da10aeeba9f4)
  INCLUDED         Assurance_Design_v3.md  (sha256 9590897a017b)
  INCLUDED         Assurance_Standard_v1.md  (sha256 16dcf04b00e1)

[Build]
  INCLUDED         _index.md  (sha256 9a75e5df84b4)
  INCLUDED         Build_Brief_v4.md  (sha256 d9717a0475c0)
  INCLUDED         Build_Decisions_v8.md  (sha256 f9a1ac65dfe3)
  INCLUDED         Build_Design_v8.md  (sha256 2987f32273f9)
  INCLUDED         Build_Overview_v6.md  (sha256 5fce6400bb23)

[Capabilities]
  INCLUDED         _index.md  (sha256 bd890d11e765)
  INCLUDED         Capabilities_Decisions_v3.md  (sha256 1a6b7650022e)
  INCLUDED         Capabilities_Design_v3.md  (sha256 67e6a18719ad)
  INCLUDED         Capabilities_Development_Standard_v2.md  (sha256 3826fbfa7e13)

[Core]
  INCLUDED         _index.md  (sha256 218f4527af49)
  INCLUDED         Core_AIDEMap.md  (sha256 d88d37be296a)
  INCLUDED         Core_AIDEPrinciples_Decisions_v1.md  (sha256 ca6507a444f0)
  INCLUDED         Core_AIDEPrinciples_Design_v1.md  (sha256 92c4e46ff807)
  INCLUDED         Core_Brief_v2.md  (sha256 23d1f1d1f622)
  INCLUDED         Core_Charter_v1.md  (sha256 394294a3a789)
  INCLUDED         Core_Decisions_v1.md  (sha256 2545fa050c39)
  INCLUDED         Core_Design_v6.md  (sha256 38a6c2ece528)
  INCLUDED         Core_Structure_Decisions_v2.md  (sha256 036083c7b766)
  INCLUDED         Core_Structure_Design_v2.md  (sha256 44b721ff071a)
  INCLUDED         Core_Structure_Standard_v1.md  (sha256 947cc4265841)
  INCLUDED         Core_Tags_Working_v1.md  (sha256 111c793579dd)

[Documentation Methodology]
  INCLUDED         _index.md  (sha256 65236d98d709)
  INCLUDED         DocMeth_Brief_v1.md  (sha256 60c5cf3f5d79)
  INCLUDED         DocMeth_Decisions_v7.md  (sha256 15daf15e27ef)
  INCLUDED         DocMeth_Design_v6.md  (sha256 8b5d6a24a5d7)
  INCLUDED         DocMeth_Working_v9.md  (sha256 952a2287d1d0)
  INCLUDED         DocumentationMethodology_SchemaAuthoring_Standard_v1.md  (sha256 37a837a65cb3)
  INCLUDED         DocumentationMethodology_SchemaDefinitions_Standard_v1.md  (sha256 8098d9714c57)
  INCLUDED         DocumentationMethodology_Standard_v1.md  (sha256 8301aa2a0395)

[Infrastructure]
  INCLUDED         _index.md  (sha256 7732b7fca4c2)
  INCLUDED         AIDE_Infrastructure_MCPDeliveryModel_v2.md  (sha256 709be4952c6b)
  INCLUDED         Infrastructure_CLI_Decisions_v1.md  (sha256 a9ceaa12461f)
  INCLUDED         Infrastructure_CLI_Design_v1.md  (sha256 acbe170e16bb)
  INCLUDED         Infrastructure_Working_v1.md  (sha256 80a5dc6e19e8)

[Infrastructure\binder-builder]
  INCLUDED         binder_builder_Documentation_settings.json  (sha256 b9b89306305b)
  INCLUDED         BinderBuilder_Design_v10.md  (sha256 518121d99d79)
  INCLUDED         README.md  (sha256 9c905047ab5a)

[Infrastructure\document-management]
  INCLUDED         _index.md  (sha256 e726f0298d82)
  INCLUDED         DocumentManagement_Brief_v3.md  (sha256 b83c1b37690f)
  INCLUDED         DocumentManagement_Decisions_v5.md  (sha256 295cba7a2055)
  INCLUDED         DocumentManagement_Design_v5.md  (sha256 a08d511b743f)

[Infrastructure\file-update-package]
  INCLUDED         file_update_package_settings.json  (sha256 15617061295c)
  INCLUDED         FileUpdatePackage_Design_v2.md  (sha256 76a4c37c468f)
  INCLUDED         README.md  (sha256 747bc371ff85)

[Infrastructure\version-cleanup]
  INCLUDED         README.md  (sha256 307a43363adb)
  INCLUDED         version_cleanup_settings.json  (sha256 c17e9142e485)
  INCLUDED         VersionCleanup_Design_v3.md  (sha256 c672be61d03a)

[Messaging]
  INCLUDED         _index.md  (sha256 24b02a283278)
  INCLUDED         Messaging_Brief_v1.md  (sha256 c1687d821833)
  INCLUDED         Messaging_Decisions_v4.md  (sha256 c6a0f75cba95)
  INCLUDED         Messaging_Design_v4.md  (sha256 48b767e284b0)
  INCLUDED         Messaging_Standard_v4.md  (sha256 39a0045e2403)
  INCLUDED         Messaging_Tool_v4.md  (sha256 c0a40ad3383d)

[Orchestration]
  INCLUDED         _index.md  (sha256 d4bf32394bbd)
  INCLUDED         AIDE_Orchestration_Decisions_v5.md  (sha256 98d336117a70)
  INCLUDED         AIDE_Orchestration_Design_v5.md  (sha256 5cb84235137a)
  INCLUDED         AIDE_Orchestration_UseCases_v2.md  (sha256 5d4ecab3a53d)

[Principles]
  INCLUDED         _index.md  (sha256 a2b316acd172)
  INCLUDED         Principles_Decisions_v5.md  (sha256 386c2fc6d73d)
  INCLUDED         Principles_Design_v5.md  (sha256 2fb814c2c175)
  INCLUDED         Principles_Standard_v2.md  (sha256 a2c5cf6f320d)

[Project Design]
  INCLUDED         _index.md  (sha256 7ba2f75cfec1)
  INCLUDED         ProjectDesign_Decisions_v3.md  (sha256 8e6fee73bdf9)
  INCLUDED         ProjectDesign_Design_v3.md  (sha256 2c4f60adb4f9)
  INCLUDED         ProjectDesign_Schema_Standard_v1.md  (sha256 23316ba5d013)
  INCLUDED         ProjectDesign_Standard_v5.md  (sha256 c035df4e8b17)

[Services]
  INCLUDED         _index.md  (sha256 b5326fa05926)
  INCLUDED         Services_Decisions_v3.md  (sha256 84e4ad8978d5)
  INCLUDED         Services_Design_v3.md  (sha256 25aaef0bf23f)
  INCLUDED         Services_Development_Standard_v2.md  (sha256 fd2f907dffd5)

[Standards]
  INCLUDED         _index.md  (sha256 04a94d82fe00)
  INCLUDED         Standards_Consumption_Standard_v5.md  (sha256 176c3b7c7e80)
  INCLUDED         Standards_Decisions_v6.md  (sha256 641c144f854f)
  INCLUDED         Standards_Design_v5.md  (sha256 4c2762050112)
  INCLUDED         Standards_Development_Standard_v2.md  (sha256 191ce82e9d67)
  INCLUDED         Standards_Working_v1.md  (sha256 ba94a61fa3ca)

[Tools]
  INCLUDED         _index.md  (sha256 81f4544dcee5)
  INCLUDED         Tools_Decisions_v9.md  (sha256 c292d93b8176)
  INCLUDED         Tools_Design_v8.md  (sha256 aecf422fe56a)
  INCLUDED         Tools_Development_Standard_v2.md  (sha256 cb76c95cfee1)

[Utilities]
  INCLUDED         _index.md  (sha256 cf88a5022544)
  INCLUDED         Utilities_Brief_v1.md  (sha256 400d07b676f2)
  INCLUDED         Utilities_Decisions_v2.md  (sha256 7113391e7c2b)
  INCLUDED         Utilities_Design_v3.md  (sha256 4bc8ca33bec1)
  INCLUDED         Utilities_Development_Standard_v2.md  (sha256 0f0c0436ed8d)

[Working Practices]
  INCLUDED         _index.md  (sha256 9f59ceebaaf4)
  INCLUDED         WorkingPractices_Standard_v2.md  (sha256 4819d41b184b)
  INCLUDED         WP_Brief_v2.md  (sha256 8033b884c2db)
  INCLUDED         WP_Capture_Working_v1.md  (sha256 c47c90767511)
  INCLUDED         WP_ContentDelivery_Working_v1.md  (sha256 388b8f4d4b72)
  INCLUDED         WP_Decisions_v4.md  (sha256 9957a8fb75f9)
  INCLUDED         WP_Design_v6.md  (sha256 da8923648608)
  INCLUDED         WP_WorkManagement_Working_v1.md  (sha256 122b3cd42cc8)

[Working Practices\Boards]
  INCLUDED         _index.md  (sha256 0ae0a05fb473)
  INCLUDED         WP_Boards_Decisions_v1.md  (sha256 33320d50ac48)
  INCLUDED         WP_Boards_Design_v1.md  (sha256 13384c9edecf)

[Working Practices\FileOps]
  INCLUDED         WP_FileOps_Working_v1.md  (sha256 6097d4250b37)

[_binder]
  DELETED          AIDE_Documentation_Binder_v141.md
  WRITTEN          AIDE_Documentation_Binder_v142.md  (118 files, 1297276 bytes)

[_rebuild]
  INCLUDED         AIDE_Component_PurposeLines_v2.md  (sha256 b1836489f28b)
  INCLUDED         AIDE_Rebuild_Guide_v1.md  (sha256 01ceb45e507b)
  INCLUDED         AIDE_Rebuild_Overview_v1.md  (sha256 5a65c44f5991)
  INCLUDED         AIDE_Rebuild_SettledDecisions_v1.md  (sha256 33593102e982)
  INCLUDED         Assurance_Brief_Sketch_v2.md  (sha256 1c61ea8c6846)
  INCLUDED         Build_Input_Working_v1.md  (sha256 1bb3513464e6)
  INCLUDED         deployment_plugin_working_v1.md  (sha256 87c99a1e5bf3)
  INCLUDED         ProjectDesign_Decisions_Pending_v1.md  (sha256 647aacf4c1ad)
  INCLUDED         ProjectDesign_Design_Pending_v1.md  (sha256 587bc4c6165f)
  INCLUDED         ProjectDesign_StandardInputs_Pending_v1.md  (sha256 710b74bb0958)
  INCLUDED         ProjectDesign_WorkRegister_Pending_v1.md  (sha256 638ebbfb6eef)
  INCLUDED         WP_Check1_Assessment_v1.md  (sha256 dba57b98ffda)
  INCLUDED         WP_CoreCarries_v2.md  (sha256 2f3ab75ce434)
  SKIPPED          AIDE_DesignApproach_WIP_v1.md: matches exclude_files pattern "*_WIP_*"
  SKIPPED          AIDE_Rebuild_WIP_v24.md: matches exclude_files pattern "*_WIP_*"

------------------------------------------------------------------------
Result: 118 included, 5 skipped, 1 written, 1 deleted
========================================================================

========================================================================
binder builder   2026-09-24 08:21:06   LIVE
binder:   AIDE_Documentation
root:     C:\Users\david\dev\repos\DigitalBusiness-AIDE\Documentation
settings: C:\Users\david\dev\repos\DigitalBusiness-AIDE\Documentation\_aide\utilities\binder-builder\binder_builder_AIDE_Documentation_settings.json
include:  ~/_rebuild
folders collected from: 23
change detection: AIDE_Documentation_Binder_v142.md: 1 added, 1 removed (Core/Core_Design_v8.md, Core/Core_Design_v6.md) - rebuilding
------------------------------------------------------------------------

[.]
  INCLUDED         _index.md  (sha256 173f40558b1b)
  INCLUDED         AIDE_Orchestration_Investigation_Findings.md  (sha256 33b558f610ab)
  INCLUDED         AIDE_Solution_Map.md  (sha256 f7260ab91b37)
  SKIPPED          AIDE_Board.html: matches exclude_files pattern "*_Board.html"
  SKIPPED          AIDE_Documentation_WIP_v30.md: matches exclude_files pattern "*_WIP_*"
  SKIPPED          AIDE_Orchestration_WIP_v1.md: matches exclude_files pattern "*_WIP_*"

[Assurance]
  INCLUDED         _index.md  (sha256 e931b42dcfcb)
  INCLUDED         AIDE_Assurance_Cases_Working_v1.md  (sha256 fa41200d451f)
  INCLUDED         Assurance_Decisions_v3.md  (sha256 da10aeeba9f4)
  INCLUDED         Assurance_Design_v3.md  (sha256 9590897a017b)
  INCLUDED         Assurance_Standard_v1.md  (sha256 16dcf04b00e1)

[Build]
  INCLUDED         _index.md  (sha256 9a75e5df84b4)
  INCLUDED         Build_Brief_v4.md  (sha256 d9717a0475c0)
  INCLUDED         Build_Decisions_v8.md  (sha256 f9a1ac65dfe3)
  INCLUDED         Build_Design_v8.md  (sha256 2987f32273f9)
  INCLUDED         Build_Overview_v6.md  (sha256 5fce6400bb23)

[Capabilities]
  INCLUDED         _index.md  (sha256 bd890d11e765)
  INCLUDED         Capabilities_Decisions_v3.md  (sha256 1a6b7650022e)
  INCLUDED         Capabilities_Design_v3.md  (sha256 67e6a18719ad)
  INCLUDED         Capabilities_Development_Standard_v2.md  (sha256 3826fbfa7e13)

[Core]
  INCLUDED         _index.md  (sha256 218f4527af49)
  INCLUDED         Core_AIDEMap.md  (sha256 d88d37be296a)
  INCLUDED         Core_AIDEPrinciples_Decisions_v1.md  (sha256 ca6507a444f0)
  INCLUDED         Core_AIDEPrinciples_Design_v1.md  (sha256 92c4e46ff807)
  INCLUDED         Core_Brief_v2.md  (sha256 23d1f1d1f622)
  INCLUDED         Core_Charter_v1.md  (sha256 394294a3a789)
  INCLUDED         Core_Decisions_v1.md  (sha256 2545fa050c39)
  INCLUDED         Core_Design_v8.md  (sha256 332cae0e0f71)
  INCLUDED         Core_Structure_Decisions_v2.md  (sha256 036083c7b766)
  INCLUDED         Core_Structure_Design_v2.md  (sha256 44b721ff071a)
  INCLUDED         Core_Structure_Standard_v1.md  (sha256 947cc4265841)
  INCLUDED         Core_Tags_Working_v1.md  (sha256 111c793579dd)

[Documentation Methodology]
  INCLUDED         _index.md  (sha256 65236d98d709)
  INCLUDED         DocMeth_Brief_v1.md  (sha256 60c5cf3f5d79)
  INCLUDED         DocMeth_Decisions_v7.md  (sha256 15daf15e27ef)
  INCLUDED         DocMeth_Design_v6.md  (sha256 8b5d6a24a5d7)
  INCLUDED         DocMeth_Working_v9.md  (sha256 952a2287d1d0)
  INCLUDED         DocumentationMethodology_SchemaAuthoring_Standard_v1.md  (sha256 37a837a65cb3)
  INCLUDED         DocumentationMethodology_SchemaDefinitions_Standard_v1.md  (sha256 8098d9714c57)
  INCLUDED         DocumentationMethodology_Standard_v1.md  (sha256 8301aa2a0395)

[Infrastructure]
  INCLUDED         _index.md  (sha256 7732b7fca4c2)
  INCLUDED         AIDE_Infrastructure_MCPDeliveryModel_v2.md  (sha256 709be4952c6b)
  INCLUDED         Infrastructure_CLI_Decisions_v1.md  (sha256 a9ceaa12461f)
  INCLUDED         Infrastructure_CLI_Design_v1.md  (sha256 acbe170e16bb)
  INCLUDED         Infrastructure_Working_v1.md  (sha256 80a5dc6e19e8)

[Infrastructure\binder-builder]
  INCLUDED         binder_builder_Documentation_settings.json  (sha256 b9b89306305b)
  INCLUDED         BinderBuilder_Design_v10.md  (sha256 518121d99d79)
  INCLUDED         README.md  (sha256 9c905047ab5a)

[Infrastructure\document-management]
  INCLUDED         _index.md  (sha256 e726f0298d82)
  INCLUDED         DocumentManagement_Brief_v3.md  (sha256 b83c1b37690f)
  INCLUDED         DocumentManagement_Decisions_v5.md  (sha256 295cba7a2055)
  INCLUDED         DocumentManagement_Design_v5.md  (sha256 a08d511b743f)

[Infrastructure\file-update-package]
  INCLUDED         file_update_package_settings.json  (sha256 15617061295c)
  INCLUDED         FileUpdatePackage_Design_v2.md  (sha256 76a4c37c468f)
  INCLUDED         README.md  (sha256 747bc371ff85)

[Infrastructure\version-cleanup]
  INCLUDED         README.md  (sha256 307a43363adb)
  INCLUDED         version_cleanup_settings.json  (sha256 c17e9142e485)
  INCLUDED         VersionCleanup_Design_v3.md  (sha256 c672be61d03a)

[Messaging]
  INCLUDED         _index.md  (sha256 24b02a283278)
  INCLUDED         Messaging_Brief_v1.md  (sha256 c1687d821833)
  INCLUDED         Messaging_Decisions_v4.md  (sha256 c6a0f75cba95)
  INCLUDED         Messaging_Design_v4.md  (sha256 48b767e284b0)
  INCLUDED         Messaging_Standard_v4.md  (sha256 39a0045e2403)
  INCLUDED         Messaging_Tool_v4.md  (sha256 c0a40ad3383d)

[Orchestration]
  INCLUDED         _index.md  (sha256 d4bf32394bbd)
  INCLUDED         AIDE_Orchestration_Decisions_v5.md  (sha256 98d336117a70)
  INCLUDED         AIDE_Orchestration_Design_v5.md  (sha256 5cb84235137a)
  INCLUDED         AIDE_Orchestration_UseCases_v2.md  (sha256 5d4ecab3a53d)

[Principles]
  INCLUDED         _index.md  (sha256 a2b316acd172)
  INCLUDED         Principles_Decisions_v5.md  (sha256 386c2fc6d73d)
  INCLUDED         Principles_Design_v5.md  (sha256 2fb814c2c175)
  INCLUDED         Principles_Standard_v2.md  (sha256 a2c5cf6f320d)

[Project Design]
  INCLUDED         _index.md  (sha256 7ba2f75cfec1)
  INCLUDED         ProjectDesign_Decisions_v3.md  (sha256 8e6fee73bdf9)
  INCLUDED         ProjectDesign_Design_v3.md  (sha256 2c4f60adb4f9)
  INCLUDED         ProjectDesign_Schema_Standard_v1.md  (sha256 23316ba5d013)
  INCLUDED         ProjectDesign_Standard_v5.md  (sha256 c035df4e8b17)

[Services]
  INCLUDED         _index.md  (sha256 b5326fa05926)
  INCLUDED         Services_Decisions_v3.md  (sha256 84e4ad8978d5)
  INCLUDED         Services_Design_v3.md  (sha256 25aaef0bf23f)
  INCLUDED         Services_Development_Standard_v2.md  (sha256 fd2f907dffd5)

[Standards]
  INCLUDED         _index.md  (sha256 04a94d82fe00)
  INCLUDED         Standards_Consumption_Standard_v5.md  (sha256 176c3b7c7e80)
  INCLUDED         Standards_Decisions_v6.md  (sha256 641c144f854f)
  INCLUDED         Standards_Design_v5.md  (sha256 4c2762050112)
  INCLUDED         Standards_Development_Standard_v2.md  (sha256 191ce82e9d67)
  INCLUDED         Standards_Working_v1.md  (sha256 ba94a61fa3ca)

[Tools]
  INCLUDED         _index.md  (sha256 81f4544dcee5)
  INCLUDED         Tools_Decisions_v9.md  (sha256 c292d93b8176)
  INCLUDED         Tools_Design_v8.md  (sha256 aecf422fe56a)
  INCLUDED         Tools_Development_Standard_v2.md  (sha256 cb76c95cfee1)

[Utilities]
  INCLUDED         _index.md  (sha256 cf88a5022544)
  INCLUDED         Utilities_Brief_v1.md  (sha256 400d07b676f2)
  INCLUDED         Utilities_Decisions_v2.md  (sha256 7113391e7c2b)
  INCLUDED         Utilities_Design_v3.md  (sha256 4bc8ca33bec1)
  INCLUDED         Utilities_Development_Standard_v2.md  (sha256 0f0c0436ed8d)

[Working Practices]
  INCLUDED         _index.md  (sha256 9f59ceebaaf4)
  INCLUDED         WorkingPractices_Standard_v2.md  (sha256 4819d41b184b)
  INCLUDED         WP_Brief_v2.md  (sha256 8033b884c2db)
  INCLUDED         WP_Capture_Working_v1.md  (sha256 c47c90767511)
  INCLUDED         WP_ContentDelivery_Working_v1.md  (sha256 388b8f4d4b72)
  INCLUDED         WP_Decisions_v4.md  (sha256 9957a8fb75f9)
  INCLUDED         WP_Design_v6.md  (sha256 da8923648608)
  INCLUDED         WP_WorkManagement_Working_v1.md  (sha256 122b3cd42cc8)

[Working Practices\Boards]
  INCLUDED         _index.md  (sha256 0ae0a05fb473)
  INCLUDED         WP_Boards_Decisions_v1.md  (sha256 33320d50ac48)
  INCLUDED         WP_Boards_Design_v1.md  (sha256 13384c9edecf)

[Working Practices\FileOps]
  INCLUDED         WP_FileOps_Working_v1.md  (sha256 6097d4250b37)

[_binder]
  DELETED          AIDE_Documentation_Binder_v142.md
  WRITTEN          AIDE_Documentation_Binder_v143.md  (118 files, 1298183 bytes)

[_rebuild]
  INCLUDED         AIDE_Component_PurposeLines_v2.md  (sha256 b1836489f28b)
  INCLUDED         AIDE_Rebuild_Guide_v1.md  (sha256 01ceb45e507b)
  INCLUDED         AIDE_Rebuild_Overview_v1.md  (sha256 5a65c44f5991)
  INCLUDED         AIDE_Rebuild_SettledDecisions_v1.md  (sha256 33593102e982)
  INCLUDED         Assurance_Brief_Sketch_v2.md  (sha256 1c61ea8c6846)
  INCLUDED         Build_Input_Working_v1.md  (sha256 1bb3513464e6)
  INCLUDED         deployment_plugin_working_v1.md  (sha256 87c99a1e5bf3)
  INCLUDED         ProjectDesign_Decisions_Pending_v1.md  (sha256 647aacf4c1ad)
  INCLUDED         ProjectDesign_Design_Pending_v1.md  (sha256 587bc4c6165f)
  INCLUDED         ProjectDesign_StandardInputs_Pending_v1.md  (sha256 710b74bb0958)
  INCLUDED         ProjectDesign_WorkRegister_Pending_v1.md  (sha256 638ebbfb6eef)
  INCLUDED         WP_Check1_Assessment_v1.md  (sha256 dba57b98ffda)
  INCLUDED         WP_CoreCarries_v2.md  (sha256 2f3ab75ce434)
  SKIPPED          AIDE_DesignApproach_WIP_v1.md: matches exclude_files pattern "*_WIP_*"
  SKIPPED          AIDE_Rebuild_WIP_v24.md: matches exclude_files pattern "*_WIP_*"

------------------------------------------------------------------------
Result: 118 included, 5 skipped, 1 written, 1 deleted
========================================================================

